Workbook
Name 作業リスト: '前日確定'!$B$26:$B$45
Name 船名リスト: OFFSET(マスター!$A$6,0,0,MAX(1,COUNTA(マスター!$A$6:$A$125)),1)
Name 会社リスト: OFFSET(マスター!$P$6,0,0,MAX(1,COUNTA(マスター!$P$6:$P$45)),1)
Name 基地港リスト: OFFSET(マスター!$U$6,0,0,MAX(1,COUNTA(マスター!$U$6:$U$25)),1)
Name 選択_確認状況: OFFSET(マスター!$X$6,0,0,MAX(1,COUNTA(マスター!$X$6:$X$25)),1)
Name 選択_照合: OFFSET(マスター!$Y$6,0,0,MAX(1,COUNTA(マスター!$Y$6:$Y$25)),1)
Name 選択_取消時点: OFFSET(マスター!$Z$6,0,0,MAX(1,COUNTA(マスター!$Z$6:$Z$25)),1)
Name 選択_理由: OFFSET(マスター!$AA$6,0,0,MAX(1,COUNTA(マスター!$AA$6:$AA$25)),1)
Name 選択_時間調整: OFFSET(マスター!$AB$6,0,0,MAX(1,COUNTA(マスター!$AB$6:$AB$25)),1)
Name 選択_呼出理由: OFFSET(マスター!$AC$6,0,0,MAX(1,COUNTA(マスター!$AC$6:$AC$25)),1)
Name 選択_作業内容: OFFSET(マスター!$AD$6,0,0,MAX(1,COUNTA(マスター!$AD$6:$AD$25)),1)
Name 選択_時刻基準: OFFSET(マスター!$AE$6,0,0,MAX(1,COUNTA(マスター!$AE$6:$AE$25)),1)
Name 選択_種類: OFFSET(マスター!$AF$6,0,0,MAX(1,COUNTA(マスター!$AF$6:$AF$25)),1)
Name 選択_時刻確認: OFFSET(マスター!$AG$6,0,0,MAX(1,COUNTA(マスター!$AG$6:$AG$25)),1)
Name 選択_会社区分: OFFSET(マスター!$AH$6,0,0,MAX(1,COUNTA(マスター!$AH$6:$AH$25)),1)
Name 選択_日確認: OFFSET(マスター!$AI$6,0,0,MAX(1,COUNTA(マスター!$AI$6:$AI$25)),1)

Sheet はじめに
B1: 八幡地区 常駐体制検証 入力試作 v01
B3: 目的 | C3: 製鉄曳船の3隻と4隻で対応の差を説明するための基礎データを集めます。この試作は、入力と集計のつながりを試すためのものです。4隻の必要性を証明するものではありません。
B4: 対象 | C4: 元帳R7年度のうち、同時3隻以上の候補日 2025年12月06日 の1日分（実績17行・9作業）。元帳の時刻は「候補・時刻要確認」です。
B5: 最初の操作 | C5: 下の青い文字を押すと、最初の入力欄（前日確定シートC7：根拠の予定表）へ移動します。
B6: 入力の順番 | C6: ①前日確定 → ②変更・キャンセル → ③入渠・他港作業・他社配置 → ④標準時間。船名や会社が選択肢にないときは、先にマスターへ追加します。
B7: 担当者 | C7: 前日確定・変更・キャンセル・製鉄曳船の入渠・八幡タグの標準時間：上田さん／西日本海運の他港作業・入渠・標準時間：西日本海運担当者／他社配置：分かる範囲で上田さん
B8: 色の意味 | C8: 薄い黄色＝入力する欄（見出しに【入力】）／薄い灰色＝自動表示（見出しに【自動】）。灰色の欄は入力しません。
B9: 選び方 | C9: 船名・会社・理由などはセルを選ぶと出る▼の一覧から選びます。○の欄は▼から○を選びます。ボタンやマクロは使っていません。
B10: 未確認の意味 | C10: 資料で確かめられていないことです。推測で埋めず「未確認」のまま残します。確認できたら「確認済み」に変えます。
B11: 再入力しない | C11: 本船名・タグ名・実績時刻は元帳から自動表示します。作業番号の入力は不要で、作業は▼の一覧から選びます。
B12: 前日確定と変更 | C12: 前日最終の予定は「前日確定」に入れ、変更があっても上書きしません。変更は「変更・キャンセル」に1回ごとに1行追加します。
B13: 実績のない取消し | C13: 予定表にあって元帳にない作業は、「前日確定」の下の空き行に本船名などを入れて追加し、「変更・キャンセル」で選んで取消しを入力します。
B14: 安瀬 | C14: 安瀬は若松との按分配船です。応援とは別に数えます（品名「支給炭」を安瀬候補として仮に表示。要確認）。
... B19: 色見本 | C19: 入力する欄【入力】
C20: 自動表示の欄【自動】
B22: シートの役割
B23: 実績 | C23: 元帳の取り込み（見るだけ）
B24: 前日確定 | C24: 前日最終の予定・予定タグ・翌日の出勤手配
B25: 変更・キャンセル | C25: 日ごとの変更確認、休船からの呼出、変更・取消しの記録
B26: 入渠 | C26: 作業に使えない期間
B27: 他港作業 | C27: 西日本海運の全他港作業
B28: 他社配置 | C28: 若松・関門等の他社の体制
B29: 標準時間 | C29: 基地発～基地着の見込み時間
B30: マスター | C30: 会社・船名・基地港・選択肢の追加
B31: 集計 | C31: 対比結果と不足情報（自動）

Sheet 実績
A1: 実績（元帳から自動表示・再入力しない）
A2: 誰が：全員が見るだけ 何を見て：元帳「作業実績R6.4～」シート「R7年度」 どこへ：入力欄はありません（休船からの呼出は「変更・キャンセル」で最初に対応した作業を選びます）
A3: 対象日 2025/12/06。時刻は元帳の「作業時間」で、基地発・基地着かは未確認のため「候補・時刻要確認」。集計先：「集計」「前日確定」「変更・キャンセル」
A5: 作業キー【自動】 | B5: 作業の表示名【自動】 | C5: 作業の先頭行【自動】 | D5: 作業日【自動】 | E5: 元帳の行番号【自動】 | F5: 元帳No【自動】 | G5: 本船名【自動】 | H5: G/T【自動】 | I5: 代理店（参考・会社判定に使わない）【自動】 | J5: 入出転【自動】 | K5: 六/部【自動】 | L5: バース【自動】 | M5: 品名【自動】 | N5: 予定時間（元帳・定義未確認）【自動】 | O5: 作業開始（元帳）【自動】 | P5: 作業終了（元帳）【自動】 | Q5: 終了が翌日【自動】 | R5: タグ（元帳の記号）【自動】 | S5: S列の記号（参考）【自動】 | T5: 備考1（元帳）【自動】 | U5: 取消しの記載【自動】 | V5: 時刻の扱い【自動】 | W5: 集計船名【自動】 | X5: 会社【自動】 | Y5: 会社区分【自動】 | Z5: 船名・会社の確認状況【自動】 | AA5: 船の種類【自動】 | AB5: 安瀬の扱い【自動】 | AC5: 開始（分）【自動】 | AD5: 終了（分）【自動】 | AE5: 同時稼働に含む【自動】 | AF5: 作業の開始（分）【自動】 | AG5: 作業の終了（分）【自動】 | AH5: 重複配船の警告【自動】
A6: 2025-12-06#01 | B6: 12/06 #01 07:30 入 GRAND MUSE（OT） | C6: ○ | D6: 45997 | E6: 2083 | F6: 20 | G6: GRAND MUSE | H6: 1137 | I6: 矢野 | J6: 入 | K6: 六 | L6: OT | M6: その他 | N6: 0.3125 | O6: 0.32291667 | P6: 0.38541667 | R6: P | V6: 候補・時刻要確認 | W6: =IFERROR(INDEX(マスター!$J$6:$J$125,MATCH(R6,マスター!$M$6:$M$125,0)),R6) | X6: =IFERROR(IF(INDEX(マスター!$C$6:$C$125,MATCH(R6,マスター!$M$6:$M$125,0))="","未確認",INDEX(マスター!$C$6:$C$125,MATCH(R6,マスター!$M$6:$M$125,0))),"マスター未登録") | Y6: =IFERROR(INDEX(マスター!$K$6:$K$125,MATCH(R6,マスター!$M$6:$M$125,0)),"マスター未登録") | Z6: =IFERROR(IF(INDEX(マスター!$I$6:$I$125,MATCH(R6,マスター!$M$6:$M$125,0))="","未確認",INDEX(マスター!$I$6:$I$125,MATCH(R6,マスター!$M$6:$M$125,0))),"マスター未登録") | AA6: =IFERROR(IF(INDEX(マスター!$D$6:$D$125,MATCH(R6,マスター!$M$6:$M$125,0))="","未確認",INDEX(マスター!$D$6:$D$125,MATCH(R6,マスター!$M$6:$M$125,0))),"マスター未登録") | AB6: =IF(M6="支給炭","安瀬候補（要確認）","") | AC6: =IF(OR(O6="",V6<>"候補・時刻要確認"),"",ROUND((D6-集計!$C$5)*1440+O6*1440,0)) | AD6: =IF(OR(P6="",V6<>"候補・時刻要確認"),"",ROUND((D6-集計!$C$5)*1440+P6*1440+IF(Q6="○",1440,0),0)) | AE6: =IF(AND(AC6<>"",AD6<>"",U6<>"○",AA6<>"通船・警戒船"),"○","") | AF6: =IF(C6<>"○","",IF(COUNTIFS($A$6:$A$505,A6,$AE$6:$AE$505,"○")=0,"",_xlfn.MINIFS($AC$6:$AC$505,$A$6:$A$505,A6,$AE$6:$AE$505,"○"))) | AG6: =IF(C6<>"○","",IF(COUNTIFS($A$6:$A$505,A6,$AE$6:$AE$505,"○")=0,"",_xlfn.MAXIFS($AD$6:$AD$505,$A$6:$A$505,A6,$AE$6:$AE$505,"○"))) | AH6: =IF(AE6<>"○","",IF(COUNTIFS($W$6:$W$505,W6,$AC$6:$AC$505,"<"&AD6,$AD$6:$AD$505,">"&AC6,$AE$6:$AE$505,"○")>1,"同じ船の時間が重なっています",""))
A7: 2025-12-06#02 | B7: 12/06 #02 07:30 入 RICH SEA（OD2） | C7: ○ | D7: 45997 | E7: 2084 | F7: 21 | G7: RICH SEA | H7: 4334 | I7: 矢野 | J7: 入 | K7: 六 | L7: OD2 | M7: その他 | N7: 0.3125 | O7: 0.32291667 | P7: 0.38541667 | R7: M | V7: 候補・時刻要確認 | W7: =IFERROR(INDEX(マスター!$J$6:$J$125,MATCH(R7,マスター!$M$6:$M$125,0)),R7) | X7: =IFERROR(IF(INDEX(マスター!$C$6:$C$125,MATCH(R7,マスター!$M$6:$M$125,0))="","未確認",INDEX(マスター!$C$6:$C$125,MATCH(R7,マスター!$M$6:$M$125,0))),"マスター未登録") | Y7: =IFERROR(INDEX(マスター!$K$6:$K$125,MATCH(R7,マスター!$M$6:$M$125,0)),"マスター未登録") | Z7: =IFERROR(IF(INDEX(マスター!$I$6:$I$125,MATCH(R7,マスター!$M$6:$M$125,0))="","未確認",INDEX(マスター!$I$6:$I$125,MATCH(R7,マスター!$M$6:$M$125,0))),"マスター未登録") | AA7: =IFERROR(IF(INDEX(マスター!$D$6:$D$125,MATCH(R7,マスター!$M$6:$M$125,0))="","未確認",INDEX(マスター!$D$6:$D$125,MATCH(R7,マスター!$M$6:$M$125,0))),"マスター未登録") | AB7: =IF(M7="支給炭","安瀬候補（要確認）","") | AC7: =IF(OR(O7="",V7<>"候補・時刻要確認"),"",ROUND((D7-集計!$C$5)*1440+O7*1440,0)) | AD7: =IF(OR(P7="",V7<>"候補・時刻要確認"),"",ROUND((D7-集計!$C$5)*1440+P7*1440+IF(Q7="○",1440,0),0)) | AE7: =IF(AND(AC7<>"",AD7<>"",U7<>"○",AA7<>"通船・警戒船"),"○","") | AF7: =IF(C7<>"○","",IF(COUNTIFS($A$6:$A$505,A7,$AE$6:$AE$505,"○")=0,"",_xlfn.MINIFS($AC$6:$AC$505,$A$6:$A$505,A7,$AE$6:$AE$505,"○"))) | AG7: =IF(C7<>"○","",IF(COUNTIFS($A$6:$A$505,A7,$AE$6:$AE$505,"○")=0,"",_xlfn.MAXIFS($AD$6:$AD$505,$A$6:$A$505,A7,$AE$6:$AE$505,"○"))) | AH7: =IF(AE7<>"○","",IF(COUNTIFS($W$6:$W$505,W7,$AC$6:$AC$505,"<"&AD7,$AD$6:$AD$505,">"&AC7,$AE$6:$AE$505,"○")>1,"同じ船の時間が重なっています",""))
A8: 2025-12-06#03 | B8: 12/06 #03 08:00 転 KAIROS TRIUMPH（N5-Y15） | C8: ○ | D8: 45997 | E8: 2085 | F8: 22 | G8: KAIROS TRIUMPH | H8: 7135 | I8: 日本製鉄 | J8: 転 | L8: N5-Y15 | M8: 鋼材 | N8: 0.33333333 | O8: 0.29166667 | P8: 0.35416667 | R8: T | V8: 候補・時刻要確認 | W8: =IFERROR(INDEX(マスター!$J$6:$J$125,MATCH(R8,マスター!$M$6:$M$125,0)),R8) | X8: =IFERROR(IF(INDEX(マスター!$C$6:$C$125,MATCH(R8,マスター!$M$6:$M$125,0))="","未確認",INDEX(マスター!$C$6:$C$125,MATCH(R8,マスター!$M$6:$M$125,0))),"マスター未登録") | Y8: =IFERROR(INDEX(マスター!$K$6:$K$125,MATCH(R8,マスター!$M$6:$M$125,0)),"マスター未登録") | Z8: =IFERROR(IF(INDEX(マスター!$I$6:$I$125,MATCH(R8,マスター!$M$6:$M$125,0))="","未確認",INDEX(マスター!$I$6:$I$125,MATCH(R8,マスター!$M$6:$M$125,0))),"マスター未登録") | AA8: =IFERROR(IF(INDEX(マスター!$D$6:$D$125,MATCH(R8,マスター!$M$6:$M$125,0))="","未確認",INDEX(マスター!$D$6:$D$125,MATCH(R8,マスター!$M$6:$M$125,0))),"マスター未登録") | AB8: =IF(M8="支給炭","安瀬候補（要確認）","") | AC8: =IF(OR(O8="",V8<>"候補・時刻要確認"),"",ROUND((D8-集計!$C$5)*1440+O8*1440,0)) | AD8: =IF(OR(P8="",V8<>"候補・時刻要確認"),"",ROUND((D8-集計!$C$5)*1440+P8*1440+IF(Q8="○",1440,0),0)) | AE8: =IF(AND(AC8<>"",AD8<>"",U8<>"○",AA8<>"通船・警戒船"),"○","") | AF8: =IF(C8<>"○","",IF(COUNTIFS($A$6:$A$505,A8,$AE$6:$AE$505,"○")=0,"",_xlfn.MINIFS($AC$6:$AC$505,$A$6:$A$505,A8,$AE$6:$AE$505,"○"))) | AG8: =IF(C8<>"○","",IF(COUNTIFS($A$6:$A$505,A8,$AE$6:$AE$505,"○")=0,"",_xlfn.MAXIFS($AD$6:$AD$505,$A$6:$A$505,A8,$AE$6:$AE$505,"○"))) | AH8: =IF(AE8<>"○","",IF(COUNTIFS($W$6:$W$505,W8,$AC$6:$AC$505,"<"&AD8,$AD$6:$AD$505,">"&AC8,$AE$6:$AE$505,"○")>1,"同じ船の時間が重なっています",""))
A9: 2025-12-06#03 | B9: 12/06 #03 08:00 転 KAIROS TRIUMPH（N5-Y15） | D9: 45997 | E9: 2086 | G9: KAIROS TRIUMPH | H9: 7135 | I9: 日本製鉄 | J9: 転 | L9: N5-Y15 | M9: 鋼材 | N9: 0.33333333 | O9: 0.29166667 | P9: 0.35416667 | R9: Y | V9: 候補・時刻要確認 | W9: =IFERROR(INDEX(マスター!$J$6:$J$125,MATCH(R9,マスター!$M$6:$M$125,0)),R9) | X9: =IFERROR(IF(INDEX(マスター!$C$6:$C$125,MATCH(R9,マスター!$M$6:$M$125,0))="","未確認",INDEX(マスター!$C$6:$C$125,MATCH(R9,マスター!$M$6:$M$125,0))),"マスター未登録") | Y9: =IFERROR(INDEX(マスター!$K$6:$K$125,MATCH(R9,マスター!$M$6:$M$125,0)),"マスター未登録") | Z9: =IFERROR(IF(INDEX(マスター!$I$6:$I$125,MATCH(R9,マスター!$M$6:$M$125,0))="","未確認",INDEX(マスター!$I$6:$I$125,MATCH(R9,マスター!$M$6:$M$125,0))),"マスター未登録") | AA9: =IFERROR(IF(INDEX(マスター!$D$6:$D$125,MATCH(R9,マスター!$M$6:$M$125,0))="","未確認",INDEX(マスター!$D$6:$D$125,MATCH(R9,マスター!$M$6:$M$125,0))),"マスター未登録") | AB9: =IF(M9="支給炭","安瀬候補（要確認）","") | AC9: =IF(OR(O9="",V9<>"候補・時刻要確認"),"",ROUND((D9-集計!$C$5)*1440+O9*1440,0)) | AD9: =IF(OR(P9="",V9<>"候補・時刻要確認"),"",ROUND((D9-集計!$C$5)*1440+P9*1440+IF(Q9="○",1440,0),0)) | AE9: =IF(AND(AC9<>"",AD9<>"",U9<>"○",AA9<>"通船・警戒船"),"○","") | AF9: =IF(C9<>"○","",IF(COUNTIFS($A$6:$A$505,A9,$AE$6:$AE$505,"○")=0,"",_xlfn.MINIFS($AC$6:$AC$505,$A$6:$A$505,A9,$AE$6:$AE$505,"○"))) | AG9: =IF(C9<>"○","",IF(COUNTIFS($A$6:$A$505,A9,$AE$6:$AE$505,"○")=0,"",_xlfn.MAXIFS($AD$6:$AD$505,$A$6:$A$505,A9,$AE$6:$AE$505,"○"))) | AH9: =IF(AE9<>"○","",IF(COUNTIFS($W$6:$W$505,W9,$AC$6:$AC$505,"<"&AD9,$AD$6:$AD$505,">"&AC9,$AE$6:$AE$505,"○")>1,"同じ船の時間が重なっています",""))
A10: 2025-12-06#04 | B10: 12/06 #04 08:00 入 FIRST AI（N5） | C10: ○ | D10: 45997 | E10: 2087 | F10: 23 | G10: FIRST AI | H10: 1501 | I10: 門港 | J10: 入 | K10: 六 | L10: N5 | M10: 鋼材 | N10: 0.33333333 | O10: 0.3125 | P10: 0.38888889 | R10: S | V10: 候補・時刻要確認 | W10: =IFERROR(INDEX(マスター!$J$6:$J$125,MATCH(R10,マスター!$M$6:$M$125,0)),R10) | X10: =IFERROR(IF(INDEX(マスター!$C$6:$C$125,MATCH(R10,マスター!$M$6:$M$125,0))="","未確認",INDEX(マスター!$C$6:$C$125,MATCH(R10,マスター!$M$6:$M$125,0))),"マスター未登録") | Y10: =IFERROR(INDEX(マスター!$K$6:$K$125,MATCH(R10,マスター!$M$6:$M$125,0)),"マスター未登録") | Z10: =IFERROR(IF(INDEX(マスター!$I$6:$I$125,MATCH(R10,マスター!$M$6:$M$125,0))="","未確認",INDEX(マスター!$I$6:$I$125,MATCH(R10,マスター!$M$6:$M$125,0))),"マスター未登録") | AA10: =IFERROR(IF(INDEX(マスター!$D$6:$D$125,MATCH(R10,マスター!$M$6:$M$125,0))="","未確認",INDEX(マスター!$D$6:$D$125,MATCH(R10,マスター!$M$6:$M$125,0))),"マスター未登録") | AB10: =IF(M10="支給炭","安瀬候補（要確認）","") | AC10: =IF(OR(O10="",V10<>"候補・時刻要確認"),"",ROUND((D10-集計!$C$5)*1440+O10*1440,0)) | AD10: =IF(OR(P10="",V10<>"候補・時刻要確認"),"",ROUND((D10-集計!$C$5)*1440+P10*1440+IF(Q10="○",1440,0),0)) | AE10: =IF(AND(AC10<>"",AD10<>"",U10<>"○",AA10<>"通船・警戒船"),"○","") | AF10: =IF(C10<>"○","",IF(COUNTIFS($A$6:$A$505,A10,$AE$6:$AE$505,"○")=0,"",_xlfn.MINIFS($AC$6:$AC$505,$A$6:$A$505,A10,$AE$6:$AE$505,"○"))) | AG10: =IF(C10<>"○","",IF(COUNTIFS($A$6:$A$505,A10,$AE$6:$AE$505,"○")=0,"",_xlfn.MAXIFS($AD$6:$AD$505,$A$6:$A$505,A10,$AE$6:$AE$505,"○"))) | AH10: =IF(AE10<>"○","",IF(COUNTIFS($W$6:$W$505,W10,$AC$6:$AC$505,"<"&AD10,$AD$6:$AD$505,">"&AC10,$AE$6:$AE$505,"○")>1,"同じ船の時間が重なっています",""))
A11: 2025-12-06#05 | B11: 12/06 #05 12:15 出 NEW NATION（N4） | C11: ○ | D11: 45997 | E11: 2088 | F11: 24 | G11: NEW NATION | H11: 25855 | I11: 東 | J11: 出 | L11: N4 | M11: 鋼材 | N11: 0.51041667 | O11: 0.46875 | P11: 0.52430556 | R11: 関 | S11: 西 | V11: 候補・時刻要確認 | W11: =IFERROR(INDEX(マスター!$J$6:$J$125,MATCH(R11,マスター!$M$6:$M$125,0)),R11) | X11: =IFERROR(IF(INDEX(マスター!$C$6:$C$125,MATCH(R11,マスター!$M$6:$M$125,0))="","未確認",INDEX(マスター!$C$6:$C$125,MATCH(R11,マスター!$M$6:$M$125,0))),"マスター未登録") | Y11: =IFERROR(INDEX(マスター!$K$6:$K$125,MATCH(R11,マスター!$M$6:$M$125,0)),"マスター未登録") | Z11: =IFERROR(IF(INDEX(マスター!$I$6:$I$125,MATCH(R11,マスター!$M$6:$M$125,0))="","未確認",INDEX(マスター!$I$6:$I$125,MATCH(R11,マスター!$M$6:$M$125,0))),"マスター未登録") | AA11: =IFERROR(IF(INDEX(マスター!$D$6:$D$125,MATCH(R11,マスター!$M$6:$M$125,0))="","未確認",INDEX(マスター!$D$6:$D$125,MATCH(R11,マスター!$M$6:$M$125,0))),"マスター未登録") | AB11: =IF(M11="支給炭","安瀬候補（要確認）","") | AC11: =IF(OR(O11="",V11<>"候補・時刻要確認"),"",ROUND((D11-集計!$C$5)*1440+O11*1440,0)) | AD11: =IF(OR(P11="",V11<>"候補・時刻要確認"),"",ROUND((D11-集計!$C$5)*1440+P11*1440+IF(Q11="○",1440,0),0)) | AE11: =IF(AND(AC11<>"",AD11<>"",U11<>"○",AA11<>"通船・警戒船"),"○","") | AF11: =IF(C11<>"○","",IF(COUNTIFS($A$6:$A$505,A11,$AE$6:$AE$505,"○")=0,"",_xlfn.MINIFS($AC$6:$AC$505,$A$6:$A$505,A11,$AE$6:$AE$505,"○"))) | AG11: =IF(C11<>"○","",IF(COUNTIFS($A$6:$A$505,A11,$AE$6:$AE$505,"○")=0,"",_xlfn.MAXIFS($AD$6:$AD$505,$A$6:$A$505,A11,$AE$6:$AE$505,"○"))) | AH11: =IF(AE11<>"○","",IF(COUNTIFS($W$6:$W$505,W11,$AC$6:$AC$505,"<"&AD11,$AD$6:$AD$505,">"&AC11,$AE$6:$AE$505,"○")>1,"同じ船の時間が重なっています",""))
A12: 2025-12-06#05 | B12: 12/06 #05 12:15 出 NEW NATION（N4） | D12: 45997 | E12: 2089 | G12: NEW NATION | H12: 25855 | I12: 東 | J12: 出 | L12: N4 | M12: 鋼材 | N12: 0.51041667 | O12: 0.46875 | P12: 0.52430556 | R12: 長 | S12: 西 | V12: 候補・時刻要確認 | W12: =IFERROR(INDEX(マスター!$J$6:$J$125,MATCH(R12,マスター!$M$6:$M$125,0)),R12) | X12: =IFERROR(IF(INDEX(マスター!$C$6:$C$125,MATCH(R12,マスター!$M$6:$M$125,0))="","未確認",INDEX(マスター!$C$6:$C$125,MATCH(R12,マスター!$M$6:$M$125,0))),"マスター未登録") | Y12: =IFERROR(INDEX(マスター!$K$6:$K$125,MATCH(R12,マスター!$M$6:$M$125,0)),"マスター未登録") | Z12: =IFERROR(IF(INDEX(マスター!$I$6:$I$125,MATCH(R12,マスター!$M$6:$M$125,0))="","未確認",INDEX(マスター!$I$6:$I$125,MATCH(R12,マスター!$M$6:$M$125,0))),"マスター未登録") | AA12: =IFERROR(IF(INDEX(マスター!$D$6:$D$125,MATCH(R12,マスター!$M$6:$M$125,0))="","未確認",INDEX(マスター!$D$6:$D$125,MATCH(R12,マスター!$M$6:$M$125,0))),"マスター未登録") | AB12: =IF(M12="支給炭","安瀬候補（要確認）","") | AC12: =IF(OR(O12="",V12<>"候補・時刻要確認"),"",ROUND((D12-集計!$C$5)*1440+O12*1440,0)) | AD12: =IF(OR(P12="",V12<>"候補・時刻要確認"),"",ROUND((D12-集計!$C$5)*1440+P12*1440+IF(Q12="○",1440,0),0)) | AE12: =IF(AND(AC12<>"",AD12<>"",U12<>"○",AA12<>"通船・警戒船"),"○","") | AF12: =IF(C12<>"○","",IF(COUNTIFS($A$6:$A$505,A12,$AE$6:$AE$505,"○")=0,"",_xlfn.MINIFS($AC$6:$AC$505,$A$6:$A$505,A12,$AE$6:$AE$505,"○"))) | AG12: =IF(C12<>"○","",IF(COUNTIFS($A$6:$A$505,A12,$AE$6:$AE$505,"○")=0,"",_xlfn.MAXIFS($AD$6:$AD$505,$A$6:$A$505,A12,$AE$6:$AE$505,"○"))) | AH12: =IF(AE12<>"○","",IF(COUNTIFS($W$6:$W$505,W12,$AC$6:$AC$505,"<"&AD12,$AD$6:$AD$505,">"&AC12,$AE$6:$AE$505,"○")>1,"同じ船の時間が重なっています",""))
A13: 2025-12-06#06 | B13: 12/06 #06 12:30 入 TEXAS HARMONY（N4） | C13: ○ | D13: 45997 | E13: 2090 | F13: 25 | G13: TEXAS HARMONY | H13: 24331 | I13: 東 | J13: 入 | K13: 六 | L13: N4 | M13: 鋼材 | N13: 0.52083333 | O13: 0.5 | P13: 0.58333333 | R13: 竜山 | S13: 矢 | V13: 候補・時刻要確認 | W13: =IFERROR(INDEX(マスター!$J$6:$J$125,MATCH(R13,マスター!$M$6:$M$125,0)),R13) | X13: =IFERROR(IF(INDEX(マスター!$C$6:$C$125,MATCH(R13,マスター!$M$6:$M$125,0))="","未確認",INDEX(マスター!$C$6:$C$125,MATCH(R13,マスター!$M$6:$M$125,0))),"マスター未登録") | Y13: =IFERROR(INDEX(マスター!$K$6:$K$125,MATCH(R13,マスター!$M$6:$M$125,0)),"マスター未登録") | Z13: =IFERROR(IF(INDEX(マスター!$I$6:$I$125,MATCH(R13,マスター!$M$6:$M$125,0))="","未確認",INDEX(マスター!$I$6:$I$125,MATCH(R13,マスター!$M$6:$M$125,0))),"マスター未登録") | AA13: =IFERROR(IF(INDEX(マスター!$D$6:$D$125,MATCH(R13,マスター!$M$6:$M$125,0))="","未確認",INDEX(マスター!$D$6:$D$125,MATCH(R13,マスター!$M$6:$M$125,0))),"マスター未登録") | AB13: =IF(M13="支給炭","安瀬候補（要確認）","") | AC13: =IF(OR(O13="",V13<>"候補・時刻要確認"),"",ROUND((D13-集計!$C$5)*1440+O13*1440,0)) | AD13: =IF(OR(P13="",V13<>"候補・時刻要確認"),"",ROUND((D13-集計!$C$5)*1440+P13*1440+IF(Q13="○",1440,0),0)) | AE13: =IF(AND(AC13<>"",AD13<>"",U13<>"○",AA13<>"通船・警戒船"),"○","") | AF13: =IF(C13<>"○","",IF(COUNTIFS($A$6:$A$505,A13,$AE$6:$AE$505,"○")=0,"",_xlfn.MINIFS($AC$6:$AC$505,$A$6:$A$505,A13,$AE$6:$AE$505,"○"))) | AG13: =IF(C13<>"○","",IF(COUNTIFS($A$6:$A$505,A13,$AE$6:$AE$505,"○")=0,"",_xlfn.MAXIFS($AD$6:$AD$505,$A$6:$A$505,A13,$AE$6:$AE$505,"○"))) | AH13: =IF(AE13<>"○","",IF(COUNTIFS($W$6:$W$505,W13,$AC$6:$AC$505,"<"&AD13,$AD$6:$AD$505,">"&AC13,$AE$6:$AE$505,"○")>1,"同じ船の時間が重なっています",""))
A14: 2025-12-06#06 | B14: 12/06 #06 12:30 入 TEXAS HARMONY（N4） | D14: 45997 | E14: 2091 | G14: TEXAS HARMONY | H14: 24331 | I14: 東 | J14: 入 | K14: 六 | L14: N4 | M14: 鋼材 | N14: 0.52083333 | O14: 0.5 | P14: 0.58333333 | R14: さくら | S14: 洞 | V14: 候補・時刻要確認 | W14: =IFERROR(INDEX(マスター!$J$6:$J$125,MATCH(R14,マスター!$M$6:$M$125,0)),R14) | X14: =IFERROR(IF(INDEX(マスター!$C$6:$C$125,MATCH(R14,マスター!$M$6:$M$125,0))="","未確認",INDEX(マスター!$C$6:$C$125,MATCH(R14,マスター!$M$6:$M$125,0))),"マスター未登録") | Y14: =IFERROR(INDEX(マスター!$K$6:$K$125,MATCH(R14,マスター!$M$6:$M$125,0)),"マスター未登録") | Z14: =IFERROR(IF(INDEX(マスター!$I$6:$I$125,MATCH(R14,マスター!$M$6:$M$125,0))="","未確認",INDEX(マスター!$I$6:$I$125,MATCH(R14,マスター!$M$6:$M$125,0))),"マスター未登録") | AA14: =IFERROR(IF(INDEX(マスター!$D$6:$D$125,MATCH(R14,マスター!$M$6:$M$125,0))="","未確認",INDEX(マスター!$D$6:$D$125,MATCH(R14,マスター!$M$6:$M$125,0))),"マスター未登録") | AB14: =IF(M14="支給炭","安瀬候補（要確認）","") | AC14: =IF(OR(O14="",V14<>"候補・時刻要確認"),"",ROUND((D14-集計!$C$5)*1440+O14*1440,0)) | AD14: =IF(OR(P14="",V14<>"候補・時刻要確認"),"",ROUND((D14-集計!$C$5)*1440+P14*1440+IF(Q14="○",1440,0),0)) | AE14: =IF(AND(AC14<>"",AD14<>"",U14<>"○",AA14<>"通船・警戒船"),"○","") | AF14: =IF(C14<>"○","",IF(COUNTIFS($A$6:$A$505,A14,$AE$6:$AE$505,"○")=0,"",_xlfn.MINIFS($AC$6:$AC$505,$A$6:$A$505,A14,$AE$6:$AE$505,"○"))) | AG14: =IF(C14<>"○","",IF(COUNTIFS($A$6:$A$505,A14,$AE$6:$AE$505,"○")=0,"",_xlfn.MAXIFS($AD$6:$AD$505,$A$6:$A$505,A14,$AE$6:$AE$505,"○"))) | AH14: =IF(AE14<>"○","",IF(COUNTIFS($W$6:$W$505,W14,$AC$6:$AC$505,"<"&AD14,$AD$6:$AD$505,">"&AC14,$AE$6:$AE$505,"○")>1,"同じ船の時間が重なっています",""))
A15: 2025-12-06#07 | B15: 12/06 #07 13:00 入 LNG MARS（ZL） | C15: ○ | D15: 45997 | E15: 2092 | F15: 26 | G15: LNG MARS | H15: 136710 | I15: GS | J15: 入 | K15: 六 | L15: ZL | M15: LNG | N15: 0.54166667 | O15: 0.45833333 | P15: 0.6875 | R15: S | V15: 候補・時刻要確認 | W15: =IFERROR(INDEX(マスター!$J$6:$J$125,MATCH(R15,マスター!$M$6:$M$125,0)),R15) | X15: =IFERROR(IF(INDEX(マスター!$C$6:$C$125,MATCH(R15,マスター!$M$6:$M$125,0))="","未確認",INDEX(マスター!$C$6:$C$125,MATCH(R15,マスター!$M$6:$M$125,0))),"マスター未登録") | Y15: =IFERROR(INDEX(マスター!$K$6:$K$125,MATCH(R15,マスター!$M$6:$M$125,0)),"マスター未登録") | Z15: =IFERROR(IF(INDEX(マスター!$I$6:$I$125,MATCH(R15,マスター!$M$6:$M$125,0))="","未確認",INDEX(マスター!$I$6:$I$125,MATCH(R15,マスター!$M$6:$M$125,0))),"マスター未登録") | AA15: =IFERROR(IF(INDEX(マスター!$D$6:$D$125,MATCH(R15,マスター!$M$6:$M$125,0))="","未確認",INDEX(マスター!$D$6:$D$125,MATCH(R15,マスター!$M$6:$M$125,0))),"マスター未登録") | AB15: =IF(M15="支給炭","安瀬候補（要確認）","") | AC15: =IF(OR(O15="",V15<>"候補・時刻要確認"),"",ROUND((D15-集計!$C$5)*1440+O15*1440,0)) | AD15: =IF(OR(P15="",V15<>"候補・時刻要確認"),"",ROUND((D15-集計!$C$5)*1440+P15*1440+IF(Q15="○",1440,0),0)) | AE15: =IF(AND(AC15<>"",AD15<>"",U15<>"○",AA15<>"通船・警戒船"),"○","") | AF15: =IF(C15<>"○","",IF(COUNTIFS($A$6:$A$505,A15,$AE$6:$AE$505,"○")=0,"",_xlfn.MINIFS($AC$6:$AC$505,$A$6:$A$505,A15,$AE$6:$AE$505,"○"))) | AG15: =IF(C15<>"○","",IF(COUNTIFS($A$6:$A$505,A15,$AE$6:$AE$505,"○")=0,"",_xlfn.MAXIFS($AD$6:$AD$505,$A$6:$A$505,A15,$AE$6:$AE$505,"○"))) | AH15: =IF(AE15<>"○","",IF(COUNTIFS($W$6:$W$505,W15,$AC$6:$AC$505,"<"&AD15,$AD$6:$AD$505,">"&AC15,$AE$6:$AE$505,"○")>1,"同じ船の時間が重なっています",""))
A16: 2025-12-06#07 | B16: 12/06 #07 13:00 入 LNG MARS（ZL） | D16: 45997 | E16: 2093 | G16: LNG MARS | H16: 136710 | I16: GS | J16: 入 | K16: 六 | L16: ZL | M16: LNG | N16: 0.54166667 | O16: 0.5 | P16: 0.6875 | R16: T | V16: 候補・時刻要確認 | W16: =IFERROR(INDEX(マスター!$J$6:$J$125,MATCH(R16,マスター!$M$6:$M$125,0)),R16) | X16: =IFERROR(IF(INDEX(マスター!$C$6:$C$125,MATCH(R16,マスター!$M$6:$M$125,0))="","未確認",INDEX(マスター!$C$6:$C$125,MATCH(R16,マスター!$M$6:$M$125,0))),"マスター未登録") | Y16: =IFERROR(INDEX(マスター!$K$6:$K$125,MATCH(R16,マスター!$M$6:$M$125,0)),"マスター未登録") | Z16: =IFERROR(IF(INDEX(マスター!$I$6:$I$125,MATCH(R16,マスター!$M$6:$M$125,0))="","未確認",INDEX(マスター!$I$6:$I$125,MATCH(R16,マスター!$M$6:$M$125,0))),"マスター未登録") | AA16: =IFERROR(IF(INDEX(マスター!$D$6:$D$125,MATCH(R16,マスター!$M$6:$M$125,0))="","未確認",INDEX(マスター!$D$6:$D$125,MATCH(R16,マスター!$M$6:$M$125,0))),"マスター未登録") | AB16: =IF(M16="支給炭","安瀬候補（要確認）","") | AC16: =IF(OR(O16="",V16<>"候補・時刻要確認"),"",ROUND((D16-集計!$C$5)*1440+O16*1440,0)) | AD16: =IF(OR(P16="",V16<>"候補・時刻要確認"),"",ROUND((D16-集計!$C$5)*1440+P16*1440+IF(Q16="○",1440,0),0)) | AE16: =IF(AND(AC16<>"",AD16<>"",U16<>"○",AA16<>"通船・警戒船"),"○","") | AF16: =IF(C16<>"○","",IF(COUNTIFS($A$6:$A$505,A16,$AE$6:$AE$505,"○")=0,"",_xlfn.MINIFS($AC$6:$AC$505,$A$6:$A$505,A16,$AE$6:$AE$505,"○"))) | AG16: =IF(C16<>"○","",IF(COUNTIFS($A$6:$A$505,A16,$AE$6:$AE$505,"○")=0,"",_xlfn.MAXIFS($AD$6:$AD$505,$A$6:$A$505,A16,$AE$6:$AE$505,"○"))) | AH16: =IF(AE16<>"○","",IF(COUNTIFS($W$6:$W$505,W16,$AC$6:$AC$505,"<"&AD16,$AD$6:$AD$505,">"&AC16,$AE$6:$AE$505,"○")>1,"同じ船の時間が重なっています",""))
A17: 2025-12-06#07 | B17: 12/06 #07 13:00 入 LNG MARS（ZL） | D17: 45997 | E17: 2094 | G17: LNG MARS | H17: 136710 | I17: GS | J17: 入 | K17: 六 | L17: ZL | M17: LNG | N17: 0.54166667 | O17: 0.5 | P17: 0.6875 | R17: M | V17: 候補・時刻要確認 | W17: =IFERROR(INDEX(マスター!$J$6:$J$125,MATCH(R17,マスター!$M$6:$M$125,0)),R17) | X17: =IFERROR(IF(INDEX(マスター!$C$6:$C$125,MATCH(R17,マスター!$M$6:$M$125,0))="","未確認",INDEX(マスター!$C$6:$C$125,MATCH(R17,マスター!$M$6:$M$125,0))),"マスター未登録") | Y17: =IFERROR(INDEX(マスター!$K$6:$K$125,MATCH(R17,マスター!$M$6:$M$125,0)),"マスター未登録") | Z17: =IFERROR(IF(INDEX(マスター!$I$6:$I$125,MATCH(R17,マスター!$M$6:$M$125,0))="","未確認",INDEX(マスター!$I$6:$I$125,MATCH(R17,マスター!$M$6:$M$125,0))),"マスター未登録") | AA17: =IFERROR(IF(INDEX(マスター!$D$6:$D$125,MATCH(R17,マスター!$M$6:$M$125,0))="","未確認",INDEX(マスター!$D$6:$D$125,MATCH(R17,マスター!$M$6:$M$125,0))),"マスター未登録") | AB17: =IF(M17="支給炭","安瀬候補（要確認）","") | AC17: =IF(OR(O17="",V17<>"候補・時刻要確認"),"",ROUND((D17-集計!$C$5)*1440+O17*1440,0)) | AD17: =IF(OR(P17="",V17<>"候補・時刻要確認"),"",ROUND((D17-集計!$C$5)*1440+P17*1440+IF(Q17="○",1440,0),0)) | AE17: =IF(AND(AC17<>"",AD17<>"",U17<>"○",AA17<>"通船・警戒船"),"○","") | AF17: =IF(C17<>"○","",IF(COUNTIFS($A$6:$A$505,A17,$AE$6:$AE$505,"○")=0,"",_xlfn.MINIFS($AC$6:$AC$505,$A$6:$A$505,A17,$AE$6:$AE$505,"○"))) | AG17: =IF(C17<>"○","",IF(COUNTIFS($A$6:$A$505,A17,$AE$6:$AE$505,"○")=0,"",_xlfn.MAXIFS($AD$6:$AD$505,$A$6:$A$505,A17,$AE$6:$AE$505,"○"))) | AH17: =IF(AE17<>"○","",IF(COUNTIFS($W$6:$W$505,W17,$AC$6:$AC$505,"<"&AD17,$AD$6:$AD$505,">"&AC17,$AE$6:$AE$505,"○")>1,"同じ船の時間が重なっています",""))
A18: 2025-12-06#07 | B18: 12/06 #07 13:00 入 LNG MARS（ZL） | D18: 45997 | E18: 2095 | G18: LNG MARS | H18: 136710 | I18: GS | J18: 入 | K18: 六 | L18: ZL | M18: LNG | N18: 0.54166667 | O18: 0.5 | P18: 0.6875 | R18: P | V18: 候補・時刻要確認 | W18: =IFERROR(INDEX(マスター!$J$6:$J$125,MATCH(R18,マスター!$M$6:$M$125,0)),R18) | X18: =IFERROR(IF(INDEX(マスター!$C$6:$C$125,MATCH(R18,マスター!$M$6:$M$125,0))="","未確認",INDEX(マスター!$C$6:$C$125,MATCH(R18,マスター!$M$6:$M$125,0))),"マスター未登録") | Y18: =IFERROR(INDEX(マスター!$K$6:$K$125,MATCH(R18,マスター!$M$6:$M$125,0)),"マスター未登録") | Z18: =IFERROR(IF(INDEX(マスター!$I$6:$I$125,MATCH(R18,マスター!$M$6:$M$125,0))="","未確認",INDEX(マスター!$I$6:$I$125,MATCH(R18,マスター!$M$6:$M$125,0))),"マスター未登録") | AA18: =IFERROR(IF(INDEX(マスター!$D$6:$D$125,MATCH(R18,マスター!$M$6:$M$125,0))="","未確認",INDEX(マスター!$D$6:$D$125,MATCH(R18,マスター!$M$6:$M$125,0))),"マスター未登録") | AB18: =IF(M18="支給炭","安瀬候補（要確認）","") | AC18: =IF(OR(O18="",V18<>"候補・時刻要確認"),"",ROUND((D18-集計!$C$5)*1440+O18*1440,0)) | AD18: =IF(OR(P18="",V18<>"候補・時刻要確認"),"",ROUND((D18-集計!$C$5)*1440+P18*1440+IF(Q18="○",1440,0),0)) | AE18: =IF(AND(AC18<>"",AD18<>"",U18<>"○",AA18<>"通船・警戒船"),"○","") | AF18: =IF(C18<>"○","",IF(COUNTIFS($A$6:$A$505,A18,$AE$6:$AE$505,"○")=0,"",_xlfn.MINIFS($AC$6:$AC$505,$A$6:$A$505,A18,$AE$6:$AE$505,"○"))) | AG18: =IF(C18<>"○","",IF(COUNTIFS($A$6:$A$505,A18,$AE$6:$AE$505,"○")=0,"",_xlfn.MAXIFS($AD$6:$AD$505,$A$6:$A$505,A18,$AE$6:$AE$505,"○"))) | AH18: =IF(AE18<>"○","",IF(COUNTIFS($W$6:$W$505,W18,$AC$6:$AC$505,"<"&AD18,$AD$6:$AD$505,">"&AC18,$AE$6:$AE$505,"○")>1,"同じ船の時間が重なっています",""))
A19: 2025-12-06#07 | B19: 12/06 #07 13:00 入 LNG MARS（ZL） | D19: 45997 | E19: 2096 | G19: LNG MARS | H19: 136710 | I19: GS | J19: 入 | K19: 六 | L19: ZL | M19: LNG | N19: 0.54166667 | O19: 0.56944444 | P19: 0.6875 | R19: Y | V19: 候補・時刻要確認 | W19: =IFERROR(INDEX(マスター!$J$6:$J$125,MATCH(R19,マスター!$M$6:$M$125,0)),R19) | X19: =IFERROR(IF(INDEX(マスター!$C$6:$C$125,MATCH(R19,マスター!$M$6:$M$125,0))="","未確認",INDEX(マスター!$C$6:$C$125,MATCH(R19,マスター!$M$6:$M$125,0))),"マスター未登録") | Y19: =IFERROR(INDEX(マスター!$K$6:$K$125,MATCH(R19,マスター!$M$6:$M$125,0)),"マスター未登録") | Z19: =IFERROR(IF(INDEX(マスター!$I$6:$I$125,MATCH(R19,マスター!$M$6:$M$125,0))="","未確認",INDEX(マスター!$I$6:$I$125,MATCH(R19,マスター!$M$6:$M$125,0))),"マスター未登録") | AA19: =IFERROR(IF(INDEX(マスター!$D$6:$D$125,MATCH(R19,マスター!$M$6:$M$125,0))="","未確認",INDEX(マスター!$D$6:$D$125,MATCH(R19,マスター!$M$6:$M$125,0))),"マスター未登録") | AB19: =IF(M19="支給炭","安瀬候補（要確認）","") | AC19: =IF(OR(O19="",V19<>"候補・時刻要確認"),"",ROUND((D19-集計!$C$5)*1440+O19*1440,0)) | AD19: =IF(OR(P19="",V19<>"候補・時刻要確認"),"",ROUND((D19-集計!$C$5)*1440+P19*1440+IF(Q19="○",1440,0),0)) | AE19: =IF(AND(AC19<>"",AD19<>"",U19<>"○",AA19<>"通船・警戒船"),"○","") | AF19: =IF(C19<>"○","",IF(COUNTIFS($A$6:$A$505,A19,$AE$6:$AE$505,"○")=0,"",_xlfn.MINIFS($AC$6:$AC$505,$A$6:$A$505,A19,$AE$6:$AE$505,"○"))) | AG19: =IF(C19<>"○","",IF(COUNTIFS($A$6:$A$505,A19,$AE$6:$AE$505,"○")=0,"",_xlfn.MAXIFS($AD$6:$AD$505,$A$6:$A$505,A19,$AE$6:$AE$505,"○"))) | AH19: =IF(AE19<>"○","",IF(COUNTIFS($W$6:$W$505,W19,$AC$6:$AC$505,"<"&AD19,$AD$6:$AD$505,">"&AC19,$AE$6:$AE$505,"○")>1,"同じ船の時間が重なっています",""))
A20: 2025-12-06#08 | B20: 12/06 #08 18:30 出 FIRST AI（N5） | C20: ○ | D20: 45997 | E20: 2097 | F20: 27 | G20: FIRST AI | H20: 1501 | I20: 門港 | J20: 出 | L20: N5 | M20: 鋼材 | N20: 0.77083333 | O20: 0.72916667 | P20: 0.78125 | R20: P | V20: 候補・時刻要確認 | W20: =IFERROR(INDEX(マスター!$J$6:$J$125,MATCH(R20,マスター!$M$6:$M$125,0)),R20) | X20: =IFERROR(IF(INDEX(マスター!$C$6:$C$125,MATCH(R20,マスター!$M$6:$M$125,0))="","未確認",INDEX(マスター!$C$6:$C$125,MATCH(R20,マスター!$M$6:$M$125,0))),"マスター未登録") | Y20: =IFERROR(INDEX(マスター!$K$6:$K$125,MATCH(R20,マスター!$M$6:$M$125,0)),"マスター未登録") | Z20: =IFERROR(IF(INDEX(マスター!$I$6:$I$125,MATCH(R20,マスター!$M$6:$M$125,0))="","未確認",INDEX(マスター!$I$6:$I$125,MATCH(R20,マスター!$M$6:$M$125,0))),"マスター未登録") | AA20: =IFERROR(IF(INDEX(マスター!$D$6:$D$125,MATCH(R20,マスター!$M$6:$M$125,0))="","未確認",INDEX(マスター!$D$6:$D$125,MATCH(R20,マスター!$M$6:$M$125,0))),"マスター未登録") | AB20: =IF(M20="支給炭","安瀬候補（要確認）","") | AC20: =IF(OR(O20="",V20<>"候補・時刻要確認"),"",ROUND((D20-集計!$C$5)*1440+O20*1440,0)) | AD20: =IF(OR(P20="",V20<>"候補・時刻要確認"),"",ROUND((D20-集計!$C$5)*1440+P20*1440+IF(Q20="○",1440,0),0)) | AE20: =IF(AND(AC20<>"",AD20<>"",U20<>"○",AA20<>"通船・警戒船"),"○","") | AF20: =IF(C20<>"○","",IF(COUNTIFS($A$6:$A$505,A20,$AE$6:$AE$505,"○")=0,"",_xlfn.MINIFS($AC$6:$AC$505,$A$6:$A$505,A20,$AE$6:$AE$505,"○"))) | AG20: =IF(C20<>"○","",IF(COUNTIFS($A$6:$A$505,A20,$AE$6:$AE$505,"○")=0,"",_xlfn.MAXIFS($AD$6:$AD$505,$A$6:$A$505,A20,$AE$6:$AE$505,"○"))) | AH20: =IF(AE20<>"○","",IF(COUNTIFS($W$6:$W$505,W20,$AC$6:$AC$505,"<"&AD20,$AD$6:$AD$505,">"&AC20,$AE$6:$AE$505,"○")>1,"同じ船の時間が重なっています",""))
A21: 2025-12-06#09 | B21: 12/06 #09 19:30 入 ZENITH AURORA（N5） | C21: ○ | D21: 45997 | E21: 2098 | F21: 28 | G21: ZENITH AURORA | H21: 4477 | I21: コスモ | J21: 入 | K21: 六 | L21: N5 | M21: 鋼材 | N21: 0.8125 | O21: 0.79166667 | P21: 0.87152778 | R21: T | V21: 候補・時刻要確認 | W21: =IFERROR(INDEX(マスター!$J$6:$J$125,MATCH(R21,マスター!$M$6:$M$125,0)),R21) | X21: =IFERROR(IF(INDEX(マスター!$C$6:$C$125,MATCH(R21,マスター!$M$6:$M$125,0))="","未確認",INDEX(マスター!$C$6:$C$125,MATCH(R21,マスター!$M$6:$M$125,0))),"マスター未登録") | Y21: =IFERROR(INDEX(マスター!$K$6:$K$125,MATCH(R21,マスター!$M$6:$M$125,0)),"マスター未登録") | Z21: =IFERROR(IF(INDEX(マスター!$I$6:$I$125,MATCH(R21,マスター!$M$6:$M$125,0))="","未確認",INDEX(マスター!$I$6:$I$125,MATCH(R21,マスター!$M$6:$M$125,0))),"マスター未登録") | AA21: =IFERROR(IF(INDEX(マスター!$D$6:$D$125,MATCH(R21,マスター!$M$6:$M$125,0))="","未確認",INDEX(マスター!$D$6:$D$125,MATCH(R21,マスター!$M$6:$M$125,0))),"マスター未登録") | AB21: =IF(M21="支給炭","安瀬候補（要確認）","") | AC21: =IF(OR(O21="",V21<>"候補・時刻要確認"),"",ROUND((D21-集計!$C$5)*1440+O21*1440,0)) | AD21: =IF(OR(P21="",V21<>"候補・時刻要確認"),"",ROUND((D21-集計!$C$5)*1440+P21*1440+IF(Q21="○",1440,0),0)) | AE21: =IF(AND(AC21<>"",AD21<>"",U21<>"○",AA21<>"通船・警戒船"),"○","") | AF21: =IF(C21<>"○","",IF(COUNTIFS($A$6:$A$505,A21,$AE$6:$AE$505,"○")=0,"",_xlfn.MINIFS($AC$6:$AC$505,$A$6:$A$505,A21,$AE$6:$AE$505,"○"))) | AG21: =IF(C21<>"○","",IF(COUNTIFS($A$6:$A$505,A21,$AE$6:$AE$505,"○")=0,"",_xlfn.MAXIFS($AD$6:$AD$505,$A$6:$A$505,A21,$AE$6:$AE$505,"○"))) | AH21: =IF(AE21<>"○","",IF(COUNTIFS($W$6:$W$505,W21,$AC$6:$AC$505,"<"&AD21,$AD$6:$AD$505,">"&AC21,$AE$6:$AE$505,"○")>1,"同じ船の時間が重なっています",""))
A22: 2025-12-06#09 | B22: 12/06 #09 19:30 入 ZENITH AURORA（N5） | D22: 45997 | E22: 2099 | G22: ZENITH AURORA | H22: 4477 | I22: コスモ | J22: 入 | K22: 六 | L22: N5 | M22: 鋼材 | N22: 0.8125 | O22: 0.79166667 | P22: 0.87152778 | R22: P | V22: 候補・時刻要確認 | W22: =IFERROR(INDEX(マスター!$J$6:$J$125,MATCH(R22,マスター!$M$6:$M$125,0)),R22) | X22: =IFERROR(IF(INDEX(マスター!$C$6:$C$125,MATCH(R22,マスター!$M$6:$M$125,0))="","未確認",INDEX(マスター!$C$6:$C$125,MATCH(R22,マスター!$M$6:$M$125,0))),"マスター未登録") | Y22: =IFERROR(INDEX(マスター!$K$6:$K$125,MATCH(R22,マスター!$M$6:$M$125,0)),"マスター未登録") | Z22: =IFERROR(IF(INDEX(マスター!$I$6:$I$125,MATCH(R22,マスター!$M$6:$M$125,0))="","未確認",INDEX(マスター!$I$6:$I$125,MATCH(R22,マスター!$M$6:$M$125,0))),"マスター未登録") | AA22: =IFERROR(IF(INDEX(マスター!$D$6:$D$125,MATCH(R22,マスター!$M$6:$M$125,0))="","未確認",INDEX(マスター!$D$6:$D$125,MATCH(R22,マスター!$M$6:$M$125,0))),"マスター未登録") | AB22: =IF(M22="支給炭","安瀬候補（要確認）","") | AC22: =IF(OR(O22="",V22<>"候補・時刻要確認"),"",ROUND((D22-集計!$C$5)*1440+O22*1440,0)) | AD22: =IF(OR(P22="",V22<>"候補・時刻要確認"),"",ROUND((D22-集計!$C$5)*1440+P22*1440+IF(Q22="○",1440,0),0)) | AE22: =IF(AND(AC22<>"",AD22<>"",U22<>"○",AA22<>"通船・警戒船"),"○","") | AF22: =IF(C22<>"○","",IF(COUNTIFS($A$6:$A$505,A22,$AE$6:$AE$505,"○")=0,"",_xlfn.MINIFS($AC$6:$AC$505,$A$6:$A$505,A22,$AE$6:$AE$505,"○"))) | AG22: =IF(C22<>"○","",IF(COUNTIFS($A$6:$A$505,A22,$AE$6:$AE$505,"○")=0,"",_xlfn.MAXIFS($AD$6:$AD$505,$A$6:$A$505,A22,$AE$6:$AE$505,"○"))) | AH22: =IF(AE22<>"○","",IF(COUNTIFS($W$6:$W$505,W22,$AC$6:$AC$505,"<"&AD22,$AD$6:$AD$505,">"&AC22,$AE$6:$AE$505,"○")>1,"同じ船の時間が重なっています",""))

Sheet 前日確定
A1: 前日確定（対象日の前日最終の予定表と翌日の出勤手配）
A2: 誰が：上田 何を見て：対象日の前日に翌日の出勤を手配した最終の作業予定表 どこへ：①C7～C10 ②出勤手配（B14～） ③作業ごとの予定（J列～T列）。予定表にあって実績にない作業は36行目以降の空き行へ追加
A3: 集計先：「集計」の予定・出勤手配、「変更・キャンセル」の変更前の時刻・タグ。ここに入れた前日最終の値は変更があっても上書きしません。
A5: ■ 対象日の予定表
A6: 対象日【自動】 | C6: =集計!$C$5
A7: 根拠の予定表（ファイル名・版）【入力】 | F7: ◀ 最初の入力はここ（対象日の前日最終の予定表のファイル名・版。2025年度分は本一式に含まれていないため、上田さんの照合で入力）
A8: 予定表の確定時点（日時）【入力】
A9: 照合した人【入力】
A10: 照合の状況【入力・選択】 | C10: 未確認
A12: ■ 翌日の出勤手配（対象日の前日に手配した船）
A13: No | B13: 船名【入力・選択】 | C13: 会社【自動】 | D13: 手配した日時【入力】 | E13: 情報元【入力】
A14: 1 | C14: =IF(B14="","",IFERROR(INDEX(マスター!$C$6:$C$125,MATCH(B14,マスター!$M$6:$M$125,0))&"","マスター未登録"))
A15: 2 | C15: =IF(B15="","",IFERROR(INDEX(マスター!$C$6:$C$125,MATCH(B15,マスター!$M$6:$M$125,0))&"","マスター未登録"))
A16: 3 | C16: =IF(B16="","",IFERROR(INDEX(マスター!$C$6:$C$125,MATCH(B16,マスター!$M$6:$M$125,0))&"","マスター未登録"))
A17: 4 | C17: =IF(B17="","",IFERROR(INDEX(マスター!$C$6:$C$125,MATCH(B17,マスター!$M$6:$M$125,0))&"","マスター未登録"))
A18: 5 | C18: =IF(B18="","",IFERROR(INDEX(マスター!$C$6:$C$125,MATCH(B18,マスター!$M$6:$M$125,0))&"","マスター未登録"))
A19: 6 | C19: =IF(B19="","",IFERROR(INDEX(マスター!$C$6:$C$125,MATCH(B19,マスター!$M$6:$M$125,0))&"","マスター未登録"))
A20: 7 | C20: =IF(B20="","",IFERROR(INDEX(マスター!$C$6:$C$125,MATCH(B20,マスター!$M$6:$M$125,0))&"","マスター未登録"))
A21: 8 | C21: =IF(B21="","",IFERROR(INDEX(マスター!$C$6:$C$125,MATCH(B21,マスター!$M$6:$M$125,0))&"","マスター未登録"))
A22: 出勤手配隻数【自動】 | C22: =IF(COUNTA(B14:B21)=0,0,SUMPRODUCT((B14:B21<>"")/COUNTIF(B14:B21,B14:B21&"")))
A24: ■ 作業ごとの前日最終予定（実績の作業は自動表示。予定表にだけある作業は下の空き行へ追加）
A25: 区分【自動】 | B25: 作業の表示名【自動】 | C25: 作業キー【自動】 | D25: 本船名【自動／予定のみは入力】 | E25: 入出転【自動／予定のみは入力】 | F25: バース【自動／予定のみは入力】 | G25: 実績のタグ（元帳）【自動】 | H25: 実績タグ数【自動】 | I25: 元帳の予定時間（参考・前日確定とは限らない）【自動】 | J25: 前日最終の予定時刻【入力】 | K25: 予定タグ①【入力・選択】 | L25: 予定タグ②【入力・選択】 | M25: 予定タグ③【入力・選択】 | N25: 予定タグ④【入力・選択】 | O25: 予定タグ⑤【入力・選択】 | P25: 予定タグ⑥【入力・選択】 | Q25: 予定タグ数【自動】 | R25: 予定タグ（まとめ）【自動】 | S25: 照合の状況【入力・選択】 | T25: 備考【入力】 | U25: 変更回数【自動】 | V25: 変更後の最終時刻【自動】 | W25: 取消し【自動】
A26: 実績あり | B26: 12/06 #01 07:30 入 GRAND MUSE（OT） | C26: 2025-12-06#01 | D26: GRAND MUSE | E26: 入 | F26: OT | G26: P | H26: =IF(C26="","",COUNTIF(実績!$A$6:$A$505,C26)) | I26: 0.3125 | Q26: =IF(C26="","",COUNTA(K26:P26)) | R26: =_xlfn.TEXTJOIN("・",TRUE,K26:P26) | S26: 未確認 | U26: =IF(C26="","",COUNTIF('変更・キャンセル'!$B$26:$B$85,C26)) | V26: =IF(OR(C26="",U26=0),"",INDEX('変更・キャンセル'!$AA$26:$AA$85,MATCH(C26&"#"&U26,'変更・キャンセル'!$Z$26:$Z$85,0))) | W26: =IF(C26="","",IF(COUNTIFS('変更・キャンセル'!$B$26:$B$85,C26,'変更・キャンセル'!$R$26:$R$85,"○")>0,"○",""))
A27: 実績あり | B27: 12/06 #02 07:30 入 RICH SEA（OD2） | C27: 2025-12-06#02 | D27: RICH SEA | E27: 入 | F27: OD2 | G27: M | H27: =IF(C27="","",COUNTIF(実績!$A$6:$A$505,C27)) | I27: 0.3125 | Q27: =IF(C27="","",COUNTA(K27:P27)) | R27: =_xlfn.TEXTJOIN("・",TRUE,K27:P27) | S27: 未確認 | U27: =IF(C27="","",COUNTIF('変更・キャンセル'!$B$26:$B$85,C27)) | V27: =IF(OR(C27="",U27=0),"",INDEX('変更・キャンセル'!$AA$26:$AA$85,MATCH(C27&"#"&U27,'変更・キャンセル'!$Z$26:$Z$85,0))) | W27: =IF(C27="","",IF(COUNTIFS('変更・キャンセル'!$B$26:$B$85,C27,'変更・キャンセル'!$R$26:$R$85,"○")>0,"○",""))
A28: 実績あり | B28: 12/06 #03 08:00 転 KAIROS TRIUMPH（N5-Y15） | C28: 2025-12-06#03 | D28: KAIROS TRIUMPH | E28: 転 | F28: N5-Y15 | G28: T・Y | H28: =IF(C28="","",COUNTIF(実績!$A$6:$A$505,C28)) | I28: 0.33333333 | Q28: =IF(C28="","",COUNTA(K28:P28)) | R28: =_xlfn.TEXTJOIN("・",TRUE,K28:P28) | S28: 未確認 | U28: =IF(C28="","",COUNTIF('変更・キャンセル'!$B$26:$B$85,C28)) | V28: =IF(OR(C28="",U28=0),"",INDEX('変更・キャンセル'!$AA$26:$AA$85,MATCH(C28&"#"&U28,'変更・キャンセル'!$Z$26:$Z$85,0))) | W28: =IF(C28="","",IF(COUNTIFS('変更・キャンセル'!$B$26:$B$85,C28,'変更・キャンセル'!$R$26:$R$85,"○")>0,"○",""))
A29: 実績あり | B29: 12/06 #04 08:00 入 FIRST AI（N5） | C29: 2025-12-06#04 | D29: FIRST AI | E29: 入 | F29: N5 | G29: S | H29: =IF(C29="","",COUNTIF(実績!$A$6:$A$505,C29)) | I29: 0.33333333 | Q29: =IF(C29="","",COUNTA(K29:P29)) | R29: =_xlfn.TEXTJOIN("・",TRUE,K29:P29) | S29: 未確認 | U29: =IF(C29="","",COUNTIF('変更・キャンセル'!$B$26:$B$85,C29)) | V29: =IF(OR(C29="",U29=0),"",INDEX('変更・キャンセル'!$AA$26:$AA$85,MATCH(C29&"#"&U29,'変更・キャンセル'!$Z$26:$Z$85,0))) | W29: =IF(C29="","",IF(COUNTIFS('変更・キャンセル'!$B$26:$B$85,C29,'変更・キャンセル'!$R$26:$R$85,"○")>0,"○",""))
A30: 実績あり | B30: 12/06 #05 12:15 出 NEW NATION（N4） | C30: 2025-12-06#05 | D30: NEW NATION | E30: 出 | F30: N4 | G30: 関・長 | H30: =IF(C30="","",COUNTIF(実績!$A$6:$A$505,C30)) | I30: 0.51041667 | Q30: =IF(C30="","",COUNTA(K30:P30)) | R30: =_xlfn.TEXTJOIN("・",TRUE,K30:P30) | S30: 未確認 | U30: =IF(C30="","",COUNTIF('変更・キャンセル'!$B$26:$B$85,C30)) | V30: =IF(OR(C30="",U30=0),"",INDEX('変更・キャンセル'!$AA$26:$AA$85,MATCH(C30&"#"&U30,'変更・キャンセル'!$Z$26:$Z$85,0))) | W30: =IF(C30="","",IF(COUNTIFS('変更・キャンセル'!$B$26:$B$85,C30,'変更・キャンセル'!$R$26:$R$85,"○")>0,"○",""))
A31: 実績あり | B31: 12/06 #06 12:30 入 TEXAS HARMONY（N4） | C31: 2025-12-06#06 | D31: TEXAS HARMONY | E31: 入 | F31: N4 | G31: 竜山・さくら | H31: =IF(C31="","",COUNTIF(実績!$A$6:$A$505,C31)) | I31: 0.52083333 | Q31: =IF(C31="","",COUNTA(K31:P31)) | R31: =_xlfn.TEXTJOIN("・",TRUE,K31:P31) | S31: 未確認 | U31: =IF(C31="","",COUNTIF('変更・キャンセル'!$B$26:$B$85,C31)) | V31: =IF(OR(C31="",U31=0),"",INDEX('変更・キャンセル'!$AA$26:$AA$85,MATCH(C31&"#"&U31,'変更・キャンセル'!$Z$26:$Z$85,0))) | W31: =IF(C31="","",IF(COUNTIFS('変更・キャンセル'!$B$26:$B$85,C31,'変更・キャンセル'!$R$26:$R$85,"○")>0,"○",""))
A32: 実績あり | B32: 12/06 #07 13:00 入 LNG MARS（ZL） | C32: 2025-12-06#07 | D32: LNG MARS | E32: 入 | F32: ZL | G32: S・T・M・P・Y | H32: =IF(C32="","",COUNTIF(実績!$A$6:$A$505,C32)) | I32: 0.54166667 | Q32: =IF(C32="","",COUNTA(K32:P32)) | R32: =_xlfn.TEXTJOIN("・",TRUE,K32:P32) | S32: 未確認 | U32: =IF(C32="","",COUNTIF('変更・キャンセル'!$B$26:$B$85,C32)) | V32: =IF(OR(C32="",U32=0),"",INDEX('変更・キャンセル'!$AA$26:$AA$85,MATCH(C32&"#"&U32,'変更・キャンセル'!$Z$26:$Z$85,0))) | W32: =IF(C32="","",IF(COUNTIFS('変更・キャンセル'!$B$26:$B$85,C32,'変更・キャンセル'!$R$26:$R$85,"○")>0,"○",""))
A33: 実績あり | B33: 12/06 #08 18:30 出 FIRST AI（N5） | C33: 2025-12-06#08 | D33: FIRST AI | E33: 出 | F33: N5 | G33: P | H33: =IF(C33="","",COUNTIF(実績!$A$6:$A$505,C33)) | I33: 0.77083333 | Q33: =IF(C33="","",COUNTA(K33:P33)) | R33: =_xlfn.TEXTJOIN("・",TRUE,K33:P33) | S33: 未確認 | U33: =IF(C33="","",COUNTIF('変更・キャンセル'!$B$26:$B$85,C33)) | V33: =IF(OR(C33="",U33=0),"",INDEX('変更・キャンセル'!$AA$26:$AA$85,MATCH(C33&"#"&U33,'変更・キャンセル'!$Z$26:$Z$85,0))) | W33: =IF(C33="","",IF(COUNTIFS('変更・キャンセル'!$B$26:$B$85,C33,'変更・キャンセル'!$R$26:$R$85,"○")>0,"○",""))
A34: 実績あり | B34: 12/06 #09 19:30 入 ZENITH AURORA（N5） | C34: 2025-12-06#09 | D34: ZENITH AURORA | E34: 入 | F34: N5 | G34: T・P | H34: =IF(C34="","",COUNTIF(実績!$A$6:$A$505,C34)) | I34: 0.8125 | Q34: =IF(C34="","",COUNTA(K34:P34)) | R34: =_xlfn.TEXTJOIN("・",TRUE,K34:P34) | S34: 未確認 | U34: =IF(C34="","",COUNTIF('変更・キャンセル'!$B$26:$B$85,C34)) | V34: =IF(OR(C34="",U34=0),"",INDEX('変更・キャンセル'!$AA$26:$AA$85,MATCH(C34&"#"&U34,'変更・キャンセル'!$Z$26:$Z$85,0))) | W34: =IF(C34="","",IF(COUNTIFS('変更・キャンセル'!$B$26:$B$85,C34,'変更・キャンセル'!$R$26:$R$85,"○")>0,"○","")) | X34: ▼ ここから下は予定表にだけある作業（実績のない取消し等）を追加する行
A35: =IF(D35="","","予定のみ") | B35: =IF(D35="","","12/06 予定のみ#01 "&IF(J35="","--:--",TEXT(J35,"hh:mm"))&" "&E35&" "&D35) | C35: =IF(D35="","","2025-12-06予定のみ#01") | G35: =IF(D35="","","（実績なし）") | H35: =IF(C35="","",COUNTIF(実績!$A$6:$A$505,C35)) | Q35: =IF(C35="","",COUNTA(K35:P35)) | R35: =_xlfn.TEXTJOIN("・",TRUE,K35:P35) | U35: =IF(C35="","",COUNTIF('変更・キャンセル'!$B$26:$B$85,C35)) | V35: =IF(OR(C35="",U35=0),"",INDEX('変更・キャンセル'!$AA$26:$AA$85,MATCH(C35&"#"&U35,'変更・キャンセル'!$Z$26:$Z$85,0))) | W35: =IF(C35="","",IF(COUNTIFS('変更・キャンセル'!$B$26:$B$85,C35,'変更・キャンセル'!$R$26:$R$85,"○")>0,"○",""))
A36: =IF(D36="","","予定のみ") | B36: =IF(D36="","","12/06 予定のみ#02 "&IF(J36="","--:--",TEXT(J36,"hh:mm"))&" "&E36&" "&D36) | C36: =IF(D36="","","2025-12-06予定のみ#02") | G36: =IF(D36="","","（実績なし）") | H36: =IF(C36="","",COUNTIF(実績!$A$6:$A$505,C36)) | Q36: =IF(C36="","",COUNTA(K36:P36)) | R36: =_xlfn.TEXTJOIN("・",TRUE,K36:P36) | U36: =IF(C36="","",COUNTIF('変更・キャンセル'!$B$26:$B$85,C36)) | V36: =IF(OR(C36="",U36=0),"",INDEX('変更・キャンセル'!$AA$26:$AA$85,MATCH(C36&"#"&U36,'変更・キャンセル'!$Z$26:$Z$85,0))) | W36: =IF(C36="","",IF(COUNTIFS('変更・キャンセル'!$B$26:$B$85,C36,'変更・キャンセル'!$R$26:$R$85,"○")>0,"○",""))
A37: =IF(D37="","","予定のみ") | B37: =IF(D37="","","12/06 予定のみ#03 "&IF(J37="","--:--",TEXT(J37,"hh:mm"))&" "&E37&" "&D37) | C37: =IF(D37="","","2025-12-06予定のみ#03") | G37: =IF(D37="","","（実績なし）") | H37: =IF(C37="","",COUNTIF(実績!$A$6:$A$505,C37)) | Q37: =IF(C37="","",COUNTA(K37:P37)) | R37: =_xlfn.TEXTJOIN("・",TRUE,K37:P37) | U37: =IF(C37="","",COUNTIF('変更・キャンセル'!$B$26:$B$85,C37)) | V37: =IF(OR(C37="",U37=0),"",INDEX('変更・キャンセル'!$AA$26:$AA$85,MATCH(C37&"#"&U37,'変更・キャンセル'!$Z$26:$Z$85,0))) | W37: =IF(C37="","",IF(COUNTIFS('変更・キャンセル'!$B$26:$B$85,C37,'変更・キャンセル'!$R$26:$R$85,"○")>0,"○",""))
A38: =IF(D38="","","予定のみ") | B38: =IF(D38="","","12/06 予定のみ#04 "&IF(J38="","--:--",TEXT(J38,"hh:mm"))&" "&E38&" "&D38) | C38: =IF(D38="","","2025-12-06予定のみ#04") | G38: =IF(D38="","","（実績なし）") | H38: =IF(C38="","",COUNTIF(実績!$A$6:$A$505,C38)) | Q38: =IF(C38="","",COUNTA(K38:P38)) | R38: =_xlfn.TEXTJOIN("・",TRUE,K38:P38) | U38: =IF(C38="","",COUNTIF('変更・キャンセル'!$B$26:$B$85,C38)) | V38: =IF(OR(C38="",U38=0),"",INDEX('変更・キャンセル'!$AA$26:$AA$85,MATCH(C38&"#"&U38,'変更・キャンセル'!$Z$26:$Z$85,0))) | W38: =IF(C38="","",IF(COUNTIFS('変更・キャンセル'!$B$26:$B$85,C38,'変更・キャンセル'!$R$26:$R$85,"○")>0,"○",""))
A39: =IF(D39="","","予定のみ") | B39: =IF(D39="","","12/06 予定のみ#05 "&IF(J39="","--:--",TEXT(J39,"hh:mm"))&" "&E39&" "&D39) | C39: =IF(D39="","","2025-12-06予定のみ#05") | G39: =IF(D39="","","（実績なし）") | H39: =IF(C39="","",COUNTIF(実績!$A$6:$A$505,C39)) | Q39: =IF(C39="","",COUNTA(K39:P39)) | R39: =_xlfn.TEXTJOIN("・",TRUE,K39:P39) | U39: =IF(C39="","",COUNTIF('変更・キャンセル'!$B$26:$B$85,C39)) | V39: =IF(OR(C39="",U39=0),"",INDEX('変更・キャンセル'!$AA$26:$AA$85,MATCH(C39&"#"&U39,'変更・キャンセル'!$Z$26:$Z$85,0))) | W39: =IF(C39="","",IF(COUNTIFS('変更・キャンセル'!$B$26:$B$85,C39,'変更・キャンセル'!$R$26:$R$85,"○")>0,"○",""))
A40: =IF(D40="","","予定のみ") | B40: =IF(D40="","","12/06 予定のみ#06 "&IF(J40="","--:--",TEXT(J40,"hh:mm"))&" "&E40&" "&D40) | C40: =IF(D40="","","2025-12-06予定のみ#06") | G40: =IF(D40="","","（実績なし）") | H40: =IF(C40="","",COUNTIF(実績!$A$6:$A$505,C40)) | Q40: =IF(C40="","",COUNTA(K40:P40)) | R40: =_xlfn.TEXTJOIN("・",TRUE,K40:P40) | U40: =IF(C40="","",COUNTIF('変更・キャンセル'!$B$26:$B$85,C40)) | V40: =IF(OR(C40="",U40=0),"",INDEX('変更・キャンセル'!$AA$26:$AA$85,MATCH(C40&"#"&U40,'変更・キャンセル'!$Z$26:$Z$85,0))) | W40: =IF(C40="","",IF(COUNTIFS('変更・キャンセル'!$B$26:$B$85,C40,'変更・キャンセル'!$R$26:$R$85,"○")>0,"○",""))
A41: =IF(D41="","","予定のみ") | B41: =IF(D41="","","12/06 予定のみ#07 "&IF(J41="","--:--",TEXT(J41,"hh:mm"))&" "&E41&" "&D41) | C41: =IF(D41="","","2025-12-06予定のみ#07") | G41: =IF(D41="","","（実績なし）") | H41: =IF(C41="","",COUNTIF(実績!$A$6:$A$505,C41)) | Q41: =IF(C41="","",COUNTA(K41:P41)) | R41: =_xlfn.TEXTJOIN("・",TRUE,K41:P41) | U41: =IF(C41="","",COUNTIF('変更・キャンセル'!$B$26:$B$85,C41)) | V41: =IF(OR(C41="",U41=0),"",INDEX('変更・キャンセル'!$AA$26:$AA$85,MATCH(C41&"#"&U41,'変更・キャンセル'!$Z$26:$Z$85,0))) | W41: =IF(C41="","",IF(COUNTIFS('変更・キャンセル'!$B$26:$B$85,C41,'変更・キャンセル'!$R$26:$R$85,"○")>0,"○",""))
A42: =IF(D42="","","予定のみ") | B42: =IF(D42="","","12/06 予定のみ#08 "&IF(J42="","--:--",TEXT(J42,"hh:mm"))&" "&E42&" "&D42) | C42: =IF(D42="","","2025-12-06予定のみ#08") | G42: =IF(D42="","","（実績なし）") | H42: =IF(C42="","",COUNTIF(実績!$A$6:$A$505,C42)) | Q42: =IF(C42="","",COUNTA(K42:P42)) | R42: =_xlfn.TEXTJOIN("・",TRUE,K42:P42) | U42: =IF(C42="","",COUNTIF('変更・キャンセル'!$B$26:$B$85,C42)) | V42: =IF(OR(C42="",U42=0),"",INDEX('変更・キャンセル'!$AA$26:$AA$85,MATCH(C42&"#"&U42,'変更・キャンセル'!$Z$26:$Z$85,0))) | W42: =IF(C42="","",IF(COUNTIFS('変更・キャンセル'!$B$26:$B$85,C42,'変更・キャンセル'!$R$26:$R$85,"○")>0,"○",""))
A43: =IF(D43="","","予定のみ") | B43: =IF(D43="","","12/06 予定のみ#09 "&IF(J43="","--:--",TEXT(J43,"hh:mm"))&" "&E43&" "&D43) | C43: =IF(D43="","","2025-12-06予定のみ#09") | G43: =IF(D43="","","（実績なし）") | H43: =IF(C43="","",COUNTIF(実績!$A$6:$A$505,C43)) | Q43: =IF(C43="","",COUNTA(K43:P43)) | R43: =_xlfn.TEXTJOIN("・",TRUE,K43:P43) | U43: =IF(C43="","",COUNTIF('変更・キャンセル'!$B$26:$B$85,C43)) | V43: =IF(OR(C43="",U43=0),"",INDEX('変更・キャンセル'!$AA$26:$AA$85,MATCH(C43&"#"&U43,'変更・キャンセル'!$Z$26:$Z$85,0))) | W43: =IF(C43="","",IF(COUNTIFS('変更・キャンセル'!$B$26:$B$85,C43,'変更・キャンセル'!$R$26:$R$85,"○")>0,"○",""))
A44: =IF(D44="","","予定のみ") | B44: =IF(D44="","","12/06 予定のみ#10 "&IF(J44="","--:--",TEXT(J44,"hh:mm"))&" "&E44&" "&D44) | C44: =IF(D44="","","2025-12-06予定のみ#10") | G44: =IF(D44="","","（実績なし）") | H44: =IF(C44="","",COUNTIF(実績!$A$6:$A$505,C44)) | Q44: =IF(C44="","",COUNTA(K44:P44)) | R44: =_xlfn.TEXTJOIN("・",TRUE,K44:P44) | U44: =IF(C44="","",COUNTIF('変更・キャンセル'!$B$26:$B$85,C44)) | V44: =IF(OR(C44="",U44=0),"",INDEX('変更・キャンセル'!$AA$26:$AA$85,MATCH(C44&"#"&U44,'変更・キャンセル'!$Z$26:$Z$85,0))) | W44: =IF(C44="","",IF(COUNTIFS('変更・キャンセル'!$B$26:$B$85,C44,'変更・キャンセル'!$R$26:$R$85,"○")>0,"○",""))
A45: =IF(D45="","","予定のみ") | B45: =IF(D45="","","12/06 予定のみ#11 "&IF(J45="","--:--",TEXT(J45,"hh:mm"))&" "&E45&" "&D45) | C45: =IF(D45="","","2025-12-06予定のみ#11") | G45: =IF(D45="","","（実績なし）") | H45: =IF(C45="","",COUNTIF(実績!$A$6:$A$505,C45)) | Q45: =IF(C45="","",COUNTA(K45:P45)) | R45: =_xlfn.TEXTJOIN("・",TRUE,K45:P45) | U45: =IF(C45="","",COUNTIF('変更・キャンセル'!$B$26:$B$85,C45)) | V45: =IF(OR(C45="",U45=0),"",INDEX('変更・キャンセル'!$AA$26:$AA$85,MATCH(C45&"#"&U45,'変更・キャンセル'!$Z$26:$Z$85,0))) | W45: =IF(C45="","",IF(COUNTIFS('変更・キャンセル'!$B$26:$B$85,C45,'変更・キャンセル'!$R$26:$R$85,"○")>0,"○",""))

Sheet 変更・キャンセル
A1: 変更・キャンセル（全作業。1回の変更を1行。前日確定は上書きしない）
A2: 誰が：上田 何を見て：当日の変更連絡・変更分の予定表・配船記録 どこへ：①日ごとの確認（A7～）②休船からの呼出（A15～）③変更の記録（A26～で作業を選ぶ）。実績3隻未満の日・全船休航の日も①へ入力
A3: 集計先：「前日確定」の変更回数・最終時刻・取消し、「集計」の変更・取消し・呼出。実績のない取消しは「前日確定」の下の空き行へ作業を追加してから選びます。
A5: ■ 日ごとの変更確認（変更なしと確認できた日と未確認の日を区別）
A6: 日付【入力】 | B6: その日の変更確認【入力・選択】 | C6: 全船休航【入力・○】 | D6: 実績の最大同時稼働（候補）【自動】 | E6: 情報元【入力】 | F6: 確認者【入力】
A7: 45997 | B7: 未確認 | D7: =IF(A7="","",IF(A7=集計!$C$5,集計!$C$14,"この試作では対象日のみ計算"))
D8: =IF(A8="","",IF(A8=集計!$C$5,集計!$C$14,"この試作では対象日のみ計算"))
D9: =IF(A9="","",IF(A9=集計!$C$5,集計!$C$14,"この試作では対象日のみ計算"))
D10: =IF(A10="","",IF(A10=集計!$C$5,集計!$C$14,"この試作では対象日のみ計算"))
D11: =IF(A11="","",IF(A11=集計!$C$5,集計!$C$14,"この試作では対象日のみ計算"))
A13: ■ 休船からの呼出（製鉄曳船・西日本海運。1隻ごとに1行。同じ船の同じ呼出は1回と数える）
A14: 呼出した船【入力・選択】 | B14: 会社【自動】 | C14: 呼出日時【入力】 | D14: 最初に対応した作業【入力・選択】 | E14: 呼出の理由【入力・選択】 | F14: 情報元【入力】 | G14: 確認状況【入力・選択】 | H14: 同一呼出の判定【自動】 | I14: 対象会社の判定【自動】
B15: =IF(A15="","",IFERROR(INDEX(マスター!$C$6:$C$125,MATCH(A15,マスター!$M$6:$M$125,0))&"","マスター未登録")) | H15: =IF(A15="","",IF(COUNTIFS(A$15:A15,A15,C$15:C15,C15)>1,"同一呼出（1回と数える）","")) | I15: =IF(A15="","",IF(OR(B15="製鉄曳船",B15="西日本海運"),"","製鉄曳船・西日本海運以外の船です"))
B16: =IF(A16="","",IFERROR(INDEX(マスター!$C$6:$C$125,MATCH(A16,マスター!$M$6:$M$125,0))&"","マスター未登録")) | H16: =IF(A16="","",IF(COUNTIFS(A$15:A16,A16,C$15:C16,C16)>1,"同一呼出（1回と数える）","")) | I16: =IF(A16="","",IF(OR(B16="製鉄曳船",B16="西日本海運"),"","製鉄曳船・西日本海運以外の船です"))
B17: =IF(A17="","",IFERROR(INDEX(マスター!$C$6:$C$125,MATCH(A17,マスター!$M$6:$M$125,0))&"","マスター未登録")) | H17: =IF(A17="","",IF(COUNTIFS(A$15:A17,A17,C$15:C17,C17)>1,"同一呼出（1回と数える）","")) | I17: =IF(A17="","",IF(OR(B17="製鉄曳船",B17="西日本海運"),"","製鉄曳船・西日本海運以外の船です"))
B18: =IF(A18="","",IFERROR(INDEX(マスター!$C$6:$C$125,MATCH(A18,マスター!$M$6:$M$125,0))&"","マスター未登録")) | H18: =IF(A18="","",IF(COUNTIFS(A$15:A18,A18,C$15:C18,C18)>1,"同一呼出（1回と数える）","")) | I18: =IF(A18="","",IF(OR(B18="製鉄曳船",B18="西日本海運"),"","製鉄曳船・西日本海運以外の船です"))
B19: =IF(A19="","",IFERROR(INDEX(マスター!$C$6:$C$125,MATCH(A19,マスター!$M$6:$M$125,0))&"","マスター未登録")) | H19: =IF(A19="","",IF(COUNTIFS(A$15:A19,A19,C$15:C19,C19)>1,"同一呼出（1回と数える）","")) | I19: =IF(A19="","",IF(OR(B19="製鉄曳船",B19="西日本海運"),"","製鉄曳船・西日本海運以外の船です"))
B20: =IF(A20="","",IFERROR(INDEX(マスター!$C$6:$C$125,MATCH(A20,マスター!$M$6:$M$125,0))&"","マスター未登録")) | H20: =IF(A20="","",IF(COUNTIFS(A$15:A20,A20,C$15:C20,C20)>1,"同一呼出（1回と数える）","")) | I20: =IF(A20="","",IF(OR(B20="製鉄曳船",B20="西日本海運"),"","製鉄曳船・西日本海運以外の船です"))
B21: =IF(A21="","",IFERROR(INDEX(マスター!$C$6:$C$125,MATCH(A21,マスター!$M$6:$M$125,0))&"","マスター未登録")) | H21: =IF(A21="","",IF(COUNTIFS(A$15:A21,A21,C$15:C21,C21)>1,"同一呼出（1回と数える）","")) | I21: =IF(A21="","",IF(OR(B21="製鉄曳船",B21="西日本海運"),"","製鉄曳船・西日本海運以外の船です"))
B22: =IF(A22="","",IFERROR(INDEX(マスター!$C$6:$C$125,MATCH(A22,マスター!$M$6:$M$125,0))&"","マスター未登録")) | H22: =IF(A22="","",IF(COUNTIFS(A$15:A22,A22,C$15:C22,C22)>1,"同一呼出（1回と数える）","")) | I22: =IF(A22="","",IF(OR(B22="製鉄曳船",B22="西日本海運"),"","製鉄曳船・西日本海運以外の船です"))
A24: ■ 変更・キャンセルの記録（作業を選ぶと本船名・前日確定・変更前が自動表示。2回目以降の変更も同じ作業を選んで行を追加）
A25: 作業の選択【入力・選択】 | B25: 作業キー【自動】 | C25: 本船名【自動】 | D25: 何回目の変更【自動】 | E25: 前日確定の時刻【自動】 | F25: 前日確定のタグ【自動】 | G25: 連絡日時【入力】 | H25: 連絡元【入力】 | I25: 変更前の時刻【自動】 | J25: 変更後の時刻【入力】 | K25: 変更前のタグ【自動】 | L25: 変更後のタグ①【入力・選択】 | M25: 変更後のタグ②【入力・選択】 | N25: 変更後のタグ③【入力・選択】 | O25: 変更後のタグ④【入力・選択】 | P25: 変更後のタグ⑤【入力・選択】 | Q25: 変更後のタグ⑥【入力・選択】 | R25: 取消し【入力・○】 | S25: 取消しの時点【入力・選択】 | T25: 理由【入力・選択】 | U25: 理由の詳細【入力】 | V25: 時間調整【入力・選択】 | W25: 時間調整の内容【入力】 | X25: 情報元【入力】 | Y25: 確認者【入力】 | Z25: 照合キー【自動】 | AA25: 変更後の時刻（有効）【自動】 | AB25: 変更後のタグ（有効）【自動】 | AC25: 前回の照合キー【自動】
B26: =IF(A26="","",IFERROR(INDEX('前日確定'!$C$26:$C$45,MATCH(A26,'前日確定'!$B$26:$B$45,0)),"作業が見つかりません")) | C26: =IF(A26="","",IFERROR(INDEX('前日確定'!$D$26:$D$45,MATCH(A26,'前日確定'!$B$26:$B$45,0)),"")) | D26: =IF(B26="","",COUNTIF(B$26:B26,B26)) | E26: =IF(A26="","",IFERROR(IF(INDEX('前日確定'!$J$26:$J$45,MATCH(A26,'前日確定'!$B$26:$B$45,0))="","",INDEX('前日確定'!$J$26:$J$45,MATCH(A26,'前日確定'!$B$26:$B$45,0))),"")) | F26: =IF(A26="","",IFERROR(INDEX('前日確定'!$R$26:$R$45,MATCH(A26,'前日確定'!$B$26:$B$45,0)),"")) | I26: =IF(A26="","",E26) | K26: =IF(A26="","",F26) | Z26: =IF(B26="","",B26&"#"&D26) | AA26: =IF(A26="","",IF(J26="",I26,J26)) | AB26: =IF(A26="","",IF(COUNTA(L26:Q26)=0,K26,_xlfn.TEXTJOIN("・",TRUE,L26:Q26))) | AC26: =IF(B26="","",B26&"#"&(D26-1))
B27: =IF(A27="","",IFERROR(INDEX('前日確定'!$C$26:$C$45,MATCH(A27,'前日確定'!$B$26:$B$45,0)),"作業が見つかりません")) | C27: =IF(A27="","",IFERROR(INDEX('前日確定'!$D$26:$D$45,MATCH(A27,'前日確定'!$B$26:$B$45,0)),"")) | D27: =IF(B27="","",COUNTIF(B$26:B27,B27)) | E27: =IF(A27="","",IFERROR(IF(INDEX('前日確定'!$J$26:$J$45,MATCH(A27,'前日確定'!$B$26:$B$45,0))="","",INDEX('前日確定'!$J$26:$J$45,MATCH(A27,'前日確定'!$B$26:$B$45,0))),"")) | F27: =IF(A27="","",IFERROR(INDEX('前日確定'!$R$26:$R$45,MATCH(A27,'前日確定'!$B$26:$B$45,0)),"")) | I27: =IF(A27="","",IF(D27=1,E27,IFERROR(INDEX($AA$26:$AA$26,MATCH(AC27,$Z$26:$Z$26,0)),""))) | K27: =IF(A27="","",IF(D27=1,F27,IFERROR(INDEX($AB$26:$AB$26,MATCH(AC27,$Z$26:$Z$26,0)),""))) | Z27: =IF(B27="","",B27&"#"&D27) | AA27: =IF(A27="","",IF(J27="",I27,J27)) | AB27: =IF(A27="","",IF(COUNTA(L27:Q27)=0,K27,_xlfn.TEXTJOIN("・",TRUE,L27:Q27))) | AC27: =IF(B27="","",B27&"#"&(D27-1))
B28: =IF(A28="","",IFERROR(INDEX('前日確定'!$C$26:$C$45,MATCH(A28,'前日確定'!$B$26:$B$45,0)),"作業が見つかりません")) | C28: =IF(A28="","",IFERROR(INDEX('前日確定'!$D$26:$D$45,MATCH(A28,'前日確定'!$B$26:$B$45,0)),"")) | D28: =IF(B28="","",COUNTIF(B$26:B28,B28)) | E28: =IF(A28="","",IFERROR(IF(INDEX('前日確定'!$J$26:$J$45,MATCH(A28,'前日確定'!$B$26:$B$45,0))="","",INDEX('前日確定'!$J$26:$J$45,MATCH(A28,'前日確定'!$B$26:$B$45,0))),"")) | F28: =IF(A28="","",IFERROR(INDEX('前日確定'!$R$26:$R$45,MATCH(A28,'前日確定'!$B$26:$B$45,0)),"")) | I28: =IF(A28="","",IF(D28=1,E28,IFERROR(INDEX($AA$26:$AA$27,MATCH(AC28,$Z$26:$Z$27,0)),""))) | K28: =IF(A28="","",IF(D28=1,F28,IFERROR(INDEX($AB$26:$AB$27,MATCH(AC28,$Z$26:$Z$27,0)),""))) | Z28: =IF(B28="","",B28&"#"&D28) | AA28: =IF(A28="","",IF(J28="",I28,J28)) | AB28: =IF(A28="","",IF(COUNTA(L28:Q28)=0,K28,_xlfn.TEXTJOIN("・",TRUE,L28:Q28))) | AC28: =IF(B28="","",B28&"#"&(D28-1))
B29: =IF(A29="","",IFERROR(INDEX('前日確定'!$C$26:$C$45,MATCH(A29,'前日確定'!$B$26:$B$45,0)),"作業が見つかりません")) | C29: =IF(A29="","",IFERROR(INDEX('前日確定'!$D$26:$D$45,MATCH(A29,'前日確定'!$B$26:$B$45,0)),"")) | D29: =IF(B29="","",COUNTIF(B$26:B29,B29)) | E29: =IF(A29="","",IFERROR(IF(INDEX('前日確定'!$J$26:$J$45,MATCH(A29,'前日確定'!$B$26:$B$45,0))="","",INDEX('前日確定'!$J$26:$J$45,MATCH(A29,'前日確定'!$B$26:$B$45,0))),"")) | F29: =IF(A29="","",IFERROR(INDEX('前日確定'!$R$26:$R$45,MATCH(A29,'前日確定'!$B$26:$B$45,0)),"")) | I29: =IF(A29="","",IF(D29=1,E29,IFERROR(INDEX($AA$26:$AA$28,MATCH(AC29,$Z$26:$Z$28,0)),""))) | K29: =IF(A29="","",IF(D29=1,F29,IFERROR(INDEX($AB$26:$AB$28,MATCH(AC29,$Z$26:$Z$28,0)),""))) | Z29: =IF(B29="","",B29&"#"&D29) | AA29: =IF(A29="","",IF(J29="",I29,J29)) | AB29: =IF(A29="","",IF(COUNTA(L29:Q29)=0,K29,_xlfn.TEXTJOIN("・",TRUE,L29:Q29))) | AC29: =IF(B29="","",B29&"#"&(D29-1))
B30: =IF(A30="","",IFERROR(INDEX('前日確定'!$C$26:$C$45,MATCH(A30,'前日確定'!$B$26:$B$45,0)),"作業が見つかりません")) | C30: =IF(A30="","",IFERROR(INDEX('前日確定'!$D$26:$D$45,MATCH(A30,'前日確定'!$B$26:$B$45,0)),"")) | D30: =IF(B30="","",COUNTIF(B$26:B30,B30)) | E30: =IF(A30="","",IFERROR(IF(INDEX('前日確定'!$J$26:$J$45,MATCH(A30,'前日確定'!$B$26:$B$45,0))="","",INDEX('前日確定'!$J$26:$J$45,MATCH(A30,'前日確定'!$B$26:$B$45,0))),"")) | F30: =IF(A30="","",IFERROR(INDEX('前日確定'!$R$26:$R$45,MATCH(A30,'前日確定'!$B$26:$B$45,0)),"")) | I30: =IF(A30="","",IF(D30=1,E30,IFERROR(INDEX($AA$26:$AA$29,MATCH(AC30,$Z$26:$Z$29,0)),""))) | K30: =IF(A30="","",IF(D30=1,F30,IFERROR(INDEX($AB$26:$AB$29,MATCH(AC30,$Z$26:$Z$29,0)),""))) | Z30: =IF(B30="","",B30&"#"&D30) | AA30: =IF(A30="","",IF(J30="",I30,J30)) | AB30: =IF(A30="","",IF(COUNTA(L30:Q30)=0,K30,_xlfn.TEXTJOIN("・",TRUE,L30:Q30))) | AC30: =IF(B30="","",B30&"#"&(D30-1))
B31: =IF(A31="","",IFERROR(INDEX('前日確定'!$C$26:$C$45,MATCH(A31,'前日確定'!$B$26:$B$45,0)),"作業が見つかりません")) | C31: =IF(A31="","",IFERROR(INDEX('前日確定'!$D$26:$D$45,MATCH(A31,'前日確定'!$B$26:$B$45,0)),"")) | D31: =IF(B31="","",COUNTIF(B$26:B31,B31)) | E31: =IF(A31="","",IFERROR(IF(INDEX('前日確定'!$J$26:$J$45,MATCH(A31,'前日確定'!$B$26:$B$45,0))="","",INDEX('前日確定'!$J$26:$J$45,MATCH(A31,'前日確定'!$B$26:$B$45,0))),"")) | F31: =IF(A31="","",IFERROR(INDEX('前日確定'!$R$26:$R$45,MATCH(A31,'前日確定'!$B$26:$B$45,0)),"")) | I31: =IF(A31="","",IF(D31=1,E31,IFERROR(INDEX($AA$26:$AA$30,MATCH(AC31,$Z$26:$Z$30,0)),""))) | K31: =IF(A31="","",IF(D31=1,F31,IFERROR(INDEX($AB$26:$AB$30,MATCH(AC31,$Z$26:$Z$30,0)),""))) | Z31: =IF(B31="","",B31&"#"&D31) | AA31: =IF(A31="","",IF(J31="",I31,J31)) | AB31: =IF(A31="","",IF(COUNTA(L31:Q31)=0,K31,_xlfn.TEXTJOIN("・",TRUE,L31:Q31))) | AC31: =IF(B31="","",B31&"#"&(D31-1))
B32: =IF(A32="","",IFERROR(INDEX('前日確定'!$C$26:$C$45,MATCH(A32,'前日確定'!$B$26:$B$45,0)),"作業が見つかりません")) | C32: =IF(A32="","",IFERROR(INDEX('前日確定'!$D$26:$D$45,MATCH(A32,'前日確定'!$B$26:$B$45,0)),"")) | D32: =IF(B32="","",COUNTIF(B$26:B32,B32)) | E32: =IF(A32="","",IFERROR(IF(INDEX('前日確定'!$J$26:$J$45,MATCH(A32,'前日確定'!$B$26:$B$45,0))="","",INDEX('前日確定'!$J$26:$J$45,MATCH(A32,'前日確定'!$B$26:$B$45,0))),"")) | F32: =IF(A32="","",IFERROR(INDEX('前日確定'!$R$26:$R$45,MATCH(A32,'前日確定'!$B$26:$B$45,0)),"")) | I32: =IF(A32="","",IF(D32=1,E32,IFERROR(INDEX($AA$26:$AA$31,MATCH(AC32,$Z$26:$Z$31,0)),""))) | K32: =IF(A32="","",IF(D32=1,F32,IFERROR(INDEX($AB$26:$AB$31,MATCH(AC32,$Z$26:$Z$31,0)),""))) | Z32: =IF(B32="","",B32&"#"&D32) | AA32: =IF(A32="","",IF(J32="",I32,J32)) | AB32: =IF(A32="","",IF(COUNTA(L32:Q32)=0,K32,_xlfn.TEXTJOIN("・",TRUE,L32:Q32))) | AC32: =IF(B32="","",B32&"#"&(D32-1))
B33: =IF(A33="","",IFERROR(INDEX('前日確定'!$C$26:$C$45,MATCH(A33,'前日確定'!$B$26:$B$45,0)),"作業が見つかりません")) | C33: =IF(A33="","",IFERROR(INDEX('前日確定'!$D$26:$D$45,MATCH(A33,'前日確定'!$B$26:$B$45,0)),"")) | D33: =IF(B33="","",COUNTIF(B$26:B33,B33)) | E33: =IF(A33="","",IFERROR(IF(INDEX('前日確定'!$J$26:$J$45,MATCH(A33,'前日確定'!$B$26:$B$45,0))="","",INDEX('前日確定'!$J$26:$J$45,MATCH(A33,'前日確定'!$B$26:$B$45,0))),"")) | F33: =IF(A33="","",IFERROR(INDEX('前日確定'!$R$26:$R$45,MATCH(A33,'前日確定'!$B$26:$B$45,0)),"")) | I33: =IF(A33="","",IF(D33=1,E33,IFERROR(INDEX($AA$26:$AA$32,MATCH(AC33,$Z$26:$Z$32,0)),""))) | K33: =IF(A33="","",IF(D33=1,F33,IFERROR(INDEX($AB$26:$AB$32,MATCH(AC33,$Z$26:$Z$32,0)),""))) | Z33: =IF(B33="","",B33&"#"&D33) | AA33: =IF(A33="","",IF(J33="",I33,J33)) | AB33: =IF(A33="","",IF(COUNTA(L33:Q33)=0,K33,_xlfn.TEXTJOIN("・",TRUE,L33:Q33))) | AC33: =IF(B33="","",B33&"#"&(D33-1))
B34: =IF(A34="","",IFERROR(INDEX('前日確定'!$C$26:$C$45,MATCH(A34,'前日確定'!$B$26:$B$45,0)),"作業が見つかりません")) | C34: =IF(A34="","",IFERROR(INDEX('前日確定'!$D$26:$D$45,MATCH(A34,'前日確定'!$B$26:$B$45,0)),"")) | D34: =IF(B34="","",COUNTIF(B$26:B34,B34)) | E34: =IF(A34="","",IFERROR(IF(INDEX('前日確定'!$J$26:$J$45,MATCH(A34,'前日確定'!$B$26:$B$45,0))="","",INDEX('前日確定'!$J$26:$J$45,MATCH(A34,'前日確定'!$B$26:$B$45,0))),"")) | F34: =IF(A34="","",IFERROR(INDEX('前日確定'!$R$26:$R$45,MATCH(A34,'前日確定'!$B$26:$B$45,0)),"")) | I34: =IF(A34="","",IF(D34=1,E34,IFERROR(INDEX($AA$26:$AA$33,MATCH(AC34,$Z$26:$Z$33,0)),""))) | K34: =IF(A34="","",IF(D34=1,F34,IFERROR(INDEX($AB$26:$AB$33,MATCH(AC34,$Z$26:$Z$33,0)),""))) | Z34: =IF(B34="","",B34&"#"&D34) | AA34: =IF(A34="","",IF(J34="",I34,J34)) | AB34: =IF(A34="","",IF(COUNTA(L34:Q34)=0,K34,_xlfn.TEXTJOIN("・",TRUE,L34:Q34))) | AC34: =IF(B34="","",B34&"#"&(D34-1))
B35: =IF(A35="","",IFERROR(INDEX('前日確定'!$C$26:$C$45,MATCH(A35,'前日確定'!$B$26:$B$45,0)),"作業が見つかりません")) | C35: =IF(A35="","",IFERROR(INDEX('前日確定'!$D$26:$D$45,MATCH(A35,'前日確定'!$B$26:$B$45,0)),"")) | D35: =IF(B35="","",COUNTIF(B$26:B35,B35)) | E35: =IF(A35="","",IFERROR(IF(INDEX('前日確定'!$J$26:$J$45,MATCH(A35,'前日確定'!$B$26:$B$45,0))="","",INDEX('前日確定'!$J$26:$J$45,MATCH(A35,'前日確定'!$B$26:$B$45,0))),"")) | F35: =IF(A35="","",IFERROR(INDEX('前日確定'!$R$26:$R$45,MATCH(A35,'前日確定'!$B$26:$B$45,0)),"")) | I35: =IF(A35="","",IF(D35=1,E35,IFERROR(INDEX($AA$26:$AA$34,MATCH(AC35,$Z$26:$Z$34,0)),""))) | K35: =IF(A35="","",IF(D35=1,F35,IFERROR(INDEX($AB$26:$AB$34,MATCH(AC35,$Z$26:$Z$34,0)),""))) | Z35: =IF(B35="","",B35&"#"&D35) | AA35: =IF(A35="","",IF(J35="",I35,J35)) | AB35: =IF(A35="","",IF(COUNTA(L35:Q35)=0,K35,_xlfn.TEXTJOIN("・",TRUE,L35:Q35))) | AC35: =IF(B35="","",B35&"#"&(D35-1))
B36: =IF(A36="","",IFERROR(INDEX('前日確定'!$C$26:$C$45,MATCH(A36,'前日確定'!$B$26:$B$45,0)),"作業が見つかりません")) | C36: =IF(A36="","",IFERROR(INDEX('前日確定'!$D$26:$D$45,MATCH(A36,'前日確定'!$B$26:$B$45,0)),"")) | D36: =IF(B36="","",COUNTIF(B$26:B36,B36)) | E36: =IF(A36="","",IFERROR(IF(INDEX('前日確定'!$J$26:$J$45,MATCH(A36,'前日確定'!$B$26:$B$45,0))="","",INDEX('前日確定'!$J$26:$J$45,MATCH(A36,'前日確定'!$B$26:$B$45,0))),"")) | F36: =IF(A36="","",IFERROR(INDEX('前日確定'!$R$26:$R$45,MATCH(A36,'前日確定'!$B$26:$B$45,0)),"")) | I36: =IF(A36="","",IF(D36=1,E36,IFERROR(INDEX($AA$26:$AA$35,MATCH(AC36,$Z$26:$Z$35,0)),""))) | K36: =IF(A36="","",IF(D36=1,F36,IFERROR(INDEX($AB$26:$AB$35,MATCH(AC36,$Z$26:$Z$35,0)),""))) | Z36: =IF(B36="","",B36&"#"&D36) | AA36: =IF(A36="","",IF(J36="",I36,J36)) | AB36: =IF(A36="","",IF(COUNTA(L36:Q36)=0,K36,_xlfn.TEXTJOIN("・",TRUE,L36:Q36))) | AC36: =IF(B36="","",B36&"#"&(D36-1))
B37: =IF(A37="","",IFERROR(INDEX('前日確定'!$C$26:$C$45,MATCH(A37,'前日確定'!$B$26:$B$45,0)),"作業が見つかりません")) | C37: =IF(A37="","",IFERROR(INDEX('前日確定'!$D$26:$D$45,MATCH(A37,'前日確定'!$B$26:$B$45,0)),"")) | D37: =IF(B37="","",COUNTIF(B$26:B37,B37)) | E37: =IF(A37="","",IFERROR(IF(INDEX('前日確定'!$J$26:$J$45,MATCH(A37,'前日確定'!$B$26:$B$45,0))="","",INDEX('前日確定'!$J$26:$J$45,MATCH(A37,'前日確定'!$B$26:$B$45,0))),"")) | F37: =IF(A37="","",IFERROR(INDEX('前日確定'!$R$26:$R$45,MATCH(A37,'前日確定'!$B$26:$B$45,0)),"")) | I37: =IF(A37="","",IF(D37=1,E37,IFERROR(INDEX($AA$26:$AA$36,MATCH(AC37,$Z$26:$Z$36,0)),""))) | K37: =IF(A37="","",IF(D37=1,F37,IFERROR(INDEX($AB$26:$AB$36,MATCH(AC37,$Z$26:$Z$36,0)),""))) | Z37: =IF(B37="","",B37&"#"&D37) | AA37: =IF(A37="","",IF(J37="",I37,J37)) | AB37: =IF(A37="","",IF(COUNTA(L37:Q37)=0,K37,_xlfn.TEXTJOIN("・",TRUE,L37:Q37))) | AC37: =IF(B37="","",B37&"#"&(D37-1))
B38: =IF(A38="","",IFERROR(INDEX('前日確定'!$C$26:$C$45,MATCH(A38,'前日確定'!$B$26:$B$45,0)),"作業が見つかりません")) | C38: =IF(A38="","",IFERROR(INDEX('前日確定'!$D$26:$D$45,MATCH(A38,'前日確定'!$B$26:$B$45,0)),"")) | D38: =IF(B38="","",COUNTIF(B$26:B38,B38)) | E38: =IF(A38="","",IFERROR(IF(INDEX('前日確定'!$J$26:$J$45,MATCH(A38,'前日確定'!$B$26:$B$45,0))="","",INDEX('前日確定'!$J$26:$J$45,MATCH(A38,'前日確定'!$B$26:$B$45,0))),"")) | F38: =IF(A38="","",IFERROR(INDEX('前日確定'!$R$26:$R$45,MATCH(A38,'前日確定'!$B$26:$B$45,0)),"")) | I38: =IF(A38="","",IF(D38=1,E38,IFERROR(INDEX($AA$26:$AA$37,MATCH(AC38,$Z$26:$Z$37,0)),""))) | K38: =IF(A38="","",IF(D38=1,F38,IFERROR(INDEX($AB$26:$AB$37,MATCH(AC38,$Z$26:$Z$37,0)),""))) | Z38: =IF(B38="","",B38&"#"&D38) | AA38: =IF(A38="","",IF(J38="",I38,J38)) | AB38: =IF(A38="","",IF(COUNTA(L38:Q38)=0,K38,_xlfn.TEXTJOIN("・",TRUE,L38:Q38))) | AC38: =IF(B38="","",B38&"#"&(D38-1))
B39: =IF(A39="","",IFERROR(INDEX('前日確定'!$C$26:$C$45,MATCH(A39,'前日確定'!$B$26:$B$45,0)),"作業が見つかりません")) | C39: =IF(A39="","",IFERROR(INDEX('前日確定'!$D$26:$D$45,MATCH(A39,'前日確定'!$B$26:$B$45,0)),"")) | D39: =IF(B39="","",COUNTIF(B$26:B39,B39)) | E39: =IF(A39="","",IFERROR(IF(INDEX('前日確定'!$J$26:$J$45,MATCH(A39,'前日確定'!$B$26:$B$45,0))="","",INDEX('前日確定'!$J$26:$J$45,MATCH(A39,'前日確定'!$B$26:$B$45,0))),"")) | F39: =IF(A39="","",IFERROR(INDEX('前日確定'!$R$26:$R$45,MATCH(A39,'前日確定'!$B$26:$B$45,0)),"")) | I39: =IF(A39="","",IF(D39=1,E39,IFERROR(INDEX($AA$26:$AA$38,MATCH(AC39,$Z$26:$Z$38,0)),""))) | K39: =IF(A39="","",IF(D39=1,F39,IFERROR(INDEX($AB$26:$AB$38,MATCH(AC39,$Z$26:$Z$38,0)),""))) | Z39: =IF(B39="","",B39&"#"&D39) | AA39: =IF(A39="","",IF(J39="",I39,J39)) | AB39: =IF(A39="","",IF(COUNTA(L39:Q39)=0,K39,_xlfn.TEXTJOIN("・",TRUE,L39:Q39))) | AC39: =IF(B39="","",B39&"#"&(D39-1))
B40: =IF(A40="","",IFERROR(INDEX('前日確定'!$C$26:$C$45,MATCH(A40,'前日確定'!$B$26:$B$45,0)),"作業が見つかりません")) | C40: =IF(A40="","",IFERROR(INDEX('前日確定'!$D$26:$D$45,MATCH(A40,'前日確定'!$B$26:$B$45,0)),"")) | D40: =IF(B40="","",COUNTIF(B$26:B40,B40)) | E40: =IF(A40="","",IFERROR(IF(INDEX('前日確定'!$J$26:$J$45,MATCH(A40,'前日確定'!$B$26:$B$45,0))="","",INDEX('前日確定'!$J$26:$J$45,MATCH(A40,'前日確定'!$B$26:$B$45,0))),"")) | F40: =IF(A40="","",IFERROR(INDEX('前日確定'!$R$26:$R$45,MATCH(A40,'前日確定'!$B$26:$B$45,0)),"")) | I40: =IF(A40="","",IF(D40=1,E40,IFERROR(INDEX($AA$26:$AA$39,MATCH(AC40,$Z$26:$Z$39,0)),""))) | K40: =IF(A40="","",IF(D40=1,F40,IFERROR(INDEX($AB$26:$AB$39,MATCH(AC40,$Z$26:$Z$39,0)),""))) | Z40: =IF(B40="","",B40&"#"&D40) | AA40: =IF(A40="","",IF(J40="",I40,J40)) | AB40: =IF(A40="","",IF(COUNTA(L40:Q40)=0,K40,_xlfn.TEXTJOIN("・",TRUE,L40:Q40))) | AC40: =IF(B40="","",B40&"#"&(D40-1))
B41: =IF(A41="","",IFERROR(INDEX('前日確定'!$C$26:$C$45,MATCH(A41,'前日確定'!$B$26:$B$45,0)),"作業が見つかりません")) | C41: =IF(A41="","",IFERROR(INDEX('前日確定'!$D$26:$D$45,MATCH(A41,'前日確定'!$B$26:$B$45,0)),"")) | D41: =IF(B41="","",COUNTIF(B$26:B41,B41)) | E41: =IF(A41="","",IFERROR(IF(INDEX('前日確定'!$J$26:$J$45,MATCH(A41,'前日確定'!$B$26:$B$45,0))="","",INDEX('前日確定'!$J$26:$J$45,MATCH(A41,'前日確定'!$B$26:$B$45,0))),"")) | F41: =IF(A41="","",IFERROR(INDEX('前日確定'!$R$26:$R$45,MATCH(A41,'前日確定'!$B$26:$B$45,0)),"")) | I41: =IF(A41="","",IF(D41=1,E41,IFERROR(INDEX($AA$26:$AA$40,MATCH(AC41,$Z$26:$Z$40,0)),""))) | K41: =IF(A41="","",IF(D41=1,F41,IFERROR(INDEX($AB$26:$AB$40,MATCH(AC41,$Z$26:$Z$40,0)),""))) | Z41: =IF(B41="","",B41&"#"&D41) | AA41: =IF(A41="","",IF(J41="",I41,J41)) | AB41: =IF(A41="","",IF(COUNTA(L41:Q41)=0,K41,_xlfn.TEXTJOIN("・",TRUE,L41:Q41))) | AC41: =IF(B41="","",B41&"#"&(D41-1))
B42: =IF(A42="","",IFERROR(INDEX('前日確定'!$C$26:$C$45,MATCH(A42,'前日確定'!$B$26:$B$45,0)),"作業が見つかりません")) | C42: =IF(A42="","",IFERROR(INDEX('前日確定'!$D$26:$D$45,MATCH(A42,'前日確定'!$B$26:$B$45,0)),"")) | D42: =IF(B42="","",COUNTIF(B$26:B42,B42)) | E42: =IF(A42="","",IFERROR(IF(INDEX('前日確定'!$J$26:$J$45,MATCH(A42,'前日確定'!$B$26:$B$45,0))="","",INDEX('前日確定'!$J$26:$J$45,MATCH(A42,'前日確定'!$B$26:$B$45,0))),"")) | F42: =IF(A42="","",IFERROR(INDEX('前日確定'!$R$26:$R$45,MATCH(A42,'前日確定'!$B$26:$B$45,0)),"")) | I42: =IF(A42="","",IF(D42=1,E42,IFERROR(INDEX($AA$26:$AA$41,MATCH(AC42,$Z$26:$Z$41,0)),""))) | K42: =IF(A42="","",IF(D42=1,F42,IFERROR(INDEX($AB$26:$AB$41,MATCH(AC42,$Z$26:$Z$41,0)),""))) | Z42: =IF(B42="","",B42&"#"&D42) | AA42: =IF(A42="","",IF(J42="",I42,J42)) | AB42: =IF(A42="","",IF(COUNTA(L42:Q42)=0,K42,_xlfn.TEXTJOIN("・",TRUE,L42:Q42))) | AC42: =IF(B42="","",B42&"#"&(D42-1))
B43: =IF(A43="","",IFERROR(INDEX('前日確定'!$C$26:$C$45,MATCH(A43,'前日確定'!$B$26:$B$45,0)),"作業が見つかりません")) | C43: =IF(A43="","",IFERROR(INDEX('前日確定'!$D$26:$D$45,MATCH(A43,'前日確定'!$B$26:$B$45,0)),"")) | D43: =IF(B43="","",COUNTIF(B$26:B43,B43)) | E43: =IF(A43="","",IFERROR(IF(INDEX('前日確定'!$J$26:$J$45,MATCH(A43,'前日確定'!$B$26:$B$45,0))="","",INDEX('前日確定'!$J$26:$J$45,MATCH(A43,'前日確定'!$B$26:$B$45,0))),"")) | F43: =IF(A43="","",IFERROR(INDEX('前日確定'!$R$26:$R$45,MATCH(A43,'前日確定'!$B$26:$B$45,0)),"")) | I43: =IF(A43="","",IF(D43=1,E43,IFERROR(INDEX($AA$26:$AA$42,MATCH(AC43,$Z$26:$Z$42,0)),""))) | K43: =IF(A43="","",IF(D43=1,F43,IFERROR(INDEX($AB$26:$AB$42,MATCH(AC43,$Z$26:$Z$42,0)),""))) | Z43: =IF(B43="","",B43&"#"&D43) | AA43: =IF(A43="","",IF(J43="",I43,J43)) | AB43: =IF(A43="","",IF(COUNTA(L43:Q43)=0,K43,_xlfn.TEXTJOIN("・",TRUE,L43:Q43))) | AC43: =IF(B43="","",B43&"#"&(D43-1))
B44: =IF(A44="","",IFERROR(INDEX('前日確定'!$C$26:$C$45,MATCH(A44,'前日確定'!$B$26:$B$45,0)),"作業が見つかりません")) | C44: =IF(A44="","",IFERROR(INDEX('前日確定'!$D$26:$D$45,MATCH(A44,'前日確定'!$B$26:$B$45,0)),"")) | D44: =IF(B44="","",COUNTIF(B$26:B44,B44)) | E44: =IF(A44="","",IFERROR(IF(INDEX('前日確定'!$J$26:$J$45,MATCH(A44,'前日確定'!$B$26:$B$45,0))="","",INDEX('前日確定'!$J$26:$J$45,MATCH(A44,'前日確定'!$B$26:$B$45,0))),"")) | F44: =IF(A44="","",IFERROR(INDEX('前日確定'!$R$26:$R$45,MATCH(A44,'前日確定'!$B$26:$B$45,0)),"")) | I44: =IF(A44="","",IF(D44=1,E44,IFERROR(INDEX($AA$26:$AA$43,MATCH(AC44,$Z$26:$Z$43,0)),""))) | K44: =IF(A44="","",IF(D44=1,F44,IFERROR(INDEX($AB$26:$AB$43,MATCH(AC44,$Z$26:$Z$43,0)),""))) | Z44: =IF(B44="","",B44&"#"&D44) | AA44: =IF(A44="","",IF(J44="",I44,J44)) | AB44: =IF(A44="","",IF(COUNTA(L44:Q44)=0,K44,_xlfn.TEXTJOIN("・",TRUE,L44:Q44))) | AC44: =IF(B44="","",B44&"#"&(D44-1))
B45: =IF(A45="","",IFERROR(INDEX('前日確定'!$C$26:$C$45,MATCH(A45,'前日確定'!$B$26:$B$45,0)),"作業が見つかりません")) | C45: =IF(A45="","",IFERROR(INDEX('前日確定'!$D$26:$D$45,MATCH(A45,'前日確定'!$B$26:$B$45,0)),"")) | D45: =IF(B45="","",COUNTIF(B$26:B45,B45)) | E45: =IF(A45="","",IFERROR(IF(INDEX('前日確定'!$J$26:$J$45,MATCH(A45,'前日確定'!$B$26:$B$45,0))="","",INDEX('前日確定'!$J$26:$J$45,MATCH(A45,'前日確定'!$B$26:$B$45,0))),"")) | F45: =IF(A45="","",IFERROR(INDEX('前日確定'!$R$26:$R$45,MATCH(A45,'前日確定'!$B$26:$B$45,0)),"")) | I45: =IF(A45="","",IF(D45=1,E45,IFERROR(INDEX($AA$26:$AA$44,MATCH(AC45,$Z$26:$Z$44,0)),""))) | K45: =IF(A45="","",IF(D45=1,F45,IFERROR(INDEX($AB$26:$AB$44,MATCH(AC45,$Z$26:$Z$44,0)),""))) | Z45: =IF(B45="","",B45&"#"&D45) | AA45: =IF(A45="","",IF(J45="",I45,J45)) | AB45: =IF(A45="","",IF(COUNTA(L45:Q45)=0,K45,_xlfn.TEXTJOIN("・",TRUE,L45:Q45))) | AC45: =IF(B45="","",B45&"#"&(D45-1))
B46: =IF(A46="","",IFERROR(INDEX('前日確定'!$C$26:$C$45,MATCH(A46,'前日確定'!$B$26:$B$45,0)),"作業が見つかりません")) | C46: =IF(A46="","",IFERROR(INDEX('前日確定'!$D$26:$D$45,MATCH(A46,'前日確定'!$B$26:$B$45,0)),"")) | D46: =IF(B46="","",COUNTIF(B$26:B46,B46)) | E46: =IF(A46="","",IFERROR(IF(INDEX('前日確定'!$J$26:$J$45,MATCH(A46,'前日確定'!$B$26:$B$45,0))="","",INDEX('前日確定'!$J$26:$J$45,MATCH(A46,'前日確定'!$B$26:$B$45,0))),"")) | F46: =IF(A46="","",IFERROR(INDEX('前日確定'!$R$26:$R$45,MATCH(A46,'前日確定'!$B$26:$B$45,0)),"")) | I46: =IF(A46="","",IF(D46=1,E46,IFERROR(INDEX($AA$26:$AA$45,MATCH(AC46,$Z$26:$Z$45,0)),""))) | K46: =IF(A46="","",IF(D46=1,F46,IFERROR(INDEX($AB$26:$AB$45,MATCH(AC46,$Z$26:$Z$45,0)),""))) | Z46: =IF(B46="","",B46&"#"&D46) | AA46: =IF(A46="","",IF(J46="",I46,J46)) | AB46: =IF(A46="","",IF(COUNTA(L46:Q46)=0,K46,_xlfn.TEXTJOIN("・",TRUE,L46:Q46))) | AC46: =IF(B46="","",B46&"#"&(D46-1))
B47: =IF(A47="","",IFERROR(INDEX('前日確定'!$C$26:$C$45,MATCH(A47,'前日確定'!$B$26:$B$45,0)),"作業が見つかりません")) | C47: =IF(A47="","",IFERROR(INDEX('前日確定'!$D$26:$D$45,MATCH(A47,'前日確定'!$B$26:$B$45,0)),"")) | D47: =IF(B47="","",COUNTIF(B$26:B47,B47)) | E47: =IF(A47="","",IFERROR(IF(INDEX('前日確定'!$J$26:$J$45,MATCH(A47,'前日確定'!$B$26:$B$45,0))="","",INDEX('前日確定'!$J$26:$J$45,MATCH(A47,'前日確定'!$B$26:$B$45,0))),"")) | F47: =IF(A47="","",IFERROR(INDEX('前日確定'!$R$26:$R$45,MATCH(A47,'前日確定'!$B$26:$B$45,0)),"")) | I47: =IF(A47="","",IF(D47=1,E47,IFERROR(INDEX($AA$26:$AA$46,MATCH(AC47,$Z$26:$Z$46,0)),""))) | K47: =IF(A47="","",IF(D47=1,F47,IFERROR(INDEX($AB$26:$AB$46,MATCH(AC47,$Z$26:$Z$46,0)),""))) | Z47: =IF(B47="","",B47&"#"&D47) | AA47: =IF(A47="","",IF(J47="",I47,J47)) | AB47: =IF(A47="","",IF(COUNTA(L47:Q47)=0,K47,_xlfn.TEXTJOIN("・",TRUE,L47:Q47))) | AC47: =IF(B47="","",B47&"#"&(D47-1))
B48: =IF(A48="","",IFERROR(INDEX('前日確定'!$C$26:$C$45,MATCH(A48,'前日確定'!$B$26:$B$45,0)),"作業が見つかりません")) | C48: =IF(A48="","",IFERROR(INDEX('前日確定'!$D$26:$D$45,MATCH(A48,'前日確定'!$B$26:$B$45,0)),"")) | D48: =IF(B48="","",COUNTIF(B$26:B48,B48)) | E48: =IF(A48="","",IFERROR(IF(INDEX('前日確定'!$J$26:$J$45,MATCH(A48,'前日確定'!$B$26:$B$45,0))="","",INDEX('前日確定'!$J$26:$J$45,MATCH(A48,'前日確定'!$B$26:$B$45,0))),"")) | F48: =IF(A48="","",IFERROR(INDEX('前日確定'!$R$26:$R$45,MATCH(A48,'前日確定'!$B$26:$B$45,0)),"")) | I48: =IF(A48="","",IF(D48=1,E48,IFERROR(INDEX($AA$26:$AA$47,MATCH(AC48,$Z$26:$Z$47,0)),""))) | K48: =IF(A48="","",IF(D48=1,F48,IFERROR(INDEX($AB$26:$AB$47,MATCH(AC48,$Z$26:$Z$47,0)),""))) | Z48: =IF(B48="","",B48&"#"&D48) | AA48: =IF(A48="","",IF(J48="",I48,J48)) | AB48: =IF(A48="","",IF(COUNTA(L48:Q48)=0,K48,_xlfn.TEXTJOIN("・",TRUE,L48:Q48))) | AC48: =IF(B48="","",B48&"#"&(D48-1))
B49: =IF(A49="","",IFERROR(INDEX('前日確定'!$C$26:$C$45,MATCH(A49,'前日確定'!$B$26:$B$45,0)),"作業が見つかりません")) | C49: =IF(A49="","",IFERROR(INDEX('前日確定'!$D$26:$D$45,MATCH(A49,'前日確定'!$B$26:$B$45,0)),"")) | D49: =IF(B49="","",COUNTIF(B$26:B49,B49)) | E49: =IF(A49="","",IFERROR(IF(INDEX('前日確定'!$J$26:$J$45,MATCH(A49,'前日確定'!$B$26:$B$45,0))="","",INDEX('前日確定'!$J$26:$J$45,MATCH(A49,'前日確定'!$B$26:$B$45,0))),"")) | F49: =IF(A49="","",IFERROR(INDEX('前日確定'!$R$26:$R$45,MATCH(A49,'前日確定'!$B$26:$B$45,0)),"")) | I49: =IF(A49="","",IF(D49=1,E49,IFERROR(INDEX($AA$26:$AA$48,MATCH(AC49,$Z$26:$Z$48,0)),""))) | K49: =IF(A49="","",IF(D49=1,F49,IFERROR(INDEX($AB$26:$AB$48,MATCH(AC49,$Z$26:$Z$48,0)),""))) | Z49: =IF(B49="","",B49&"#"&D49) | AA49: =IF(A49="","",IF(J49="",I49,J49)) | AB49: =IF(A49="","",IF(COUNTA(L49:Q49)=0,K49,_xlfn.TEXTJOIN("・",TRUE,L49:Q49))) | AC49: =IF(B49="","",B49&"#"&(D49-1))
B50: =IF(A50="","",IFERROR(INDEX('前日確定'!$C$26:$C$45,MATCH(A50,'前日確定'!$B$26:$B$45,0)),"作業が見つかりません")) | C50: =IF(A50="","",IFERROR(INDEX('前日確定'!$D$26:$D$45,MATCH(A50,'前日確定'!$B$26:$B$45,0)),"")) | D50: =IF(B50="","",COUNTIF(B$26:B50,B50)) | E50: =IF(A50="","",IFERROR(IF(INDEX('前日確定'!$J$26:$J$45,MATCH(A50,'前日確定'!$B$26:$B$45,0))="","",INDEX('前日確定'!$J$26:$J$45,MATCH(A50,'前日確定'!$B$26:$B$45,0))),"")) | F50: =IF(A50="","",IFERROR(INDEX('前日確定'!$R$26:$R$45,MATCH(A50,'前日確定'!$B$26:$B$45,0)),"")) | I50: =IF(A50="","",IF(D50=1,E50,IFERROR(INDEX($AA$26:$AA$49,MATCH(AC50,$Z$26:$Z$49,0)),""))) | K50: =IF(A50="","",IF(D50=1,F50,IFERROR(INDEX($AB$26:$AB$49,MATCH(AC50,$Z$26:$Z$49,0)),""))) | Z50: =IF(B50="","",B50&"#"&D50) | AA50: =IF(A50="","",IF(J50="",I50,J50)) | AB50: =IF(A50="","",IF(COUNTA(L50:Q50)=0,K50,_xlfn.TEXTJOIN("・",TRUE,L50:Q50))) | AC50: =IF(B50="","",B50&"#"&(D50-1))
B51: =IF(A51="","",IFERROR(INDEX('前日確定'!$C$26:$C$45,MATCH(A51,'前日確定'!$B$26:$B$45,0)),"作業が見つかりません")) | C51: =IF(A51="","",IFERROR(INDEX('前日確定'!$D$26:$D$45,MATCH(A51,'前日確定'!$B$26:$B$45,0)),"")) | D51: =IF(B51="","",COUNTIF(B$26:B51,B51)) | E51: =IF(A51="","",IFERROR(IF(INDEX('前日確定'!$J$26:$J$45,MATCH(A51,'前日確定'!$B$26:$B$45,0))="","",INDEX('前日確定'!$J$26:$J$45,MATCH(A51,'前日確定'!$B$26:$B$45,0))),"")) | F51: =IF(A51="","",IFERROR(INDEX('前日確定'!$R$26:$R$45,MATCH(A51,'前日確定'!$B$26:$B$45,0)),"")) | I51: =IF(A51="","",IF(D51=1,E51,IFERROR(INDEX($AA$26:$AA$50,MATCH(AC51,$Z$26:$Z$50,0)),""))) | K51: =IF(A51="","",IF(D51=1,F51,IFERROR(INDEX($AB$26:$AB$50,MATCH(AC51,$Z$26:$Z$50,0)),""))) | Z51: =IF(B51="","",B51&"#"&D51) | AA51: =IF(A51="","",IF(J51="",I51,J51)) | AB51: =IF(A51="","",IF(COUNTA(L51:Q51)=0,K51,_xlfn.TEXTJOIN("・",TRUE,L51:Q51))) | AC51: =IF(B51="","",B51&"#"&(D51-1))
B52: =IF(A52="","",IFERROR(INDEX('前日確定'!$C$26:$C$45,MATCH(A52,'前日確定'!$B$26:$B$45,0)),"作業が見つかりません")) | C52: =IF(A52="","",IFERROR(INDEX('前日確定'!$D$26:$D$45,MATCH(A52,'前日確定'!$B$26:$B$45,0)),"")) | D52: =IF(B52="","",COUNTIF(B$26:B52,B52)) | E52: =IF(A52="","",IFERROR(IF(INDEX('前日確定'!$J$26:$J$45,MATCH(A52,'前日確定'!$B$26:$B$45,0))="","",INDEX('前日確定'!$J$26:$J$45,MATCH(A52,'前日確定'!$B$26:$B$45,0))),"")) | F52: =IF(A52="","",IFERROR(INDEX('前日確定'!$R$26:$R$45,MATCH(A52,'前日確定'!$B$26:$B$45,0)),"")) | I52: =IF(A52="","",IF(D52=1,E52,IFERROR(INDEX($AA$26:$AA$51,MATCH(AC52,$Z$26:$Z$51,0)),""))) | K52: =IF(A52="","",IF(D52=1,F52,IFERROR(INDEX($AB$26:$AB$51,MATCH(AC52,$Z$26:$Z$51,0)),""))) | Z52: =IF(B52="","",B52&"#"&D52) | AA52: =IF(A52="","",IF(J52="",I52,J52)) | AB52: =IF(A52="","",IF(COUNTA(L52:Q52)=0,K52,_xlfn.TEXTJOIN("・",TRUE,L52:Q52))) | AC52: =IF(B52="","",B52&"#"&(D52-1))
B53: =IF(A53="","",IFERROR(INDEX('前日確定'!$C$26:$C$45,MATCH(A53,'前日確定'!$B$26:$B$45,0)),"作業が見つかりません")) | C53: =IF(A53="","",IFERROR(INDEX('前日確定'!$D$26:$D$45,MATCH(A53,'前日確定'!$B$26:$B$45,0)),"")) | D53: =IF(B53="","",COUNTIF(B$26:B53,B53)) | E53: =IF(A53="","",IFERROR(IF(INDEX('前日確定'!$J$26:$J$45,MATCH(A53,'前日確定'!$B$26:$B$45,0))="","",INDEX('前日確定'!$J$26:$J$45,MATCH(A53,'前日確定'!$B$26:$B$45,0))),"")) | F53: =IF(A53="","",IFERROR(INDEX('前日確定'!$R$26:$R$45,MATCH(A53,'前日確定'!$B$26:$B$45,0)),"")) | I53: =IF(A53="","",IF(D53=1,E53,IFERROR(INDEX($AA$26:$AA$52,MATCH(AC53,$Z$26:$Z$52,0)),""))) | K53: =IF(A53="","",IF(D53=1,F53,IFERROR(INDEX($AB$26:$AB$52,MATCH(AC53,$Z$26:$Z$52,0)),""))) | Z53: =IF(B53="","",B53&"#"&D53) | AA53: =IF(A53="","",IF(J53="",I53,J53)) | AB53: =IF(A53="","",IF(COUNTA(L53:Q53)=0,K53,_xlfn.TEXTJOIN("・",TRUE,L53:Q53))) | AC53: =IF(B53="","",B53&"#"&(D53-1))
B54: =IF(A54="","",IFERROR(INDEX('前日確定'!$C$26:$C$45,MATCH(A54,'前日確定'!$B$26:$B$45,0)),"作業が見つかりません")) | C54: =IF(A54="","",IFERROR(INDEX('前日確定'!$D$26:$D$45,MATCH(A54,'前日確定'!$B$26:$B$45,0)),"")) | D54: =IF(B54="","",COUNTIF(B$26:B54,B54)) | E54: =IF(A54="","",IFERROR(IF(INDEX('前日確定'!$J$26:$J$45,MATCH(A54,'前日確定'!$B$26:$B$45,0))="","",INDEX('前日確定'!$J$26:$J$45,MATCH(A54,'前日確定'!$B$26:$B$45,0))),"")) | F54: =IF(A54="","",IFERROR(INDEX('前日確定'!$R$26:$R$45,MATCH(A54,'前日確定'!$B$26:$B$45,0)),"")) | I54: =IF(A54="","",IF(D54=1,E54,IFERROR(INDEX($AA$26:$AA$53,MATCH(AC54,$Z$26:$Z$53,0)),""))) | K54: =IF(A54="","",IF(D54=1,F54,IFERROR(INDEX($AB$26:$AB$53,MATCH(AC54,$Z$26:$Z$53,0)),""))) | Z54: =IF(B54="","",B54&"#"&D54) | AA54: =IF(A54="","",IF(J54="",I54,J54)) | AB54: =IF(A54="","",IF(COUNTA(L54:Q54)=0,K54,_xlfn.TEXTJOIN("・",TRUE,L54:Q54))) | AC54: =IF(B54="","",B54&"#"&(D54-1))
B55: =IF(A55="","",IFERROR(INDEX('前日確定'!$C$26:$C$45,MATCH(A55,'前日確定'!$B$26:$B$45,0)),"作業が見つかりません")) | C55: =IF(A55="","",IFERROR(INDEX('前日確定'!$D$26:$D$45,MATCH(A55,'前日確定'!$B$26:$B$45,0)),"")) | D55: =IF(B55="","",COUNTIF(B$26:B55,B55)) | E55: =IF(A55="","",IFERROR(IF(INDEX('前日確定'!$J$26:$J$45,MATCH(A55,'前日確定'!$B$26:$B$45,0))="","",INDEX('前日確定'!$J$26:$J$45,MATCH(A55,'前日確定'!$B$26:$B$45,0))),"")) | F55: =IF(A55="","",IFERROR(INDEX('前日確定'!$R$26:$R$45,MATCH(A55,'前日確定'!$B$26:$B$45,0)),"")) | I55: =IF(A55="","",IF(D55=1,E55,IFERROR(INDEX($AA$26:$AA$54,MATCH(AC55,$Z$26:$Z$54,0)),""))) | K55: =IF(A55="","",IF(D55=1,F55,IFERROR(INDEX($AB$26:$AB$54,MATCH(AC55,$Z$26:$Z$54,0)),""))) | Z55: =IF(B55="","",B55&"#"&D55) | AA55: =IF(A55="","",IF(J55="",I55,J55)) | AB55: =IF(A55="","",IF(COUNTA(L55:Q55)=0,K55,_xlfn.TEXTJOIN("・",TRUE,L55:Q55))) | AC55: =IF(B55="","",B55&"#"&(D55-1))
B56: =IF(A56="","",IFERROR(INDEX('前日確定'!$C$26:$C$45,MATCH(A56,'前日確定'!$B$26:$B$45,0)),"作業が見つかりません")) | C56: =IF(A56="","",IFERROR(INDEX('前日確定'!$D$26:$D$45,MATCH(A56,'前日確定'!$B$26:$B$45,0)),"")) | D56: =IF(B56="","",COUNTIF(B$26:B56,B56)) | E56: =IF(A56="","",IFERROR(IF(INDEX('前日確定'!$J$26:$J$45,MATCH(A56,'前日確定'!$B$26:$B$45,0))="","",INDEX('前日確定'!$J$26:$J$45,MATCH(A56,'前日確定'!$B$26:$B$45,0))),"")) | F56: =IF(A56="","",IFERROR(INDEX('前日確定'!$R$26:$R$45,MATCH(A56,'前日確定'!$B$26:$B$45,0)),"")) | I56: =IF(A56="","",IF(D56=1,E56,IFERROR(INDEX($AA$26:$AA$55,MATCH(AC56,$Z$26:$Z$55,0)),""))) | K56: =IF(A56="","",IF(D56=1,F56,IFERROR(INDEX($AB$26:$AB$55,MATCH(AC56,$Z$26:$Z$55,0)),""))) | Z56: =IF(B56="","",B56&"#"&D56) | AA56: =IF(A56="","",IF(J56="",I56,J56)) | AB56: =IF(A56="","",IF(COUNTA(L56:Q56)=0,K56,_xlfn.TEXTJOIN("・",TRUE,L56:Q56))) | AC56: =IF(B56="","",B56&"#"&(D56-1))
B57: =IF(A57="","",IFERROR(INDEX('前日確定'!$C$26:$C$45,MATCH(A57,'前日確定'!$B$26:$B$45,0)),"作業が見つかりません")) | C57: =IF(A57="","",IFERROR(INDEX('前日確定'!$D$26:$D$45,MATCH(A57,'前日確定'!$B$26:$B$45,0)),"")) | D57: =IF(B57="","",COUNTIF(B$26:B57,B57)) | E57: =IF(A57="","",IFERROR(IF(INDEX('前日確定'!$J$26:$J$45,MATCH(A57,'前日確定'!$B$26:$B$45,0))="","",INDEX('前日確定'!$J$26:$J$45,MATCH(A57,'前日確定'!$B$26:$B$45,0))),"")) | F57: =IF(A57="","",IFERROR(INDEX('前日確定'!$R$26:$R$45,MATCH(A57,'前日確定'!$B$26:$B$45,0)),"")) | I57: =IF(A57="","",IF(D57=1,E57,IFERROR(INDEX($AA$26:$AA$56,MATCH(AC57,$Z$26:$Z$56,0)),""))) | K57: =IF(A57="","",IF(D57=1,F57,IFERROR(INDEX($AB$26:$AB$56,MATCH(AC57,$Z$26:$Z$56,0)),""))) | Z57: =IF(B57="","",B57&"#"&D57) | AA57: =IF(A57="","",IF(J57="",I57,J57)) | AB57: =IF(A57="","",IF(COUNTA(L57:Q57)=0,K57,_xlfn.TEXTJOIN("・",TRUE,L57:Q57))) | AC57: =IF(B57="","",B57&"#"&(D57-1))
B58: =IF(A58="","",IFERROR(INDEX('前日確定'!$C$26:$C$45,MATCH(A58,'前日確定'!$B$26:$B$45,0)),"作業が見つかりません")) | C58: =IF(A58="","",IFERROR(INDEX('前日確定'!$D$26:$D$45,MATCH(A58,'前日確定'!$B$26:$B$45,0)),"")) | D58: =IF(B58="","",COUNTIF(B$26:B58,B58)) | E58: =IF(A58="","",IFERROR(IF(INDEX('前日確定'!$J$26:$J$45,MATCH(A58,'前日確定'!$B$26:$B$45,0))="","",INDEX('前日確定'!$J$26:$J$45,MATCH(A58,'前日確定'!$B$26:$B$45,0))),"")) | F58: =IF(A58="","",IFERROR(INDEX('前日確定'!$R$26:$R$45,MATCH(A58,'前日確定'!$B$26:$B$45,0)),"")) | I58: =IF(A58="","",IF(D58=1,E58,IFERROR(INDEX($AA$26:$AA$57,MATCH(AC58,$Z$26:$Z$57,0)),""))) | K58: =IF(A58="","",IF(D58=1,F58,IFERROR(INDEX($AB$26:$AB$57,MATCH(AC58,$Z$26:$Z$57,0)),""))) | Z58: =IF(B58="","",B58&"#"&D58) | AA58: =IF(A58="","",IF(J58="",I58,J58)) | AB58: =IF(A58="","",IF(COUNTA(L58:Q58)=0,K58,_xlfn.TEXTJOIN("・",TRUE,L58:Q58))) | AC58: =IF(B58="","",B58&"#"&(D58-1))
B59: =IF(A59="","",IFERROR(INDEX('前日確定'!$C$26:$C$45,MATCH(A59,'前日確定'!$B$26:$B$45,0)),"作業が見つかりません")) | C59: =IF(A59="","",IFERROR(INDEX('前日確定'!$D$26:$D$45,MATCH(A59,'前日確定'!$B$26:$B$45,0)),"")) | D59: =IF(B59="","",COUNTIF(B$26:B59,B59)) | E59: =IF(A59="","",IFERROR(IF(INDEX('前日確定'!$J$26:$J$45,MATCH(A59,'前日確定'!$B$26:$B$45,0))="","",INDEX('前日確定'!$J$26:$J$45,MATCH(A59,'前日確定'!$B$26:$B$45,0))),"")) | F59: =IF(A59="","",IFERROR(INDEX('前日確定'!$R$26:$R$45,MATCH(A59,'前日確定'!$B$26:$B$45,0)),"")) | I59: =IF(A59="","",IF(D59=1,E59,IFERROR(INDEX($AA$26:$AA$58,MATCH(AC59,$Z$26:$Z$58,0)),""))) | K59: =IF(A59="","",IF(D59=1,F59,IFERROR(INDEX($AB$26:$AB$58,MATCH(AC59,$Z$26:$Z$58,0)),""))) | Z59: =IF(B59="","",B59&"#"&D59) | AA59: =IF(A59="","",IF(J59="",I59,J59)) | AB59: =IF(A59="","",IF(COUNTA(L59:Q59)=0,K59,_xlfn.TEXTJOIN("・",TRUE,L59:Q59))) | AC59: =IF(B59="","",B59&"#"&(D59-1))
B60: =IF(A60="","",IFERROR(INDEX('前日確定'!$C$26:$C$45,MATCH(A60,'前日確定'!$B$26:$B$45,0)),"作業が見つかりません")) | C60: =IF(A60="","",IFERROR(INDEX('前日確定'!$D$26:$D$45,MATCH(A60,'前日確定'!$B$26:$B$45,0)),"")) | D60: =IF(B60="","",COUNTIF(B$26:B60,B60)) | E60: =IF(A60="","",IFERROR(IF(INDEX('前日確定'!$J$26:$J$45,MATCH(A60,'前日確定'!$B$26:$B$45,0))="","",INDEX('前日確定'!$J$26:$J$45,MATCH(A60,'前日確定'!$B$26:$B$45,0))),"")) | F60: =IF(A60="","",IFERROR(INDEX('前日確定'!$R$26:$R$45,MATCH(A60,'前日確定'!$B$26:$B$45,0)),"")) | I60: =IF(A60="","",IF(D60=1,E60,IFERROR(INDEX($AA$26:$AA$59,MATCH(AC60,$Z$26:$Z$59,0)),""))) | K60: =IF(A60="","",IF(D60=1,F60,IFERROR(INDEX($AB$26:$AB$59,MATCH(AC60,$Z$26:$Z$59,0)),""))) | Z60: =IF(B60="","",B60&"#"&D60) | AA60: =IF(A60="","",IF(J60="",I60,J60)) | AB60: =IF(A60="","",IF(COUNTA(L60:Q60)=0,K60,_xlfn.TEXTJOIN("・",TRUE,L60:Q60))) | AC60: =IF(B60="","",B60&"#"&(D60-1))
B61: =IF(A61="","",IFERROR(INDEX('前日確定'!$C$26:$C$45,MATCH(A61,'前日確定'!$B$26:$B$45,0)),"作業が見つかりません")) | C61: =IF(A61="","",IFERROR(INDEX('前日確定'!$D$26:$D$45,MATCH(A61,'前日確定'!$B$26:$B$45,0)),"")) | D61: =IF(B61="","",COUNTIF(B$26:B61,B61)) | E61: =IF(A61="","",IFERROR(IF(INDEX('前日確定'!$J$26:$J$45,MATCH(A61,'前日確定'!$B$26:$B$45,0))="","",INDEX('前日確定'!$J$26:$J$45,MATCH(A61,'前日確定'!$B$26:$B$45,0))),"")) | F61: =IF(A61="","",IFERROR(INDEX('前日確定'!$R$26:$R$45,MATCH(A61,'前日確定'!$B$26:$B$45,0)),"")) | I61: =IF(A61="","",IF(D61=1,E61,IFERROR(INDEX($AA$26:$AA$60,MATCH(AC61,$Z$26:$Z$60,0)),""))) | K61: =IF(A61="","",IF(D61=1,F61,IFERROR(INDEX($AB$26:$AB$60,MATCH(AC61,$Z$26:$Z$60,0)),""))) | Z61: =IF(B61="","",B61&"#"&D61) | AA61: =IF(A61="","",IF(J61="",I61,J61)) | AB61: =IF(A61="","",IF(COUNTA(L61:Q61)=0,K61,_xlfn.TEXTJOIN("・",TRUE,L61:Q61))) | AC61: =IF(B61="","",B61&"#"&(D61-1))
B62: =IF(A62="","",IFERROR(INDEX('前日確定'!$C$26:$C$45,MATCH(A62,'前日確定'!$B$26:$B$45,0)),"作業が見つかりません")) | C62: =IF(A62="","",IFERROR(INDEX('前日確定'!$D$26:$D$45,MATCH(A62,'前日確定'!$B$26:$B$45,0)),"")) | D62: =IF(B62="","",COUNTIF(B$26:B62,B62)) | E62: =IF(A62="","",IFERROR(IF(INDEX('前日確定'!$J$26:$J$45,MATCH(A62,'前日確定'!$B$26:$B$45,0))="","",INDEX('前日確定'!$J$26:$J$45,MATCH(A62,'前日確定'!$B$26:$B$45,0))),"")) | F62: =IF(A62="","",IFERROR(INDEX('前日確定'!$R$26:$R$45,MATCH(A62,'前日確定'!$B$26:$B$45,0)),"")) | I62: =IF(A62="","",IF(D62=1,E62,IFERROR(INDEX($AA$26:$AA$61,MATCH(AC62,$Z$26:$Z$61,0)),""))) | K62: =IF(A62="","",IF(D62=1,F62,IFERROR(INDEX($AB$26:$AB$61,MATCH(AC62,$Z$26:$Z$61,0)),""))) | Z62: =IF(B62="","",B62&"#"&D62) | AA62: =IF(A62="","",IF(J62="",I62,J62)) | AB62: =IF(A62="","",IF(COUNTA(L62:Q62)=0,K62,_xlfn.TEXTJOIN("・",TRUE,L62:Q62))) | AC62: =IF(B62="","",B62&"#"&(D62-1))
B63: =IF(A63="","",IFERROR(INDEX('前日確定'!$C$26:$C$45,MATCH(A63,'前日確定'!$B$26:$B$45,0)),"作業が見つかりません")) | C63: =IF(A63="","",IFERROR(INDEX('前日確定'!$D$26:$D$45,MATCH(A63,'前日確定'!$B$26:$B$45,0)),"")) | D63: =IF(B63="","",COUNTIF(B$26:B63,B63)) | E63: =IF(A63="","",IFERROR(IF(INDEX('前日確定'!$J$26:$J$45,MATCH(A63,'前日確定'!$B$26:$B$45,0))="","",INDEX('前日確定'!$J$26:$J$45,MATCH(A63,'前日確定'!$B$26:$B$45,0))),"")) | F63: =IF(A63="","",IFERROR(INDEX('前日確定'!$R$26:$R$45,MATCH(A63,'前日確定'!$B$26:$B$45,0)),"")) | I63: =IF(A63="","",IF(D63=1,E63,IFERROR(INDEX($AA$26:$AA$62,MATCH(AC63,$Z$26:$Z$62,0)),""))) | K63: =IF(A63="","",IF(D63=1,F63,IFERROR(INDEX($AB$26:$AB$62,MATCH(AC63,$Z$26:$Z$62,0)),""))) | Z63: =IF(B63="","",B63&"#"&D63) | AA63: =IF(A63="","",IF(J63="",I63,J63)) | AB63: =IF(A63="","",IF(COUNTA(L63:Q63)=0,K63,_xlfn.TEXTJOIN("・",TRUE,L63:Q63))) | AC63: =IF(B63="","",B63&"#"&(D63-1))
B64: =IF(A64="","",IFERROR(INDEX('前日確定'!$C$26:$C$45,MATCH(A64,'前日確定'!$B$26:$B$45,0)),"作業が見つかりません")) | C64: =IF(A64="","",IFERROR(INDEX('前日確定'!$D$26:$D$45,MATCH(A64,'前日確定'!$B$26:$B$45,0)),"")) | D64: =IF(B64="","",COUNTIF(B$26:B64,B64)) | E64: =IF(A64="","",IFERROR(IF(INDEX('前日確定'!$J$26:$J$45,MATCH(A64,'前日確定'!$B$26:$B$45,0))="","",INDEX('前日確定'!$J$26:$J$45,MATCH(A64,'前日確定'!$B$26:$B$45,0))),"")) | F64: =IF(A64="","",IFERROR(INDEX('前日確定'!$R$26:$R$45,MATCH(A64,'前日確定'!$B$26:$B$45,0)),"")) | I64: =IF(A64="","",IF(D64=1,E64,IFERROR(INDEX($AA$26:$AA$63,MATCH(AC64,$Z$26:$Z$63,0)),""))) | K64: =IF(A64="","",IF(D64=1,F64,IFERROR(INDEX($AB$26:$AB$63,MATCH(AC64,$Z$26:$Z$63,0)),""))) | Z64: =IF(B64="","",B64&"#"&D64) | AA64: =IF(A64="","",IF(J64="",I64,J64)) | AB64: =IF(A64="","",IF(COUNTA(L64:Q64)=0,K64,_xlfn.TEXTJOIN("・",TRUE,L64:Q64))) | AC64: =IF(B64="","",B64&"#"&(D64-1))
B65: =IF(A65="","",IFERROR(INDEX('前日確定'!$C$26:$C$45,MATCH(A65,'前日確定'!$B$26:$B$45,0)),"作業が見つかりません")) | C65: =IF(A65="","",IFERROR(INDEX('前日確定'!$D$26:$D$45,MATCH(A65,'前日確定'!$B$26:$B$45,0)),"")) | D65: =IF(B65="","",COUNTIF(B$26:B65,B65)) | E65: =IF(A65="","",IFERROR(IF(INDEX('前日確定'!$J$26:$J$45,MATCH(A65,'前日確定'!$B$26:$B$45,0))="","",INDEX('前日確定'!$J$26:$J$45,MATCH(A65,'前日確定'!$B$26:$B$45,0))),"")) | F65: =IF(A65="","",IFERROR(INDEX('前日確定'!$R$26:$R$45,MATCH(A65,'前日確定'!$B$26:$B$45,0)),"")) | I65: =IF(A65="","",IF(D65=1,E65,IFERROR(INDEX($AA$26:$AA$64,MATCH(AC65,$Z$26:$Z$64,0)),""))) | K65: =IF(A65="","",IF(D65=1,F65,IFERROR(INDEX($AB$26:$AB$64,MATCH(AC65,$Z$26:$Z$64,0)),""))) | Z65: =IF(B65="","",B65&"#"&D65) | AA65: =IF(A65="","",IF(J65="",I65,J65)) | AB65: =IF(A65="","",IF(COUNTA(L65:Q65)=0,K65,_xlfn.TEXTJOIN("・",TRUE,L65:Q65))) | AC65: =IF(B65="","",B65&"#"&(D65-1))
B66: =IF(A66="","",IFERROR(INDEX('前日確定'!$C$26:$C$45,MATCH(A66,'前日確定'!$B$26:$B$45,0)),"作業が見つかりません")) | C66: =IF(A66="","",IFERROR(INDEX('前日確定'!$D$26:$D$45,MATCH(A66,'前日確定'!$B$26:$B$45,0)),"")) | D66: =IF(B66="","",COUNTIF(B$26:B66,B66)) | E66: =IF(A66="","",IFERROR(IF(INDEX('前日確定'!$J$26:$J$45,MATCH(A66,'前日確定'!$B$26:$B$45,0))="","",INDEX('前日確定'!$J$26:$J$45,MATCH(A66,'前日確定'!$B$26:$B$45,0))),"")) | F66: =IF(A66="","",IFERROR(INDEX('前日確定'!$R$26:$R$45,MATCH(A66,'前日確定'!$B$26:$B$45,0)),"")) | I66: =IF(A66="","",IF(D66=1,E66,IFERROR(INDEX($AA$26:$AA$65,MATCH(AC66,$Z$26:$Z$65,0)),""))) | K66: =IF(A66="","",IF(D66=1,F66,IFERROR(INDEX($AB$26:$AB$65,MATCH(AC66,$Z$26:$Z$65,0)),""))) | Z66: =IF(B66="","",B66&"#"&D66) | AA66: =IF(A66="","",IF(J66="",I66,J66)) | AB66: =IF(A66="","",IF(COUNTA(L66:Q66)=0,K66,_xlfn.TEXTJOIN("・",TRUE,L66:Q66))) | AC66: =IF(B66="","",B66&"#"&(D66-1))
B67: =IF(A67="","",IFERROR(INDEX('前日確定'!$C$26:$C$45,MATCH(A67,'前日確定'!$B$26:$B$45,0)),"作業が見つかりません")) | C67: =IF(A67="","",IFERROR(INDEX('前日確定'!$D$26:$D$45,MATCH(A67,'前日確定'!$B$26:$B$45,0)),"")) | D67: =IF(B67="","",COUNTIF(B$26:B67,B67)) | E67: =IF(A67="","",IFERROR(IF(INDEX('前日確定'!$J$26:$J$45,MATCH(A67,'前日確定'!$B$26:$B$45,0))="","",INDEX('前日確定'!$J$26:$J$45,MATCH(A67,'前日確定'!$B$26:$B$45,0))),"")) | F67: =IF(A67="","",IFERROR(INDEX('前日確定'!$R$26:$R$45,MATCH(A67,'前日確定'!$B$26:$B$45,0)),"")) | I67: =IF(A67="","",IF(D67=1,E67,IFERROR(INDEX($AA$26:$AA$66,MATCH(AC67,$Z$26:$Z$66,0)),""))) | K67: =IF(A67="","",IF(D67=1,F67,IFERROR(INDEX($AB$26:$AB$66,MATCH(AC67,$Z$26:$Z$66,0)),""))) | Z67: =IF(B67="","",B67&"#"&D67) | AA67: =IF(A67="","",IF(J67="",I67,J67)) | AB67: =IF(A67="","",IF(COUNTA(L67:Q67)=0,K67,_xlfn.TEXTJOIN("・",TRUE,L67:Q67))) | AC67: =IF(B67="","",B67&"#"&(D67-1))
B68: =IF(A68="","",IFERROR(INDEX('前日確定'!$C$26:$C$45,MATCH(A68,'前日確定'!$B$26:$B$45,0)),"作業が見つかりません")) | C68: =IF(A68="","",IFERROR(INDEX('前日確定'!$D$26:$D$45,MATCH(A68,'前日確定'!$B$26:$B$45,0)),"")) | D68: =IF(B68="","",COUNTIF(B$26:B68,B68)) | E68: =IF(A68="","",IFERROR(IF(INDEX('前日確定'!$J$26:$J$45,MATCH(A68,'前日確定'!$B$26:$B$45,0))="","",INDEX('前日確定'!$J$26:$J$45,MATCH(A68,'前日確定'!$B$26:$B$45,0))),"")) | F68: =IF(A68="","",IFERROR(INDEX('前日確定'!$R$26:$R$45,MATCH(A68,'前日確定'!$B$26:$B$45,0)),"")) | I68: =IF(A68="","",IF(D68=1,E68,IFERROR(INDEX($AA$26:$AA$67,MATCH(AC68,$Z$26:$Z$67,0)),""))) | K68: =IF(A68="","",IF(D68=1,F68,IFERROR(INDEX($AB$26:$AB$67,MATCH(AC68,$Z$26:$Z$67,0)),""))) | Z68: =IF(B68="","",B68&"#"&D68) | AA68: =IF(A68="","",IF(J68="",I68,J68)) | AB68: =IF(A68="","",IF(COUNTA(L68:Q68)=0,K68,_xlfn.TEXTJOIN("・",TRUE,L68:Q68))) | AC68: =IF(B68="","",B68&"#"&(D68-1))
B69: =IF(A69="","",IFERROR(INDEX('前日確定'!$C$26:$C$45,MATCH(A69,'前日確定'!$B$26:$B$45,0)),"作業が見つかりません")) | C69: =IF(A69="","",IFERROR(INDEX('前日確定'!$D$26:$D$45,MATCH(A69,'前日確定'!$B$26:$B$45,0)),"")) | D69: =IF(B69="","",COUNTIF(B$26:B69,B69)) | E69: =IF(A69="","",IFERROR(IF(INDEX('前日確定'!$J$26:$J$45,MATCH(A69,'前日確定'!$B$26:$B$45,0))="","",INDEX('前日確定'!$J$26:$J$45,MATCH(A69,'前日確定'!$B$26:$B$45,0))),"")) | F69: =IF(A69="","",IFERROR(INDEX('前日確定'!$R$26:$R$45,MATCH(A69,'前日確定'!$B$26:$B$45,0)),"")) | I69: =IF(A69="","",IF(D69=1,E69,IFERROR(INDEX($AA$26:$AA$68,MATCH(AC69,$Z$26:$Z$68,0)),""))) | K69: =IF(A69="","",IF(D69=1,F69,IFERROR(INDEX($AB$26:$AB$68,MATCH(AC69,$Z$26:$Z$68,0)),""))) | Z69: =IF(B69="","",B69&"#"&D69) | AA69: =IF(A69="","",IF(J69="",I69,J69)) | AB69: =IF(A69="","",IF(COUNTA(L69:Q69)=0,K69,_xlfn.TEXTJOIN("・",TRUE,L69:Q69))) | AC69: =IF(B69="","",B69&"#"&(D69-1))
B70: =IF(A70="","",IFERROR(INDEX('前日確定'!$C$26:$C$45,MATCH(A70,'前日確定'!$B$26:$B$45,0)),"作業が見つかりません")) | C70: =IF(A70="","",IFERROR(INDEX('前日確定'!$D$26:$D$45,MATCH(A70,'前日確定'!$B$26:$B$45,0)),"")) | D70: =IF(B70="","",COUNTIF(B$26:B70,B70)) | E70: =IF(A70="","",IFERROR(IF(INDEX('前日確定'!$J$26:$J$45,MATCH(A70,'前日確定'!$B$26:$B$45,0))="","",INDEX('前日確定'!$J$26:$J$45,MATCH(A70,'前日確定'!$B$26:$B$45,0))),"")) | F70: =IF(A70="","",IFERROR(INDEX('前日確定'!$R$26:$R$45,MATCH(A70,'前日確定'!$B$26:$B$45,0)),"")) | I70: =IF(A70="","",IF(D70=1,E70,IFERROR(INDEX($AA$26:$AA$69,MATCH(AC70,$Z$26:$Z$69,0)),""))) | K70: =IF(A70="","",IF(D70=1,F70,IFERROR(INDEX($AB$26:$AB$69,MATCH(AC70,$Z$26:$Z$69,0)),""))) | Z70: =IF(B70="","",B70&"#"&D70) | AA70: =IF(A70="","",IF(J70="",I70,J70)) | AB70: =IF(A70="","",IF(COUNTA(L70:Q70)=0,K70,_xlfn.TEXTJOIN("・",TRUE,L70:Q70))) | AC70: =IF(B70="","",B70&"#"&(D70-1))
B71: =IF(A71="","",IFERROR(INDEX('前日確定'!$C$26:$C$45,MATCH(A71,'前日確定'!$B$26:$B$45,0)),"作業が見つかりません")) | C71: =IF(A71="","",IFERROR(INDEX('前日確定'!$D$26:$D$45,MATCH(A71,'前日確定'!$B$26:$B$45,0)),"")) | D71: =IF(B71="","",COUNTIF(B$26:B71,B71)) | E71: =IF(A71="","",IFERROR(IF(INDEX('前日確定'!$J$26:$J$45,MATCH(A71,'前日確定'!$B$26:$B$45,0))="","",INDEX('前日確定'!$J$26:$J$45,MATCH(A71,'前日確定'!$B$26:$B$45,0))),"")) | F71: =IF(A71="","",IFERROR(INDEX('前日確定'!$R$26:$R$45,MATCH(A71,'前日確定'!$B$26:$B$45,0)),"")) | I71: =IF(A71="","",IF(D71=1,E71,IFERROR(INDEX($AA$26:$AA$70,MATCH(AC71,$Z$26:$Z$70,0)),""))) | K71: =IF(A71="","",IF(D71=1,F71,IFERROR(INDEX($AB$26:$AB$70,MATCH(AC71,$Z$26:$Z$70,0)),""))) | Z71: =IF(B71="","",B71&"#"&D71) | AA71: =IF(A71="","",IF(J71="",I71,J71)) | AB71: =IF(A71="","",IF(COUNTA(L71:Q71)=0,K71,_xlfn.TEXTJOIN("・",TRUE,L71:Q71))) | AC71: =IF(B71="","",B71&"#"&(D71-1))
B72: =IF(A72="","",IFERROR(INDEX('前日確定'!$C$26:$C$45,MATCH(A72,'前日確定'!$B$26:$B$45,0)),"作業が見つかりません")) | C72: =IF(A72="","",IFERROR(INDEX('前日確定'!$D$26:$D$45,MATCH(A72,'前日確定'!$B$26:$B$45,0)),"")) | D72: =IF(B72="","",COUNTIF(B$26:B72,B72)) | E72: =IF(A72="","",IFERROR(IF(INDEX('前日確定'!$J$26:$J$45,MATCH(A72,'前日確定'!$B$26:$B$45,0))="","",INDEX('前日確定'!$J$26:$J$45,MATCH(A72,'前日確定'!$B$26:$B$45,0))),"")) | F72: =IF(A72="","",IFERROR(INDEX('前日確定'!$R$26:$R$45,MATCH(A72,'前日確定'!$B$26:$B$45,0)),"")) | I72: =IF(A72="","",IF(D72=1,E72,IFERROR(INDEX($AA$26:$AA$71,MATCH(AC72,$Z$26:$Z$71,0)),""))) | K72: =IF(A72="","",IF(D72=1,F72,IFERROR(INDEX($AB$26:$AB$71,MATCH(AC72,$Z$26:$Z$71,0)),""))) | Z72: =IF(B72="","",B72&"#"&D72) | AA72: =IF(A72="","",IF(J72="",I72,J72)) | AB72: =IF(A72="","",IF(COUNTA(L72:Q72)=0,K72,_xlfn.TEXTJOIN("・",TRUE,L72:Q72))) | AC72: =IF(B72="","",B72&"#"&(D72-1))
B73: =IF(A73="","",IFERROR(INDEX('前日確定'!$C$26:$C$45,MATCH(A73,'前日確定'!$B$26:$B$45,0)),"作業が見つかりません")) | C73: =IF(A73="","",IFERROR(INDEX('前日確定'!$D$26:$D$45,MATCH(A73,'前日確定'!$B$26:$B$45,0)),"")) | D73: =IF(B73="","",COUNTIF(B$26:B73,B73)) | E73: =IF(A73="","",IFERROR(IF(INDEX('前日確定'!$J$26:$J$45,MATCH(A73,'前日確定'!$B$26:$B$45,0))="","",INDEX('前日確定'!$J$26:$J$45,MATCH(A73,'前日確定'!$B$26:$B$45,0))),"")) | F73: =IF(A73="","",IFERROR(INDEX('前日確定'!$R$26:$R$45,MATCH(A73,'前日確定'!$B$26:$B$45,0)),"")) | I73: =IF(A73="","",IF(D73=1,E73,IFERROR(INDEX($AA$26:$AA$72,MATCH(AC73,$Z$26:$Z$72,0)),""))) | K73: =IF(A73="","",IF(D73=1,F73,IFERROR(INDEX($AB$26:$AB$72,MATCH(AC73,$Z$26:$Z$72,0)),""))) | Z73: =IF(B73="","",B73&"#"&D73) | AA73: =IF(A73="","",IF(J73="",I73,J73)) | AB73: =IF(A73="","",IF(COUNTA(L73:Q73)=0,K73,_xlfn.TEXTJOIN("・",TRUE,L73:Q73))) | AC73: =IF(B73="","",B73&"#"&(D73-1))
B74: =IF(A74="","",IFERROR(INDEX('前日確定'!$C$26:$C$45,MATCH(A74,'前日確定'!$B$26:$B$45,0)),"作業が見つかりません")) | C74: =IF(A74="","",IFERROR(INDEX('前日確定'!$D$26:$D$45,MATCH(A74,'前日確定'!$B$26:$B$45,0)),"")) | D74: =IF(B74="","",COUNTIF(B$26:B74,B74)) | E74: =IF(A74="","",IFERROR(IF(INDEX('前日確定'!$J$26:$J$45,MATCH(A74,'前日確定'!$B$26:$B$45,0))="","",INDEX('前日確定'!$J$26:$J$45,MATCH(A74,'前日確定'!$B$26:$B$45,0))),"")) | F74: =IF(A74="","",IFERROR(INDEX('前日確定'!$R$26:$R$45,MATCH(A74,'前日確定'!$B$26:$B$45,0)),"")) | I74: =IF(A74="","",IF(D74=1,E74,IFERROR(INDEX($AA$26:$AA$73,MATCH(AC74,$Z$26:$Z$73,0)),""))) | K74: =IF(A74="","",IF(D74=1,F74,IFERROR(INDEX($AB$26:$AB$73,MATCH(AC74,$Z$26:$Z$73,0)),""))) | Z74: =IF(B74="","",B74&"#"&D74) | AA74: =IF(A74="","",IF(J74="",I74,J74)) | AB74: =IF(A74="","",IF(COUNTA(L74:Q74)=0,K74,_xlfn.TEXTJOIN("・",TRUE,L74:Q74))) | AC74: =IF(B74="","",B74&"#"&(D74-1))
B75: =IF(A75="","",IFERROR(INDEX('前日確定'!$C$26:$C$45,MATCH(A75,'前日確定'!$B$26:$B$45,0)),"作業が見つかりません")) | C75: =IF(A75="","",IFERROR(INDEX('前日確定'!$D$26:$D$45,MATCH(A75,'前日確定'!$B$26:$B$45,0)),"")) | D75: =IF(B75="","",COUNTIF(B$26:B75,B75)) | E75: =IF(A75="","",IFERROR(IF(INDEX('前日確定'!$J$26:$J$45,MATCH(A75,'前日確定'!$B$26:$B$45,0))="","",INDEX('前日確定'!$J$26:$J$45,MATCH(A75,'前日確定'!$B$26:$B$45,0))),"")) | F75: =IF(A75="","",IFERROR(INDEX('前日確定'!$R$26:$R$45,MATCH(A75,'前日確定'!$B$26:$B$45,0)),"")) | I75: =IF(A75="","",IF(D75=1,E75,IFERROR(INDEX($AA$26:$AA$74,MATCH(AC75,$Z$26:$Z$74,0)),""))) | K75: =IF(A75="","",IF(D75=1,F75,IFERROR(INDEX($AB$26:$AB$74,MATCH(AC75,$Z$26:$Z$74,0)),""))) | Z75: =IF(B75="","",B75&"#"&D75) | AA75: =IF(A75="","",IF(J75="",I75,J75)) | AB75: =IF(A75="","",IF(COUNTA(L75:Q75)=0,K75,_xlfn.TEXTJOIN("・",TRUE,L75:Q75))) | AC75: =IF(B75="","",B75&"#"&(D75-1))
B76: =IF(A76="","",IFERROR(INDEX('前日確定'!$C$26:$C$45,MATCH(A76,'前日確定'!$B$26:$B$45,0)),"作業が見つかりません")) | C76: =IF(A76="","",IFERROR(INDEX('前日確定'!$D$26:$D$45,MATCH(A76,'前日確定'!$B$26:$B$45,0)),"")) | D76: =IF(B76="","",COUNTIF(B$26:B76,B76)) | E76: =IF(A76="","",IFERROR(IF(INDEX('前日確定'!$J$26:$J$45,MATCH(A76,'前日確定'!$B$26:$B$45,0))="","",INDEX('前日確定'!$J$26:$J$45,MATCH(A76,'前日確定'!$B$26:$B$45,0))),"")) | F76: =IF(A76="","",IFERROR(INDEX('前日確定'!$R$26:$R$45,MATCH(A76,'前日確定'!$B$26:$B$45,0)),"")) | I76: =IF(A76="","",IF(D76=1,E76,IFERROR(INDEX($AA$26:$AA$75,MATCH(AC76,$Z$26:$Z$75,0)),""))) | K76: =IF(A76="","",IF(D76=1,F76,IFERROR(INDEX($AB$26:$AB$75,MATCH(AC76,$Z$26:$Z$75,0)),""))) | Z76: =IF(B76="","",B76&"#"&D76) | AA76: =IF(A76="","",IF(J76="",I76,J76)) | AB76: =IF(A76="","",IF(COUNTA(L76:Q76)=0,K76,_xlfn.TEXTJOIN("・",TRUE,L76:Q76))) | AC76: =IF(B76="","",B76&"#"&(D76-1))
B77: =IF(A77="","",IFERROR(INDEX('前日確定'!$C$26:$C$45,MATCH(A77,'前日確定'!$B$26:$B$45,0)),"作業が見つかりません")) | C77: =IF(A77="","",IFERROR(INDEX('前日確定'!$D$26:$D$45,MATCH(A77,'前日確定'!$B$26:$B$45,0)),"")) | D77: =IF(B77="","",COUNTIF(B$26:B77,B77)) | E77: =IF(A77="","",IFERROR(IF(INDEX('前日確定'!$J$26:$J$45,MATCH(A77,'前日確定'!$B$26:$B$45,0))="","",INDEX('前日確定'!$J$26:$J$45,MATCH(A77,'前日確定'!$B$26:$B$45,0))),"")) | F77: =IF(A77="","",IFERROR(INDEX('前日確定'!$R$26:$R$45,MATCH(A77,'前日確定'!$B$26:$B$45,0)),"")) | I77: =IF(A77="","",IF(D77=1,E77,IFERROR(INDEX($AA$26:$AA$76,MATCH(AC77,$Z$26:$Z$76,0)),""))) | K77: =IF(A77="","",IF(D77=1,F77,IFERROR(INDEX($AB$26:$AB$76,MATCH(AC77,$Z$26:$Z$76,0)),""))) | Z77: =IF(B77="","",B77&"#"&D77) | AA77: =IF(A77="","",IF(J77="",I77,J77)) | AB77: =IF(A77="","",IF(COUNTA(L77:Q77)=0,K77,_xlfn.TEXTJOIN("・",TRUE,L77:Q77))) | AC77: =IF(B77="","",B77&"#"&(D77-1))
B78: =IF(A78="","",IFERROR(INDEX('前日確定'!$C$26:$C$45,MATCH(A78,'前日確定'!$B$26:$B$45,0)),"作業が見つかりません")) | C78: =IF(A78="","",IFERROR(INDEX('前日確定'!$D$26:$D$45,MATCH(A78,'前日確定'!$B$26:$B$45,0)),"")) | D78: =IF(B78="","",COUNTIF(B$26:B78,B78)) | E78: =IF(A78="","",IFERROR(IF(INDEX('前日確定'!$J$26:$J$45,MATCH(A78,'前日確定'!$B$26:$B$45,0))="","",INDEX('前日確定'!$J$26:$J$45,MATCH(A78,'前日確定'!$B$26:$B$45,0))),"")) | F78: =IF(A78="","",IFERROR(INDEX('前日確定'!$R$26:$R$45,MATCH(A78,'前日確定'!$B$26:$B$45,0)),"")) | I78: =IF(A78="","",IF(D78=1,E78,IFERROR(INDEX($AA$26:$AA$77,MATCH(AC78,$Z$26:$Z$77,0)),""))) | K78: =IF(A78="","",IF(D78=1,F78,IFERROR(INDEX($AB$26:$AB$77,MATCH(AC78,$Z$26:$Z$77,0)),""))) | Z78: =IF(B78="","",B78&"#"&D78) | AA78: =IF(A78="","",IF(J78="",I78,J78)) | AB78: =IF(A78="","",IF(COUNTA(L78:Q78)=0,K78,_xlfn.TEXTJOIN("・",TRUE,L78:Q78))) | AC78: =IF(B78="","",B78&"#"&(D78-1))
B79: =IF(A79="","",IFERROR(INDEX('前日確定'!$C$26:$C$45,MATCH(A79,'前日確定'!$B$26:$B$45,0)),"作業が見つかりません")) | C79: =IF(A79="","",IFERROR(INDEX('前日確定'!$D$26:$D$45,MATCH(A79,'前日確定'!$B$26:$B$45,0)),"")) | D79: =IF(B79="","",COUNTIF(B$26:B79,B79)) | E79: =IF(A79="","",IFERROR(IF(INDEX('前日確定'!$J$26:$J$45,MATCH(A79,'前日確定'!$B$26:$B$45,0))="","",INDEX('前日確定'!$J$26:$J$45,MATCH(A79,'前日確定'!$B$26:$B$45,0))),"")) | F79: =IF(A79="","",IFERROR(INDEX('前日確定'!$R$26:$R$45,MATCH(A79,'前日確定'!$B$26:$B$45,0)),"")) | I79: =IF(A79="","",IF(D79=1,E79,IFERROR(INDEX($AA$26:$AA$78,MATCH(AC79,$Z$26:$Z$78,0)),""))) | K79: =IF(A79="","",IF(D79=1,F79,IFERROR(INDEX($AB$26:$AB$78,MATCH(AC79,$Z$26:$Z$78,0)),""))) | Z79: =IF(B79="","",B79&"#"&D79) | AA79: =IF(A79="","",IF(J79="",I79,J79)) | AB79: =IF(A79="","",IF(COUNTA(L79:Q79)=0,K79,_xlfn.TEXTJOIN("・",TRUE,L79:Q79))) | AC79: =IF(B79="","",B79&"#"&(D79-1))
B80: =IF(A80="","",IFERROR(INDEX('前日確定'!$C$26:$C$45,MATCH(A80,'前日確定'!$B$26:$B$45,0)),"作業が見つかりません")) | C80: =IF(A80="","",IFERROR(INDEX('前日確定'!$D$26:$D$45,MATCH(A80,'前日確定'!$B$26:$B$45,0)),"")) | D80: =IF(B80="","",COUNTIF(B$26:B80,B80)) | E80: =IF(A80="","",IFERROR(IF(INDEX('前日確定'!$J$26:$J$45,MATCH(A80,'前日確定'!$B$26:$B$45,0))="","",INDEX('前日確定'!$J$26:$J$45,MATCH(A80,'前日確定'!$B$26:$B$45,0))),"")) | F80: =IF(A80="","",IFERROR(INDEX('前日確定'!$R$26:$R$45,MATCH(A80,'前日確定'!$B$26:$B$45,0)),"")) | I80: =IF(A80="","",IF(D80=1,E80,IFERROR(INDEX($AA$26:$AA$79,MATCH(AC80,$Z$26:$Z$79,0)),""))) | K80: =IF(A80="","",IF(D80=1,F80,IFERROR(INDEX($AB$26:$AB$79,MATCH(AC80,$Z$26:$Z$79,0)),""))) | Z80: =IF(B80="","",B80&"#"&D80) | AA80: =IF(A80="","",IF(J80="",I80,J80)) | AB80: =IF(A80="","",IF(COUNTA(L80:Q80)=0,K80,_xlfn.TEXTJOIN("・",TRUE,L80:Q80))) | AC80: =IF(B80="","",B80&"#"&(D80-1))
B81: =IF(A81="","",IFERROR(INDEX('前日確定'!$C$26:$C$45,MATCH(A81,'前日確定'!$B$26:$B$45,0)),"作業が見つかりません")) | C81: =IF(A81="","",IFERROR(INDEX('前日確定'!$D$26:$D$45,MATCH(A81,'前日確定'!$B$26:$B$45,0)),"")) | D81: =IF(B81="","",COUNTIF(B$26:B81,B81)) | E81: =IF(A81="","",IFERROR(IF(INDEX('前日確定'!$J$26:$J$45,MATCH(A81,'前日確定'!$B$26:$B$45,0))="","",INDEX('前日確定'!$J$26:$J$45,MATCH(A81,'前日確定'!$B$26:$B$45,0))),"")) | F81: =IF(A81="","",IFERROR(INDEX('前日確定'!$R$26:$R$45,MATCH(A81,'前日確定'!$B$26:$B$45,0)),"")) | I81: =IF(A81="","",IF(D81=1,E81,IFERROR(INDEX($AA$26:$AA$80,MATCH(AC81,$Z$26:$Z$80,0)),""))) | K81: =IF(A81="","",IF(D81=1,F81,IFERROR(INDEX($AB$26:$AB$80,MATCH(AC81,$Z$26:$Z$80,0)),""))) | Z81: =IF(B81="","",B81&"#"&D81) | AA81: =IF(A81="","",IF(J81="",I81,J81)) | AB81: =IF(A81="","",IF(COUNTA(L81:Q81)=0,K81,_xlfn.TEXTJOIN("・",TRUE,L81:Q81))) | AC81: =IF(B81="","",B81&"#"&(D81-1))
B82: =IF(A82="","",IFERROR(INDEX('前日確定'!$C$26:$C$45,MATCH(A82,'前日確定'!$B$26:$B$45,0)),"作業が見つかりません")) | C82: =IF(A82="","",IFERROR(INDEX('前日確定'!$D$26:$D$45,MATCH(A82,'前日確定'!$B$26:$B$45,0)),"")) | D82: =IF(B82="","",COUNTIF(B$26:B82,B82)) | E82: =IF(A82="","",IFERROR(IF(INDEX('前日確定'!$J$26:$J$45,MATCH(A82,'前日確定'!$B$26:$B$45,0))="","",INDEX('前日確定'!$J$26:$J$45,MATCH(A82,'前日確定'!$B$26:$B$45,0))),"")) | F82: =IF(A82="","",IFERROR(INDEX('前日確定'!$R$26:$R$45,MATCH(A82,'前日確定'!$B$26:$B$45,0)),"")) | I82: =IF(A82="","",IF(D82=1,E82,IFERROR(INDEX($AA$26:$AA$81,MATCH(AC82,$Z$26:$Z$81,0)),""))) | K82: =IF(A82="","",IF(D82=1,F82,IFERROR(INDEX($AB$26:$AB$81,MATCH(AC82,$Z$26:$Z$81,0)),""))) | Z82: =IF(B82="","",B82&"#"&D82) | AA82: =IF(A82="","",IF(J82="",I82,J82)) | AB82: =IF(A82="","",IF(COUNTA(L82:Q82)=0,K82,_xlfn.TEXTJOIN("・",TRUE,L82:Q82))) | AC82: =IF(B82="","",B82&"#"&(D82-1))
B83: =IF(A83="","",IFERROR(INDEX('前日確定'!$C$26:$C$45,MATCH(A83,'前日確定'!$B$26:$B$45,0)),"作業が見つかりません")) | C83: =IF(A83="","",IFERROR(INDEX('前日確定'!$D$26:$D$45,MATCH(A83,'前日確定'!$B$26:$B$45,0)),"")) | D83: =IF(B83="","",COUNTIF(B$26:B83,B83)) | E83: =IF(A83="","",IFERROR(IF(INDEX('前日確定'!$J$26:$J$45,MATCH(A83,'前日確定'!$B$26:$B$45,0))="","",INDEX('前日確定'!$J$26:$J$45,MATCH(A83,'前日確定'!$B$26:$B$45,0))),"")) | F83: =IF(A83="","",IFERROR(INDEX('前日確定'!$R$26:$R$45,MATCH(A83,'前日確定'!$B$26:$B$45,0)),"")) | I83: =IF(A83="","",IF(D83=1,E83,IFERROR(INDEX($AA$26:$AA$82,MATCH(AC83,$Z$26:$Z$82,0)),""))) | K83: =IF(A83="","",IF(D83=1,F83,IFERROR(INDEX($AB$26:$AB$82,MATCH(AC83,$Z$26:$Z$82,0)),""))) | Z83: =IF(B83="","",B83&"#"&D83) | AA83: =IF(A83="","",IF(J83="",I83,J83)) | AB83: =IF(A83="","",IF(COUNTA(L83:Q83)=0,K83,_xlfn.TEXTJOIN("・",TRUE,L83:Q83))) | AC83: =IF(B83="","",B83&"#"&(D83-1))
B84: =IF(A84="","",IFERROR(INDEX('前日確定'!$C$26:$C$45,MATCH(A84,'前日確定'!$B$26:$B$45,0)),"作業が見つかりません")) | C84: =IF(A84="","",IFERROR(INDEX('前日確定'!$D$26:$D$45,MATCH(A84,'前日確定'!$B$26:$B$45,0)),"")) | D84: =IF(B84="","",COUNTIF(B$26:B84,B84)) | E84: =IF(A84="","",IFERROR(IF(INDEX('前日確定'!$J$26:$J$45,MATCH(A84,'前日確定'!$B$26:$B$45,0))="","",INDEX('前日確定'!$J$26:$J$45,MATCH(A84,'前日確定'!$B$26:$B$45,0))),"")) | F84: =IF(A84="","",IFERROR(INDEX('前日確定'!$R$26:$R$45,MATCH(A84,'前日確定'!$B$26:$B$45,0)),"")) | I84: =IF(A84="","",IF(D84=1,E84,IFERROR(INDEX($AA$26:$AA$83,MATCH(AC84,$Z$26:$Z$83,0)),""))) | K84: =IF(A84="","",IF(D84=1,F84,IFERROR(INDEX($AB$26:$AB$83,MATCH(AC84,$Z$26:$Z$83,0)),""))) | Z84: =IF(B84="","",B84&"#"&D84) | AA84: =IF(A84="","",IF(J84="",I84,J84)) | AB84: =IF(A84="","",IF(COUNTA(L84:Q84)=0,K84,_xlfn.TEXTJOIN("・",TRUE,L84:Q84))) | AC84: =IF(B84="","",B84&"#"&(D84-1))
B85: =IF(A85="","",IFERROR(INDEX('前日確定'!$C$26:$C$45,MATCH(A85,'前日確定'!$B$26:$B$45,0)),"作業が見つかりません")) | C85: =IF(A85="","",IFERROR(INDEX('前日確定'!$D$26:$D$45,MATCH(A85,'前日確定'!$B$26:$B$45,0)),"")) | D85: =IF(B85="","",COUNTIF(B$26:B85,B85)) | E85: =IF(A85="","",IFERROR(IF(INDEX('前日確定'!$J$26:$J$45,MATCH(A85,'前日確定'!$B$26:$B$45,0))="","",INDEX('前日確定'!$J$26:$J$45,MATCH(A85,'前日確定'!$B$26:$B$45,0))),"")) | F85: =IF(A85="","",IFERROR(INDEX('前日確定'!$R$26:$R$45,MATCH(A85,'前日確定'!$B$26:$B$45,0)),"")) | I85: =IF(A85="","",IF(D85=1,E85,IFERROR(INDEX($AA$26:$AA$84,MATCH(AC85,$Z$26:$Z$84,0)),""))) | K85: =IF(A85="","",IF(D85=1,F85,IFERROR(INDEX($AB$26:$AB$84,MATCH(AC85,$Z$26:$Z$84,0)),""))) | Z85: =IF(B85="","",B85&"#"&D85) | AA85: =IF(A85="","",IF(J85="",I85,J85)) | AB85: =IF(A85="","",IF(COUNTA(L85:Q85)=0,K85,_xlfn.TEXTJOIN("・",TRUE,L85:Q85))) | AC85: =IF(B85="","",B85&"#"&(D85-1))

Sheet 入渠
A1: 入渠（作業に使えない期間）
A2: 誰が：上田（製鉄曳船）・西日本海運担当者（西日本海運）、他社は分かる範囲 何を見て：入渠の記録 どこへ：A6から1隻・1回ごとに1行
A3: 集計先：「集計」の対象日に入渠で使えない船数
A5: 船名【入力・選択】 | B5: 会社【自動】 | C5: 入渠開始日【入力】 | D5: 作業復帰日【入力】 | E5: 情報元【入力】 | F5: 確認状況【入力・選択】 | G5: 対象日に使えない【自動】
B6: =IF(A6="","",IFERROR(INDEX(マスター!$C$6:$C$125,MATCH(A6,マスター!$M$6:$M$125,0))&"","マスター未登録")) | G6: =IF(OR(A6="",C6=""),"",IF(AND(集計!$C$5>=C6,OR(D6="",集計!$C$5<D6)),"○",""))
B7: =IF(A7="","",IFERROR(INDEX(マスター!$C$6:$C$125,MATCH(A7,マスター!$M$6:$M$125,0))&"","マスター未登録")) | G7: =IF(OR(A7="",C7=""),"",IF(AND(集計!$C$5>=C7,OR(D7="",集計!$C$5<D7)),"○",""))
B8: =IF(A8="","",IFERROR(INDEX(マスター!$C$6:$C$125,MATCH(A8,マスター!$M$6:$M$125,0))&"","マスター未登録")) | G8: =IF(OR(A8="",C8=""),"",IF(AND(集計!$C$5>=C8,OR(D8="",集計!$C$5<D8)),"○",""))
B9: =IF(A9="","",IFERROR(INDEX(マスター!$C$6:$C$125,MATCH(A9,マスター!$M$6:$M$125,0))&"","マスター未登録")) | G9: =IF(OR(A9="",C9=""),"",IF(AND(集計!$C$5>=C9,OR(D9="",集計!$C$5<D9)),"○",""))
B10: =IF(A10="","",IFERROR(INDEX(マスター!$C$6:$C$125,MATCH(A10,マスター!$M$6:$M$125,0))&"","マスター未登録")) | G10: =IF(OR(A10="",C10=""),"",IF(AND(集計!$C$5>=C10,OR(D10="",集計!$C$5<D10)),"○",""))
B11: =IF(A11="","",IFERROR(INDEX(マスター!$C$6:$C$125,MATCH(A11,マスター!$M$6:$M$125,0))&"","マスター未登録")) | G11: =IF(OR(A11="",C11=""),"",IF(AND(集計!$C$5>=C11,OR(D11="",集計!$C$5<D11)),"○",""))
B12: =IF(A12="","",IFERROR(INDEX(マスター!$C$6:$C$125,MATCH(A12,マスター!$M$6:$M$125,0))&"","マスター未登録")) | G12: =IF(OR(A12="",C12=""),"",IF(AND(集計!$C$5>=C12,OR(D12="",集計!$C$5<D12)),"○",""))
B13: =IF(A13="","",IFERROR(INDEX(マスター!$C$6:$C$125,MATCH(A13,マスター!$M$6:$M$125,0))&"","マスター未登録")) | G13: =IF(OR(A13="",C13=""),"",IF(AND(集計!$C$5>=C13,OR(D13="",集計!$C$5<D13)),"○",""))
B14: =IF(A14="","",IFERROR(INDEX(マスター!$C$6:$C$125,MATCH(A14,マスター!$M$6:$M$125,0))&"","マスター未登録")) | G14: =IF(OR(A14="",C14=""),"",IF(AND(集計!$C$5>=C14,OR(D14="",集計!$C$5<D14)),"○",""))
B15: =IF(A15="","",IFERROR(INDEX(マスター!$C$6:$C$125,MATCH(A15,マスター!$M$6:$M$125,0))&"","マスター未登録")) | G15: =IF(OR(A15="",C15=""),"",IF(AND(集計!$C$5>=C15,OR(D15="",集計!$C$5<D15)),"○",""))
B16: =IF(A16="","",IFERROR(INDEX(マスター!$C$6:$C$125,MATCH(A16,マスター!$M$6:$M$125,0))&"","マスター未登録")) | G16: =IF(OR(A16="",C16=""),"",IF(AND(集計!$C$5>=C16,OR(D16="",集計!$C$5<D16)),"○",""))
B17: =IF(A17="","",IFERROR(INDEX(マスター!$C$6:$C$125,MATCH(A17,マスター!$M$6:$M$125,0))&"","マスター未登録")) | G17: =IF(OR(A17="",C17=""),"",IF(AND(集計!$C$5>=C17,OR(D17="",集計!$C$5<D17)),"○",""))
... B55: =IF(A55="","",IFERROR(INDEX(マスター!$C$6:$C$125,MATCH(A55,マスター!$M$6:$M$125,0))&"","マスター未登録")) | G55: =IF(OR(A55="",C55=""),"",IF(AND(集計!$C$5>=C55,OR(D55="",集計!$C$5<D55)),"○",""))

Sheet 他港作業
A1: 他港作業（西日本海運の全他港作業。関豊丸・長豊丸に限定しない）
A2: 誰が：西日本海運担当者 何を見て：西日本海運の作業記録 どこへ：A6から1作業ごとに1行。実時刻が分からない場合は「時刻の確認状況」で区別
A3: 集計先：「集計」の対象日に他港作業で拘束された船数
A5: 船名【入力・選択】 | B5: 会社【自動】 | C5: 作業港【入力】 | D5: 基地発日時【入力】 | E5: 基地着日時【入力】 | F5: 時刻の確認状況【入力・選択】 | G5: 情報元【入力】 | H5: 確認者【入力】 | I5: 対象日に拘束【自動】 | J5: 会社の確認【自動】
B6: =IF(A6="","",IFERROR(INDEX(マスター!$C$6:$C$125,MATCH(A6,マスター!$M$6:$M$125,0))&"","マスター未登録")) | I6: =IF(OR(A6="",D6=""),"",IF(AND(D6<集計!$C$5+1,OR(E6="",E6>集計!$C$5)),"○","")) | J6: =IF(A6="","",IF(B6="西日本海運","","西日本海運以外の船です（確認してください）"))
B7: =IF(A7="","",IFERROR(INDEX(マスター!$C$6:$C$125,MATCH(A7,マスター!$M$6:$M$125,0))&"","マスター未登録")) | I7: =IF(OR(A7="",D7=""),"",IF(AND(D7<集計!$C$5+1,OR(E7="",E7>集計!$C$5)),"○","")) | J7: =IF(A7="","",IF(B7="西日本海運","","西日本海運以外の船です（確認してください）"))
B8: =IF(A8="","",IFERROR(INDEX(マスター!$C$6:$C$125,MATCH(A8,マスター!$M$6:$M$125,0))&"","マスター未登録")) | I8: =IF(OR(A8="",D8=""),"",IF(AND(D8<集計!$C$5+1,OR(E8="",E8>集計!$C$5)),"○","")) | J8: =IF(A8="","",IF(B8="西日本海運","","西日本海運以外の船です（確認してください）"))
B9: =IF(A9="","",IFERROR(INDEX(マスター!$C$6:$C$125,MATCH(A9,マスター!$M$6:$M$125,0))&"","マスター未登録")) | I9: =IF(OR(A9="",D9=""),"",IF(AND(D9<集計!$C$5+1,OR(E9="",E9>集計!$C$5)),"○","")) | J9: =IF(A9="","",IF(B9="西日本海運","","西日本海運以外の船です（確認してください）"))
B10: =IF(A10="","",IFERROR(INDEX(マスター!$C$6:$C$125,MATCH(A10,マスター!$M$6:$M$125,0))&"","マスター未登録")) | I10: =IF(OR(A10="",D10=""),"",IF(AND(D10<集計!$C$5+1,OR(E10="",E10>集計!$C$5)),"○","")) | J10: =IF(A10="","",IF(B10="西日本海運","","西日本海運以外の船です（確認してください）"))
B11: =IF(A11="","",IFERROR(INDEX(マスター!$C$6:$C$125,MATCH(A11,マスター!$M$6:$M$125,0))&"","マスター未登録")) | I11: =IF(OR(A11="",D11=""),"",IF(AND(D11<集計!$C$5+1,OR(E11="",E11>集計!$C$5)),"○","")) | J11: =IF(A11="","",IF(B11="西日本海運","","西日本海運以外の船です（確認してください）"))
B12: =IF(A12="","",IFERROR(INDEX(マスター!$C$6:$C$125,MATCH(A12,マスター!$M$6:$M$125,0))&"","マスター未登録")) | I12: =IF(OR(A12="",D12=""),"",IF(AND(D12<集計!$C$5+1,OR(E12="",E12>集計!$C$5)),"○","")) | J12: =IF(A12="","",IF(B12="西日本海運","","西日本海運以外の船です（確認してください）"))
B13: =IF(A13="","",IFERROR(INDEX(マスター!$C$6:$C$125,MATCH(A13,マスター!$M$6:$M$125,0))&"","マスター未登録")) | I13: =IF(OR(A13="",D13=""),"",IF(AND(D13<集計!$C$5+1,OR(E13="",E13>集計!$C$5)),"○","")) | J13: =IF(A13="","",IF(B13="西日本海運","","西日本海運以外の船です（確認してください）"))
B14: =IF(A14="","",IFERROR(INDEX(マスター!$C$6:$C$125,MATCH(A14,マスター!$M$6:$M$125,0))&"","マスター未登録")) | I14: =IF(OR(A14="",D14=""),"",IF(AND(D14<集計!$C$5+1,OR(E14="",E14>集計!$C$5)),"○","")) | J14: =IF(A14="","",IF(B14="西日本海運","","西日本海運以外の船です（確認してください）"))
B15: =IF(A15="","",IFERROR(INDEX(マスター!$C$6:$C$125,MATCH(A15,マスター!$M$6:$M$125,0))&"","マスター未登録")) | I15: =IF(OR(A15="",D15=""),"",IF(AND(D15<集計!$C$5+1,OR(E15="",E15>集計!$C$5)),"○","")) | J15: =IF(A15="","",IF(B15="西日本海運","","西日本海運以外の船です（確認してください）"))
B16: =IF(A16="","",IFERROR(INDEX(マスター!$C$6:$C$125,MATCH(A16,マスター!$M$6:$M$125,0))&"","マスター未登録")) | I16: =IF(OR(A16="",D16=""),"",IF(AND(D16<集計!$C$5+1,OR(E16="",E16>集計!$C$5)),"○","")) | J16: =IF(A16="","",IF(B16="西日本海運","","西日本海運以外の船です（確認してください）"))
B17: =IF(A17="","",IFERROR(INDEX(マスター!$C$6:$C$125,MATCH(A17,マスター!$M$6:$M$125,0))&"","マスター未登録")) | I17: =IF(OR(A17="",D17=""),"",IF(AND(D17<集計!$C$5+1,OR(E17="",E17>集計!$C$5)),"○","")) | J17: =IF(A17="","",IF(B17="西日本海運","","西日本海運以外の船です（確認してください）"))
... B55: =IF(A55="","",IFERROR(INDEX(マスター!$C$6:$C$125,MATCH(A55,マスター!$M$6:$M$125,0))&"","マスター未登録")) | I55: =IF(OR(A55="",D55=""),"",IF(AND(D55<集計!$C$5+1,OR(E55="",E55>集計!$C$5)),"○","")) | J55: =IF(A55="","",IF(B55="西日本海運","","西日本海運以外の船です（確認してください）"))

Sheet 他社配置
A1: 他社配置（若松・関門等の他社の体制）
A2: 誰が：上田（分かる範囲） 何を見て：他社の配置・入渠・他港作業の情報 どこへ：A6から会社・船ごとに1行。配置の記録であり、応援の依頼に応じられたかとは別
A3: 集計先：「集計」の対象日の他社配置の記録数。2025年の配置は将来の応援確約ではありません。
A5: 会社【入力・選択】 | B5: 船名【入力・選択】 | C5: 配置港【入力】 | D5: 対象期間の開始日【入力】 | E5: 対象期間の終了日【入力】 | F5: 入渠・他港拘束（分かれば）【入力】 | G5: 情報元【入力】 | H5: 確認日【入力】 | I5: 対象日に配置【自動】 | J5: 船名と会社の一致【自動】
I6: =IF(OR(A6="",D6=""),"",IF(AND(集計!$C$5>=D6,OR(E6="",集計!$C$5<=E6)),"○","")) | J6: =IF(OR(A6="",B6=""),"",IF(IFERROR(INDEX(マスター!$C$6:$C$125,MATCH(B6,マスター!$M$6:$M$125,0))&"","")=A6,"","マスターの会社と異なります"))
I7: =IF(OR(A7="",D7=""),"",IF(AND(集計!$C$5>=D7,OR(E7="",集計!$C$5<=E7)),"○","")) | J7: =IF(OR(A7="",B7=""),"",IF(IFERROR(INDEX(マスター!$C$6:$C$125,MATCH(B7,マスター!$M$6:$M$125,0))&"","")=A7,"","マスターの会社と異なります"))
I8: =IF(OR(A8="",D8=""),"",IF(AND(集計!$C$5>=D8,OR(E8="",集計!$C$5<=E8)),"○","")) | J8: =IF(OR(A8="",B8=""),"",IF(IFERROR(INDEX(マスター!$C$6:$C$125,MATCH(B8,マスター!$M$6:$M$125,0))&"","")=A8,"","マスターの会社と異なります"))
I9: =IF(OR(A9="",D9=""),"",IF(AND(集計!$C$5>=D9,OR(E9="",集計!$C$5<=E9)),"○","")) | J9: =IF(OR(A9="",B9=""),"",IF(IFERROR(INDEX(マスター!$C$6:$C$125,MATCH(B9,マスター!$M$6:$M$125,0))&"","")=A9,"","マスターの会社と異なります"))
I10: =IF(OR(A10="",D10=""),"",IF(AND(集計!$C$5>=D10,OR(E10="",集計!$C$5<=E10)),"○","")) | J10: =IF(OR(A10="",B10=""),"",IF(IFERROR(INDEX(マスター!$C$6:$C$125,MATCH(B10,マスター!$M$6:$M$125,0))&"","")=A10,"","マスターの会社と異なります"))
I11: =IF(OR(A11="",D11=""),"",IF(AND(集計!$C$5>=D11,OR(E11="",集計!$C$5<=E11)),"○","")) | J11: =IF(OR(A11="",B11=""),"",IF(IFERROR(INDEX(マスター!$C$6:$C$125,MATCH(B11,マスター!$M$6:$M$125,0))&"","")=A11,"","マスターの会社と異なります"))
I12: =IF(OR(A12="",D12=""),"",IF(AND(集計!$C$5>=D12,OR(E12="",集計!$C$5<=E12)),"○","")) | J12: =IF(OR(A12="",B12=""),"",IF(IFERROR(INDEX(マスター!$C$6:$C$125,MATCH(B12,マスター!$M$6:$M$125,0))&"","")=A12,"","マスターの会社と異なります"))
I13: =IF(OR(A13="",D13=""),"",IF(AND(集計!$C$5>=D13,OR(E13="",集計!$C$5<=E13)),"○","")) | J13: =IF(OR(A13="",B13=""),"",IF(IFERROR(INDEX(マスター!$C$6:$C$125,MATCH(B13,マスター!$M$6:$M$125,0))&"","")=A13,"","マスターの会社と異なります"))
I14: =IF(OR(A14="",D14=""),"",IF(AND(集計!$C$5>=D14,OR(E14="",集計!$C$5<=E14)),"○","")) | J14: =IF(OR(A14="",B14=""),"",IF(IFERROR(INDEX(マスター!$C$6:$C$125,MATCH(B14,マスター!$M$6:$M$125,0))&"","")=A14,"","マスターの会社と異なります"))
I15: =IF(OR(A15="",D15=""),"",IF(AND(集計!$C$5>=D15,OR(E15="",集計!$C$5<=E15)),"○","")) | J15: =IF(OR(A15="",B15=""),"",IF(IFERROR(INDEX(マスター!$C$6:$C$125,MATCH(B15,マスター!$M$6:$M$125,0))&"","")=A15,"","マスターの会社と異なります"))
I16: =IF(OR(A16="",D16=""),"",IF(AND(集計!$C$5>=D16,OR(E16="",集計!$C$5<=E16)),"○","")) | J16: =IF(OR(A16="",B16=""),"",IF(IFERROR(INDEX(マスター!$C$6:$C$125,MATCH(B16,マスター!$M$6:$M$125,0))&"","")=A16,"","マスターの会社と異なります"))
I17: =IF(OR(A17="",D17=""),"",IF(AND(集計!$C$5>=D17,OR(E17="",集計!$C$5<=E17)),"○","")) | J17: =IF(OR(A17="",B17=""),"",IF(IFERROR(INDEX(マスター!$C$6:$C$125,MATCH(B17,マスター!$M$6:$M$125,0))&"","")=A17,"","マスターの会社と異なります"))
... I55: =IF(OR(A55="",D55=""),"",IF(AND(集計!$C$5>=D55,OR(E55="",集計!$C$5<=E55)),"○","")) | J55: =IF(OR(A55="",B55=""),"",IF(IFERROR(INDEX(マスター!$C$6:$C$125,MATCH(B55,マスター!$M$6:$M$125,0))&"","")=A55,"","マスターの会社と異なります"))

Sheet 標準時間
A1: 標準時間（基地発から基地着までの見込み）
A2: 誰が：八幡タグ＝上田、西日本海運タグ＝西日本海運担当者 何を見て：運航の実態 どこへ：A6から会社・基地港・バース・作業内容ごとに1行（LNG入港・出港・警戒は分ける）
A3: 集計先：今後の標準時間による推計（実測とは区別して表示）。右の上田資料の目安は起点が未確認のため参考表示のみ。
P4: 参考：上田資料「1作業平均使用曳船隻数・曳船拘束時間集計」（基地出発～基地帰着の目安と記載。基地港・起点の詳細は未確認。入力欄ではありません）
A5: 会社【入力・選択】 | B5: 基地港【入力・選択】 | C5: バース【入力】 | D5: 作業内容【入力・選択】 | E5: 予定時刻の基準【入力・選択】 | F5: 基地から現場への移動（分）【入力】 | G5: 作業（分）【入力】 | H5: 帰航（分）【入力】 | I5: 合計（分）【自動】 | J5: 適用開始日【入力】 | K5: 適用終了日【入力】 | L5: 確認者【入力】 | M5: 情報元【入力】 | N5: 確認状況【入力・選択】 | P5: 区分 | Q5: 平均使用隻数 | R5: 標準的な拘束時間 | S5: 最大の拘束時間
I6: =IF(COUNT(F6:H6)=0,"",SUM(F6:H6)) | P6: LNG | Q6: 5.0隻 | R6: 入港 六連 回頭5.0H／連れ船4.0H、出港2.0H | S6: 入港6.0H、出港2.5H
I7: =IF(COUNT(F7:H7)=0,"",SUM(F7:H7)) | P7: 副原料 | Q7: 1.8隻 | R7: 入港2.5H、出港1.0H | S7: 入港3.5H、出港1.0H
I8: =IF(COUNT(F8:H8)=0,"",SUM(F8:H8)) | P8: 安瀬石炭 | Q8: 3.6隻 | R8: 入港 六連 回頭3.0H／連れ船2.5H／部埼3.0H、出港2.0H | S8: 入港4.5H、出港2.0H
I9: =IF(COUNT(F9:H9)=0,"",SUM(F9:H9)) | P9: 内浦 | Q9: 1.7隻 | R9: 入港2.0H、出港1.5H | S9: 入港3.0H、出港2.0H
I10: =IF(COUNT(F10:H10)=0,"",SUM(F10:H10)) | P10: 八幡 | Q10: 1.9隻 | R10: 入港1.5H、出港1.0H | S10: 入港2.0H、出港2.0H
I11: =IF(COUNT(F11:H11)=0,"",SUM(F11:H11)) | P11: 鋼材シフト（日本製鉄作業） | Q11: 2.0隻 | R11: シフト2.0H | S11: シフト2.5H
I12: =IF(COUNT(F12:H12)=0,"",SUM(F12:H12))
I13: =IF(COUNT(F13:H13)=0,"",SUM(F13:H13))
I14: =IF(COUNT(F14:H14)=0,"",SUM(F14:H14))
I15: =IF(COUNT(F15:H15)=0,"",SUM(F15:H15))
I16: =IF(COUNT(F16:H16)=0,"",SUM(F16:H16))
I17: =IF(COUNT(F17:H17)=0,"",SUM(F17:H17))
I18: =IF(COUNT(F18:H18)=0,"",SUM(F18:H18))
I19: =IF(COUNT(F19:H19)=0,"",SUM(F19:H19))
I20: =IF(COUNT(F20:H20)=0,"",SUM(F20:H20))
I21: =IF(COUNT(F21:H21)=0,"",SUM(F21:H21))
I22: =IF(COUNT(F22:H22)=0,"",SUM(F22:H22))
I23: =IF(COUNT(F23:H23)=0,"",SUM(F23:H23))
... I55: =IF(COUNT(F55:H55)=0,"",SUM(F55:H55))

Sheet マスター
A1: マスター（会社・船名・基地港・選択肢）
A2: 誰が：上田・各担当者 何を見て：要目表・元帳・予定表 どこへ：薄黄色の行の下の空き行へ追加（空行を空けずに続けて入力）
A3: 集計先：全シートの選択肢（プルダウン）、実績の会社判定、集計の会社別。正式船名を入れると同じ船として1隻に数えます。
A4: ※ グリーンシッピングの応援船が4隻あった場合は、船名を確認のうえ下の空き行へ追加すると、選択肢・集計へ反映されます（元帳R7年度に出る同社の船名は要目表にある「むさし丸2」「かなで」の2隻のみ）。 | P4: ※ 会社を追加すると、会社の選択肢と「集計」の会社別へ反映されます。
A5: 選択名（元帳・予定表の表記）【入力】 | B5: 正式船名【入力】 | C5: 会社【入力・選択】 | D5: 船の種類【入力・選択】 | E5: 基地港【入力・選択】 | F5: 適用開始日【入力】 | G5: 適用終了日【入力】 | H5: 情報元【入力】 | I5: 確認状況【入力・選択】 | J5: 集計船名【自動】 | K5: 会社区分【自動】 | L5: 対象日に有効【自動】 | M5: 照合名【自動】 | N5: 同一船の先頭【自動】 | P5: 会社名【入力】 | Q5: 会社区分【入力・選択】 | R5: 情報元【入力】 | S5: 確認状況【入力・選択】 | U5: 基地港【入力】 | X5: 確認状況【入力】 | Y5: 照合の状況【入力】 | Z5: 取消しの時点【入力】 | AA5: 変更・取消しの理由【入力】 | AB5: 時間調整【入力】 | AC5: 呼出の理由【入力】 | AD5: 作業内容【入力】 | AE5: 予定時刻の基準【入力】 | AF5: 船の種類【入力】 | AG5: 時刻の確認状況【入力】 | AH5: 会社区分【入力】 | AI5: その日の変更確認【入力】
A6: 八幡丸 | B6: 八幡丸 | C6: 製鉄曳船 | D6: タグ | E6: 未確認 | H6: 00_作成条件.md | I6: 要確認（基地港） | J6: =IF(A6="","",IF(B6="",A6,B6)) | K6: =IF(A6="","",IF(C6="","未確認",IFERROR(INDEX($Q$6:$Q$45,MATCH(C6,$P$6:$P$45,0)),"未確認"))) | L6: =IF(A6="","",IF(AND(OR(F6="",F6<=集計!$C$5),OR(G6="",G6>=集計!$C$5)),"○","")) | M6: =IF(L6="○",A6,"") | N6: =IF(OR(J6="",L6<>"○"),"",IF(COUNTIFS(J$6:J6,J6,L$6:L6,"○")=1,"○","")) | P6: 製鉄曳船 | Q6: 製鉄曳船 | R6: 00_作成条件.md | S6: 確認済み | U6: 門司港 | X6: 未確認 | Y6: 未確認 | Z6: 前日 | AA6: 強風・荒天 | AB6: あり | AC6: 常駐船が他作業で不足 | AD6: 入港 | AE6: 本船POB | AF6: タグ | AG6: 実時刻 | AH6: 製鉄曳船 | AI6: 未確認
A7: 鐵豊丸 | B7: 鐵豊丸 | C7: 製鉄曳船 | D7: タグ | E7: 未確認 | H7: 00_作成条件.md | I7: 要確認（基地港） | J7: =IF(A7="","",IF(B7="",A7,B7)) | K7: =IF(A7="","",IF(C7="","未確認",IFERROR(INDEX($Q$6:$Q$45,MATCH(C7,$P$6:$P$45,0)),"未確認"))) | L7: =IF(A7="","",IF(AND(OR(F7="",F7<=集計!$C$5),OR(G7="",G7>=集計!$C$5)),"○","")) | M7: =IF(L7="○",A7,"") | N7: =IF(OR(J7="",L7<>"○"),"",IF(COUNTIFS(J$6:J7,J7,L$6:L7,"○")=1,"○","")) | P7: 西日本海運 | Q7: 西日本海運 | R7: 00_作成条件.md | S7: 確認済み | U7: 戸畑 | X7: 確認済み | Y7: 予定表と照合済み | Z7: 当日・基地発前 | AA7: 視界不良 | AB7: なし | AC7: 入渠中の船の代わり | AD7: 出港 | AE7: 着岸 | AF7: 通船・警戒船 | AG7: 予定・推定 | AH7: 西日本海運 | AI7: 変更なしと確認済み
A8: 新豊丸 | B8: 新豊丸 | C8: 製鉄曳船 | D8: タグ | E8: 未確認 | H8: 00_作成条件.md | I8: 要確認（基地港） | J8: =IF(A8="","",IF(B8="",A8,B8)) | K8: =IF(A8="","",IF(C8="","未確認",IFERROR(INDEX($Q$6:$Q$45,MATCH(C8,$P$6:$P$45,0)),"未確認"))) | L8: =IF(A8="","",IF(AND(OR(F8="",F8<=集計!$C$5),OR(G8="",G8>=集計!$C$5)),"○","")) | M8: =IF(L8="○",A8,"") | N8: =IF(OR(J8="",L8<>"○"),"",IF(COUNTIFS(J$6:J8,J8,L$6:L8,"○")=1,"○","")) | P8: シーゲートコーポレーション | Q8: 他社 | R8: 00_作成条件.md／要目表2026.8 | S8: 未確認 | U8: 八幡 | X8: 要確認（正式船名・会社） | Y8: 予定表に記載なし | Z8: 当日・基地発後 | AA8: 本船都合 | AB8: 不明 | AC8: 他港作業中の船の代わり | AD8: 転錨・シフト | AE8: 離岸 | AF8: 未確認 | AG8: 不明 | AH8: 他社 | AI8: 変更あり（下の表に入力）
A9: 八豊丸 | B9: 八豊丸 | C9: 製鉄曳船 | D9: タグ | E9: 未確認 | H9: 00_作成条件.md | I9: 要確認（基地港） | J9: =IF(A9="","",IF(B9="",A9,B9)) | K9: =IF(A9="","",IF(C9="","未確認",IFERROR(INDEX($Q$6:$Q$45,MATCH(C9,$P$6:$P$45,0)),"未確認"))) | L9: =IF(A9="","",IF(AND(OR(F9="",F9<=集計!$C$5),OR(G9="",G9>=集計!$C$5)),"○","")) | M9: =IF(L9="○",A9,"") | N9: =IF(OR(J9="",L9<>"○"),"",IF(COUNTIFS(J$6:J9,J9,L$6:L9,"○")=1,"○","")) | P9: グリーンシッピング | Q9: 他社 | R9: 00_作成条件.md／要目表2026.8 | S9: 未確認 | U9: 若松 | X9: 要確認（基地港） | Y9: 予定表なし | Z9: 不明 | AA9: 荷役都合 | AC9: 乗組員の出勤手配の不足 | AD9: LNG入港 | AE9: 作業開始 | AH9: 未確認
A10: 松豊丸 | B10: 松豊丸 | C10: 製鉄曳船 | D10: タグ | E10: 未確認 | H10: 00_作成条件.md | I10: 要確認（基地港） | J10: =IF(A10="","",IF(B10="",A10,B10)) | K10: =IF(A10="","",IF(C10="","未確認",IFERROR(INDEX($Q$6:$Q$45,MATCH(C10,$P$6:$P$45,0)),"未確認"))) | L10: =IF(A10="","",IF(AND(OR(F10="",F10<=集計!$C$5),OR(G10="",G10>=集計!$C$5)),"○","")) | M10: =IF(L10="○",A10,"") | N10: =IF(OR(J10="",L10<>"○"),"",IF(COUNTIFS(J$6:J10,J10,L$6:L10,"○")=1,"○","")) | P10: 日鉄物流 | Q10: 他社 | R10: 00_作成条件.md／要目表2026.8 | S10: 未確認 | U10: 未確認 | X10: 要確認（2025年度の所属） | AA10: 代理店・荷主都合 | AC10: その他 | AD10: LNG出港 | AE10: 基地発
A11: T | C11: 製鉄曳船 | D11: タグ | E11: 未確認 | H11: 元帳R7年度の記号。会社は既存集計（西日本G 2,744）との照合上の扱い | I11: 要確認（正式船名・会社） | J11: =IF(A11="","",IF(B11="",A11,B11)) | K11: =IF(A11="","",IF(C11="","未確認",IFERROR(INDEX($Q$6:$Q$45,MATCH(C11,$P$6:$P$45,0)),"未確認"))) | L11: =IF(A11="","",IF(AND(OR(F11="",F11<=集計!$C$5),OR(G11="",G11>=集計!$C$5)),"○","")) | M11: =IF(L11="○",A11,"") | N11: =IF(OR(J11="",L11<>"○"),"",IF(COUNTIFS(J$6:J11,J11,L$6:L11,"○")=1,"○","")) | P11: 春風海運 | Q11: 他社 | R11: 00_作成条件.md | S11: 確認済み | X11: 要確認（種類・会社） | AA11: バース都合 | AC11: 不明 | AD11: LNG警戒 | AE11: 未確認
A12: S | C12: 製鉄曳船 | D12: タグ | E12: 未確認 | H12: 同上 | I12: 要確認（正式船名・会社） | J12: =IF(A12="","",IF(B12="",A12,B12)) | K12: =IF(A12="","",IF(C12="","未確認",IFERROR(INDEX($Q$6:$Q$45,MATCH(C12,$P$6:$P$45,0)),"未確認"))) | L12: =IF(A12="","",IF(AND(OR(F12="",F12<=集計!$C$5),OR(G12="",G12>=集計!$C$5)),"○","")) | M12: =IF(L12="○",A12,"") | N12: =IF(OR(J12="",L12<>"○"),"",IF(COUNTIFS(J$6:J12,J12,L$6:L12,"○")=1,"○","")) | P12: 矢野海運 | Q12: 他社 | R12: 00_作成条件.md（船名は未確認） | S12: 未確認 | AA12: タグの都合 | AD12: エスコート
A13: Y | C13: 製鉄曳船 | D13: タグ | E13: 未確認 | H13: 同上 | I13: 要確認（正式船名・会社） | J13: =IF(A13="","",IF(B13="",A13,B13)) | K13: =IF(A13="","",IF(C13="","未確認",IFERROR(INDEX($Q$6:$Q$45,MATCH(C13,$P$6:$P$45,0)),"未確認"))) | L13: =IF(A13="","",IF(AND(OR(F13="",F13<=集計!$C$5),OR(G13="",G13>=集計!$C$5)),"○","")) | M13: =IF(L13="○",A13,"") | N13: =IF(OR(J13="",L13<>"○"),"",IF(COUNTIFS(J$6:J13,J13,L$6:L13,"○")=1,"○","")) | P13: 洞海マリン | Q13: 他社 | R13: 00_作成条件.md（船名は未確認） | S13: 未確認 | AA13: その他 | AD13: その他
A14: M | C14: 製鉄曳船 | D14: タグ | E14: 未確認 | H14: 同上 | I14: 要確認（正式船名・会社） | J14: =IF(A14="","",IF(B14="",A14,B14)) | K14: =IF(A14="","",IF(C14="","未確認",IFERROR(INDEX($Q$6:$Q$45,MATCH(C14,$P$6:$P$45,0)),"未確認"))) | L14: =IF(A14="","",IF(AND(OR(F14="",F14<=集計!$C$5),OR(G14="",G14>=集計!$C$5)),"○","")) | M14: =IF(L14="○",A14,"") | N14: =IF(OR(J14="",L14<>"○"),"",IF(COUNTIFS(J$6:J14,J14,L$6:L14,"○")=1,"○","")) | P14: 福島海運 | Q14: 他社 | R14: 00_作成条件.md（船名は未確認） | S14: 未確認 | AA14: 不明
A15: P | C15: 製鉄曳船 | D15: タグ | E15: 未確認 | H15: 同上 | I15: 要確認（正式船名・会社） | J15: =IF(A15="","",IF(B15="",A15,B15)) | K15: =IF(A15="","",IF(C15="","未確認",IFERROR(INDEX($Q$6:$Q$45,MATCH(C15,$P$6:$P$45,0)),"未確認"))) | L15: =IF(A15="","",IF(AND(OR(F15="",F15<=集計!$C$5),OR(G15="",G15>=集計!$C$5)),"○","")) | M15: =IF(L15="○",A15,"") | N15: =IF(OR(J15="",L15<>"○"),"",IF(COUNTIFS(J$6:J15,J15,L$6:L15,"○")=1,"○",""))
A16: 関豊丸 | B16: 関豊丸 | C16: 西日本海運 | D16: タグ | E16: 門司港 | H16: 00_作成条件.md／要目表2026.8 | I16: 確認済み | J16: =IF(A16="","",IF(B16="",A16,B16)) | K16: =IF(A16="","",IF(C16="","未確認",IFERROR(INDEX($Q$6:$Q$45,MATCH(C16,$P$6:$P$45,0)),"未確認"))) | L16: =IF(A16="","",IF(AND(OR(F16="",F16<=集計!$C$5),OR(G16="",G16>=集計!$C$5)),"○","")) | M16: =IF(L16="○",A16,"") | N16: =IF(OR(J16="",L16<>"○"),"",IF(COUNTIFS(J$6:J16,J16,L$6:L16,"○")=1,"○",""))
A17: 長豊丸 | B17: 長豊丸 | C17: 西日本海運 | D17: タグ | E17: 門司港 | H17: 00_作成条件.md／要目表2026.8 | I17: 確認済み | J17: =IF(A17="","",IF(B17="",A17,B17)) | K17: =IF(A17="","",IF(C17="","未確認",IFERROR(INDEX($Q$6:$Q$45,MATCH(C17,$P$6:$P$45,0)),"未確認"))) | L17: =IF(A17="","",IF(AND(OR(F17="",F17<=集計!$C$5),OR(G17="",G17>=集計!$C$5)),"○","")) | M17: =IF(L17="○",A17,"") | N17: =IF(OR(J17="",L17<>"○"),"",IF(COUNTIFS(J$6:J17,J17,L$6:L17,"○")=1,"○",""))
A18: 関 | C18: 西日本海運 | D18: タグ | E18: 未確認 | H18: 元帳R7年度の記号。会社は既存集計との照合上の扱い | I18: 要確認（正式船名・会社） | J18: =IF(A18="","",IF(B18="",A18,B18)) | K18: =IF(A18="","",IF(C18="","未確認",IFERROR(INDEX($Q$6:$Q$45,MATCH(C18,$P$6:$P$45,0)),"未確認"))) | L18: =IF(A18="","",IF(AND(OR(F18="",F18<=集計!$C$5),OR(G18="",G18>=集計!$C$5)),"○","")) | M18: =IF(L18="○",A18,"") | N18: =IF(OR(J18="",L18<>"○"),"",IF(COUNTIFS(J$6:J18,J18,L$6:L18,"○")=1,"○",""))
A19: 長 | C19: 西日本海運 | D19: タグ | E19: 未確認 | H19: 同上 | I19: 要確認（正式船名・会社） | J19: =IF(A19="","",IF(B19="",A19,B19)) | K19: =IF(A19="","",IF(C19="","未確認",IFERROR(INDEX($Q$6:$Q$45,MATCH(C19,$P$6:$P$45,0)),"未確認"))) | L19: =IF(A19="","",IF(AND(OR(F19="",F19<=集計!$C$5),OR(G19="",G19>=集計!$C$5)),"○","")) | M19: =IF(L19="○",A19,"") | N19: =IF(OR(J19="",L19<>"○"),"",IF(COUNTIFS(J$6:J19,J19,L$6:L19,"○")=1,"○",""))
A20: かざし丸 | B20: かざし丸 | C20: シーゲートコーポレーション | D20: タグ | E20: 門司港 | H20: 要目表2026.8（2025年度の所属は未確認） | I20: 要確認（2025年度の所属） | J20: =IF(A20="","",IF(B20="",A20,B20)) | K20: =IF(A20="","",IF(C20="","未確認",IFERROR(INDEX($Q$6:$Q$45,MATCH(C20,$P$6:$P$45,0)),"未確認"))) | L20: =IF(A20="","",IF(AND(OR(F20="",F20<=集計!$C$5),OR(G20="",G20>=集計!$C$5)),"○","")) | M20: =IF(L20="○",A20,"") | N20: =IF(OR(J20="",L20<>"○"),"",IF(COUNTIFS(J$6:J20,J20,L$6:L20,"○")=1,"○",""))
A21: 鷲羽丸 | B21: 鷲羽丸 | C21: シーゲートコーポレーション | D21: タグ | E21: 門司港 | H21: 要目表2026.8（2025年度の所属は未確認） | I21: 要確認（2025年度の所属） | J21: =IF(A21="","",IF(B21="",A21,B21)) | K21: =IF(A21="","",IF(C21="","未確認",IFERROR(INDEX($Q$6:$Q$45,MATCH(C21,$P$6:$P$45,0)),"未確認"))) | L21: =IF(A21="","",IF(AND(OR(F21="",F21<=集計!$C$5),OR(G21="",G21>=集計!$C$5)),"○","")) | M21: =IF(L21="○",A21,"") | N21: =IF(OR(J21="",L21<>"○"),"",IF(COUNTIFS(J$6:J21,J21,L$6:L21,"○")=1,"○",""))
A22: むさし丸2 | B22: むさし丸2 | C22: グリーンシッピング | D22: タグ | E22: 門司港 | H22: 要目表2026.8（2025年度の所属は未確認） | I22: 要確認（2025年度の所属） | J22: =IF(A22="","",IF(B22="",A22,B22)) | K22: =IF(A22="","",IF(C22="","未確認",IFERROR(INDEX($Q$6:$Q$45,MATCH(C22,$P$6:$P$45,0)),"未確認"))) | L22: =IF(A22="","",IF(AND(OR(F22="",F22<=集計!$C$5),OR(G22="",G22>=集計!$C$5)),"○","")) | M22: =IF(L22="○",A22,"") | N22: =IF(OR(J22="",L22<>"○"),"",IF(COUNTIFS(J$6:J22,J22,L$6:L22,"○")=1,"○",""))
A23: かなで | B23: かなで | C23: グリーンシッピング | D23: タグ | E23: 門司港 | H23: 要目表2026.8（2025年度の所属は未確認） | I23: 要確認（2025年度の所属） | J23: =IF(A23="","",IF(B23="",A23,B23)) | K23: =IF(A23="","",IF(C23="","未確認",IFERROR(INDEX($Q$6:$Q$45,MATCH(C23,$P$6:$P$45,0)),"未確認"))) | L23: =IF(A23="","",IF(AND(OR(F23="",F23<=集計!$C$5),OR(G23="",G23>=集計!$C$5)),"○","")) | M23: =IF(L23="○",A23,"") | N23: =IF(OR(J23="",L23<>"○"),"",IF(COUNTIFS(J$6:J23,J23,L$6:L23,"○")=1,"○",""))
A24: かいせい | B24: かいせい | C24: 日鉄物流 | D24: タグ | E24: 門司港 | H24: 要目表2026.8（2025年度の所属は未確認） | I24: 要確認（2025年度の所属） | J24: =IF(A24="","",IF(B24="",A24,B24)) | K24: =IF(A24="","",IF(C24="","未確認",IFERROR(INDEX($Q$6:$Q$45,MATCH(C24,$P$6:$P$45,0)),"未確認"))) | L24: =IF(A24="","",IF(AND(OR(F24="",F24<=集計!$C$5),OR(G24="",G24>=集計!$C$5)),"○","")) | M24: =IF(L24="○",A24,"") | N24: =IF(OR(J24="",L24<>"○"),"",IF(COUNTIFS(J$6:J24,J24,L$6:L24,"○")=1,"○",""))
A25: 春風 | B25: 春風 | C25: 春風海運 | D25: タグ | E25: 門司港 | H25: 00_作成条件.md（ユーザー指定） | I25: 確認済み | J25: =IF(A25="","",IF(B25="",A25,B25)) | K25: =IF(A25="","",IF(C25="","未確認",IFERROR(INDEX($Q$6:$Q$45,MATCH(C25,$P$6:$P$45,0)),"未確認"))) | L25: =IF(A25="","",IF(AND(OR(F25="",F25<=集計!$C$5),OR(G25="",G25>=集計!$C$5)),"○","")) | M25: =IF(L25="○",A25,"") | N25: =IF(OR(J25="",L25<>"○"),"",IF(COUNTIFS(J$6:J25,J25,L$6:L25,"○")=1,"○",""))
A26: 栄春 | B26: 栄春 | C26: 春風海運 | D26: タグ | E26: 門司港 | H26: 00_作成条件.md（ユーザー指定） | I26: 確認済み | J26: =IF(A26="","",IF(B26="",A26,B26)) | K26: =IF(A26="","",IF(C26="","未確認",IFERROR(INDEX($Q$6:$Q$45,MATCH(C26,$P$6:$P$45,0)),"未確認"))) | L26: =IF(A26="","",IF(AND(OR(F26="",F26<=集計!$C$5),OR(G26="",G26>=集計!$C$5)),"○","")) | M26: =IF(L26="○",A26,"") | N26: =IF(OR(J26="",L26<>"○"),"",IF(COUNTIFS(J$6:J26,J26,L$6:L26,"○")=1,"○",""))
A27: 双美 | B27: 双美 | C27: 春風海運 | D27: タグ | E27: 門司港 | H27: 00_作成条件.md（ユーザー指定） | I27: 確認済み | J27: =IF(A27="","",IF(B27="",A27,B27)) | K27: =IF(A27="","",IF(C27="","未確認",IFERROR(INDEX($Q$6:$Q$45,MATCH(C27,$P$6:$P$45,0)),"未確認"))) | L27: =IF(A27="","",IF(AND(OR(F27="",F27<=集計!$C$5),OR(G27="",G27>=集計!$C$5)),"○","")) | M27: =IF(L27="○",A27,"") | N27: =IF(OR(J27="",L27<>"○"),"",IF(COUNTIFS(J$6:J27,J27,L$6:L27,"○")=1,"○",""))
A28: 春幸 | B28: 春幸 | C28: 春風海運 | D28: タグ | E28: 門司港 | H28: 00_作成条件.md（ユーザー指定） | I28: 確認済み | J28: =IF(A28="","",IF(B28="",A28,B28)) | K28: =IF(A28="","",IF(C28="","未確認",IFERROR(INDEX($Q$6:$Q$45,MATCH(C28,$P$6:$P$45,0)),"未確認"))) | L28: =IF(A28="","",IF(AND(OR(F28="",F28<=集計!$C$5),OR(G28="",G28>=集計!$C$5)),"○","")) | M28: =IF(L28="○",A28,"") | N28: =IF(OR(J28="",L28<>"○"),"",IF(COUNTIFS(J$6:J28,J28,L$6:L28,"○")=1,"○",""))
A29: さくら | D29: タグ | E29: 未確認 | H29: 元帳R7年度（S列「洞」は参考。会社は推定しない） | I29: 要確認（正式船名・会社） | J29: =IF(A29="","",IF(B29="",A29,B29)) | K29: =IF(A29="","",IF(C29="","未確認",IFERROR(INDEX($Q$6:$Q$45,MATCH(C29,$P$6:$P$45,0)),"未確認"))) | L29: =IF(A29="","",IF(AND(OR(F29="",F29<=集計!$C$5),OR(G29="",G29>=集計!$C$5)),"○","")) | M29: =IF(L29="○",A29,"") | N29: =IF(OR(J29="",L29<>"○"),"",IF(COUNTIFS(J$6:J29,J29,L$6:L29,"○")=1,"○",""))
A30: みさき | D30: タグ | E30: 未確認 | H30: 元帳R7年度（S列「洞」は参考。会社は推定しない） | I30: 要確認（正式船名・会社） | J30: =IF(A30="","",IF(B30="",A30,B30)) | K30: =IF(A30="","",IF(C30="","未確認",IFERROR(INDEX($Q$6:$Q$45,MATCH(C30,$P$6:$P$45,0)),"未確認"))) | L30: =IF(A30="","",IF(AND(OR(F30="",F30<=集計!$C$5),OR(G30="",G30>=集計!$C$5)),"○","")) | M30: =IF(L30="○",A30,"") | N30: =IF(OR(J30="",L30<>"○"),"",IF(COUNTIFS(J$6:J30,J30,L$6:L30,"○")=1,"○",""))
A31: 竜山 | D31: タグ | E31: 未確認 | H31: 元帳R7年度（S列「矢」は参考。会社は推定しない） | I31: 要確認（正式船名・会社） | J31: =IF(A31="","",IF(B31="",A31,B31)) | K31: =IF(A31="","",IF(C31="","未確認",IFERROR(INDEX($Q$6:$Q$45,MATCH(C31,$P$6:$P$45,0)),"未確認"))) | L31: =IF(A31="","",IF(AND(OR(F31="",F31<=集計!$C$5),OR(G31="",G31>=集計!$C$5)),"○","")) | M31: =IF(L31="○",A31,"") | N31: =IF(OR(J31="",L31<>"○"),"",IF(COUNTIFS(J$6:J31,J31,L$6:L31,"○")=1,"○",""))
A32: 竜峰 | D32: タグ | E32: 未確認 | H32: 元帳R7年度（S列「矢」は参考。会社は推定しない） | I32: 要確認（正式船名・会社） | J32: =IF(A32="","",IF(B32="",A32,B32)) | K32: =IF(A32="","",IF(C32="","未確認",IFERROR(INDEX($Q$6:$Q$45,MATCH(C32,$P$6:$P$45,0)),"未確認"))) | L32: =IF(A32="","",IF(AND(OR(F32="",F32<=集計!$C$5),OR(G32="",G32>=集計!$C$5)),"○","")) | M32: =IF(L32="○",A32,"") | N32: =IF(OR(J32="",L32<>"○"),"",IF(COUNTIFS(J$6:J32,J32,L$6:L32,"○")=1,"○",""))
A33: 竜昇 | D33: タグ | E33: 未確認 | H33: 元帳R7年度（S列「矢」は参考。会社は推定しない） | I33: 要確認（正式船名・会社） | J33: =IF(A33="","",IF(B33="",A33,B33)) | K33: =IF(A33="","",IF(C33="","未確認",IFERROR(INDEX($Q$6:$Q$45,MATCH(C33,$P$6:$P$45,0)),"未確認"))) | L33: =IF(A33="","",IF(AND(OR(F33="",F33<=集計!$C$5),OR(G33="",G33>=集計!$C$5)),"○","")) | M33: =IF(L33="○",A33,"") | N33: =IF(OR(J33="",L33<>"○"),"",IF(COUNTIFS(J$6:J33,J33,L$6:L33,"○")=1,"○",""))
A34: 竜海 | D34: タグ | E34: 未確認 | H34: 元帳R7年度（S列「矢」は参考。会社は推定しない） | I34: 要確認（正式船名・会社） | J34: =IF(A34="","",IF(B34="",A34,B34)) | K34: =IF(A34="","",IF(C34="","未確認",IFERROR(INDEX($Q$6:$Q$45,MATCH(C34,$P$6:$P$45,0)),"未確認"))) | L34: =IF(A34="","",IF(AND(OR(F34="",F34<=集計!$C$5),OR(G34="",G34>=集計!$C$5)),"○","")) | M34: =IF(L34="○",A34,"") | N34: =IF(OR(J34="",L34<>"○"),"",IF(COUNTIFS(J$6:J34,J34,L$6:L34,"○")=1,"○",""))
A35: 慶鳳丸 | D35: タグ | E35: 未確認 | H35: 元帳R7年度 | I35: 要確認（正式船名・会社） | J35: =IF(A35="","",IF(B35="",A35,B35)) | K35: =IF(A35="","",IF(C35="","未確認",IFERROR(INDEX($Q$6:$Q$45,MATCH(C35,$P$6:$P$45,0)),"未確認"))) | L35: =IF(A35="","",IF(AND(OR(F35="",F35<=集計!$C$5),OR(G35="",G35>=集計!$C$5)),"○","")) | M35: =IF(L35="○",A35,"") | N35: =IF(OR(J35="",L35<>"○"),"",IF(COUNTIFS(J$6:J35,J35,L$6:L35,"○")=1,"○",""))
A36: 秀豊 | D36: タグ | E36: 未確認 | H36: 元帳R7年度（秀豊丸と同一船かは未確認） | I36: 要確認（正式船名・会社） | J36: =IF(A36="","",IF(B36="",A36,B36)) | K36: =IF(A36="","",IF(C36="","未確認",IFERROR(INDEX($Q$6:$Q$45,MATCH(C36,$P$6:$P$45,0)),"未確認"))) | L36: =IF(A36="","",IF(AND(OR(F36="",F36<=集計!$C$5),OR(G36="",G36>=集計!$C$5)),"○","")) | M36: =IF(L36="○",A36,"") | N36: =IF(OR(J36="",L36<>"○"),"",IF(COUNTIFS(J$6:J36,J36,L$6:L36,"○")=1,"○",""))
A37: 秀豊丸 | D37: タグ | E37: 未確認 | H37: 元帳R7年度（秀豊と同一船かは未確認） | I37: 要確認（正式船名・会社） | J37: =IF(A37="","",IF(B37="",A37,B37)) | K37: =IF(A37="","",IF(C37="","未確認",IFERROR(INDEX($Q$6:$Q$45,MATCH(C37,$P$6:$P$45,0)),"未確認"))) | L37: =IF(A37="","",IF(AND(OR(F37="",F37<=集計!$C$5),OR(G37="",G37>=集計!$C$5)),"○","")) | M37: =IF(L37="○",A37,"") | N37: =IF(OR(J37="",L37<>"○"),"",IF(COUNTIFS(J$6:J37,J37,L$6:L37,"○")=1,"○",""))
A38: まんじゅ | D38: 未確認 | E38: 未確認 | H38: 元帳R7年度。LNGエスコートのみ・時刻空欄。既存集計では除外とみられる | I38: 要確認（種類・会社） | J38: =IF(A38="","",IF(B38="",A38,B38)) | K38: =IF(A38="","",IF(C38="","未確認",IFERROR(INDEX($Q$6:$Q$45,MATCH(C38,$P$6:$P$45,0)),"未確認"))) | L38: =IF(A38="","",IF(AND(OR(F38="",F38<=集計!$C$5),OR(G38="",G38>=集計!$C$5)),"○","")) | M38: =IF(L38="○",A38,"") | N38: =IF(OR(J38="",L38<>"○"),"",IF(COUNTIFS(J$6:J38,J38,L$6:L38,"○")=1,"○",""))
A39: せいじゅ | D39: 未確認 | E39: 未確認 | H39: 元帳R7年度。LNGエスコートのみ・時刻空欄。既存集計では除外とみられる | I39: 要確認（種類・会社） | J39: =IF(A39="","",IF(B39="",A39,B39)) | K39: =IF(A39="","",IF(C39="","未確認",IFERROR(INDEX($Q$6:$Q$45,MATCH(C39,$P$6:$P$45,0)),"未確認"))) | L39: =IF(A39="","",IF(AND(OR(F39="",F39<=集計!$C$5),OR(G39="",G39>=集計!$C$5)),"○","")) | M39: =IF(L39="○",A39,"") | N39: =IF(OR(J39="",L39<>"○"),"",IF(COUNTIFS(J$6:J39,J39,L$6:L39,"○")=1,"○",""))
J40: =IF(A40="","",IF(B40="",A40,B40)) | K40: =IF(A40="","",IF(C40="","未確認",IFERROR(INDEX($Q$6:$Q$45,MATCH(C40,$P$6:$P$45,0)),"未確認"))) | L40: =IF(A40="","",IF(AND(OR(F40="",F40<=集計!$C$5),OR(G40="",G40>=集計!$C$5)),"○","")) | M40: =IF(L40="○",A40,"") | N40: =IF(OR(J40="",L40<>"○"),"",IF(COUNTIFS(J$6:J40,J40,L$6:L40,"○")=1,"○",""))
J41: =IF(A41="","",IF(B41="",A41,B41)) | K41: =IF(A41="","",IF(C41="","未確認",IFERROR(INDEX($Q$6:$Q$45,MATCH(C41,$P$6:$P$45,0)),"未確認"))) | L41: =IF(A41="","",IF(AND(OR(F41="",F41<=集計!$C$5),OR(G41="",G41>=集計!$C$5)),"○","")) | M41: =IF(L41="○",A41,"") | N41: =IF(OR(J41="",L41<>"○"),"",IF(COUNTIFS(J$6:J41,J41,L$6:L41,"○")=1,"○",""))
J42: =IF(A42="","",IF(B42="",A42,B42)) | K42: =IF(A42="","",IF(C42="","未確認",IFERROR(INDEX($Q$6:$Q$45,MATCH(C42,$P$6:$P$45,0)),"未確認"))) | L42: =IF(A42="","",IF(AND(OR(F42="",F42<=集計!$C$5),OR(G42="",G42>=集計!$C$5)),"○","")) | M42: =IF(L42="○",A42,"") | N42: =IF(OR(J42="",L42<>"○"),"",IF(COUNTIFS(J$6:J42,J42,L$6:L42,"○")=1,"○",""))
J43: =IF(A43="","",IF(B43="",A43,B43)) | K43: =IF(A43="","",IF(C43="","未確認",IFERROR(INDEX($Q$6:$Q$45,MATCH(C43,$P$6:$P$45,0)),"未確認"))) | L43: =IF(A43="","",IF(AND(OR(F43="",F43<=集計!$C$5),OR(G43="",G43>=集計!$C$5)),"○","")) | M43: =IF(L43="○",A43,"") | N43: =IF(OR(J43="",L43<>"○"),"",IF(COUNTIFS(J$6:J43,J43,L$6:L43,"○")=1,"○",""))
J44: =IF(A44="","",IF(B44="",A44,B44)) | K44: =IF(A44="","",IF(C44="","未確認",IFERROR(INDEX($Q$6:$Q$45,MATCH(C44,$P$6:$P$45,0)),"未確認"))) | L44: =IF(A44="","",IF(AND(OR(F44="",F44<=集計!$C$5),OR(G44="",G44>=集計!$C$5)),"○","")) | M44: =IF(L44="○",A44,"") | N44: =IF(OR(J44="",L44<>"○"),"",IF(COUNTIFS(J$6:J44,J44,L$6:L44,"○")=1,"○",""))
J45: =IF(A45="","",IF(B45="",A45,B45)) | K45: =IF(A45="","",IF(C45="","未確認",IFERROR(INDEX($Q$6:$Q$45,MATCH(C45,$P$6:$P$45,0)),"未確認"))) | L45: =IF(A45="","",IF(AND(OR(F45="",F45<=集計!$C$5),OR(G45="",G45>=集計!$C$5)),"○","")) | M45: =IF(L45="○",A45,"") | N45: =IF(OR(J45="",L45<>"○"),"",IF(COUNTIFS(J$6:J45,J45,L$6:L45,"○")=1,"○",""))
J46: =IF(A46="","",IF(B46="",A46,B46)) | K46: =IF(A46="","",IF(C46="","未確認",IFERROR(INDEX($Q$6:$Q$45,MATCH(C46,$P$6:$P$45,0)),"未確認"))) | L46: =IF(A46="","",IF(AND(OR(F46="",F46<=集計!$C$5),OR(G46="",G46>=集計!$C$5)),"○","")) | M46: =IF(L46="○",A46,"") | N46: =IF(OR(J46="",L46<>"○"),"",IF(COUNTIFS(J$6:J46,J46,L$6:L46,"○")=1,"○",""))
J47: =IF(A47="","",IF(B47="",A47,B47)) | K47: =IF(A47="","",IF(C47="","未確認",IFERROR(INDEX($Q$6:$Q$45,MATCH(C47,$P$6:$P$45,0)),"未確認"))) | L47: =IF(A47="","",IF(AND(OR(F47="",F47<=集計!$C$5),OR(G47="",G47>=集計!$C$5)),"○","")) | M47: =IF(L47="○",A47,"") | N47: =IF(OR(J47="",L47<>"○"),"",IF(COUNTIFS(J$6:J47,J47,L$6:L47,"○")=1,"○",""))
J48: =IF(A48="","",IF(B48="",A48,B48)) | K48: =IF(A48="","",IF(C48="","未確認",IFERROR(INDEX($Q$6:$Q$45,MATCH(C48,$P$6:$P$45,0)),"未確認"))) | L48: =IF(A48="","",IF(AND(OR(F48="",F48<=集計!$C$5),OR(G48="",G48>=集計!$C$5)),"○","")) | M48: =IF(L48="○",A48,"") | N48: =IF(OR(J48="",L48<>"○"),"",IF(COUNTIFS(J$6:J48,J48,L$6:L48,"○")=1,"○",""))
J49: =IF(A49="","",IF(B49="",A49,B49)) | K49: =IF(A49="","",IF(C49="","未確認",IFERROR(INDEX($Q$6:$Q$45,MATCH(C49,$P$6:$P$45,0)),"未確認"))) | L49: =IF(A49="","",IF(AND(OR(F49="",F49<=集計!$C$5),OR(G49="",G49>=集計!$C$5)),"○","")) | M49: =IF(L49="○",A49,"") | N49: =IF(OR(J49="",L49<>"○"),"",IF(COUNTIFS(J$6:J49,J49,L$6:L49,"○")=1,"○",""))
J50: =IF(A50="","",IF(B50="",A50,B50)) | K50: =IF(A50="","",IF(C50="","未確認",IFERROR(INDEX($Q$6:$Q$45,MATCH(C50,$P$6:$P$45,0)),"未確認"))) | L50: =IF(A50="","",IF(AND(OR(F50="",F50<=集計!$C$5),OR(G50="",G50>=集計!$C$5)),"○","")) | M50: =IF(L50="○",A50,"") | N50: =IF(OR(J50="",L50<>"○"),"",IF(COUNTIFS(J$6:J50,J50,L$6:L50,"○")=1,"○",""))
J51: =IF(A51="","",IF(B51="",A51,B51)) | K51: =IF(A51="","",IF(C51="","未確認",IFERROR(INDEX($Q$6:$Q$45,MATCH(C51,$P$6:$P$45,0)),"未確認"))) | L51: =IF(A51="","",IF(AND(OR(F51="",F51<=集計!$C$5),OR(G51="",G51>=集計!$C$5)),"○","")) | M51: =IF(L51="○",A51,"") | N51: =IF(OR(J51="",L51<>"○"),"",IF(COUNTIFS(J$6:J51,J51,L$6:L51,"○")=1,"○",""))
... J125: =IF(A125="","",IF(B125="",A125,B125)) | K125: =IF(A125="","",IF(C125="","未確認",IFERROR(INDEX($Q$6:$Q$45,MATCH(C125,$P$6:$P$45,0)),"未確認"))) | L125: =IF(A125="","",IF(AND(OR(F125="",F125<=集計!$C$5),OR(G125="",G125>=集計!$C$5)),"○","")) | M125: =IF(L125="○",A125,"") | N125: =IF(OR(J125="",L125<>"○"),"",IF(COUNTIFS(J$6:J125,J125,L$6:L125,"○")=1,"○",""))

Sheet 集計
A1: 集計（自動表示・入力欄なし）
A2: 誰が：全員が見る 何を見て：各シートの入力結果 どこへ：入力欄はありません。不足情報は「未確認」の数で確認します
A3: この試作は入力と集計のつながりを試すものです。3隻と4隻の比較の結論や、4隻の必要性を示すものではありません。
B5: 対象日 | C5: =実績!$D$6 | D5: 実績シートの先頭行の作業日
B6: 時刻の扱い | C6: 候補・時刻要確認 | D6: 元帳の作業時間が基地発・基地着か未確認のため、同時稼働は候補
B8: ■ 実績（元帳） | F8: ■ 時間帯別の最大同時稼働（候補） | L8: ■ 会社別（マスターの会社一覧から自動）
B9: 作業件数 | C9: =COUNTIF(実績!$C$6:$C$505,"○") | D9: 元帳の1作業（タグ別行ではない） | F9: 時台 | G9: 全体【自動】 | H9: 本船作業数【自動】 | I9: 製鉄曳船（要確認）【自動】 | J9: 西日本海運【自動】 | L9: 会社【自動】 | M9: 会社区分【自動】 | N9: 延べタグ【自動】 | O9: 稼働した船数【自動】
B10: 延べタグ（タグ欄の行数） | C10: =COUNTA(実績!$R$6:$R$505) | D10: 取消し記載の行も含む | F10: 0時 | G10: =MAX(_計算!DS6:DS17) | H10: =MAX(_計算!DT6:DT17) | I10: =MAX(_計算!DU6:DU17) | J10: =MAX(_計算!DV6:DV17) | L10: =IF(マスター!$P$6="","",マスター!$P$6) | M10: =IF(L10="","",マスター!$Q$6) | N10: =IF(L10="","",COUNTIF(実績!$X$6:$X$505,L10)) | O10: =IF(L10="","",SUMIF(_計算!$C$1:$DR$1,L10,_計算!$C$4:$DR$4))
B11: うち取消しの記載がある行 | C11: =COUNTIF(実績!$U$6:$U$505,"○") | D11: 同時稼働には含めない | F11: 1時 | G11: =MAX(_計算!DS18:DS29) | H11: =MAX(_計算!DT18:DT29) | I11: =MAX(_計算!DU18:DU29) | J11: =MAX(_計算!DV18:DV29) | L11: =IF(マスター!$P$7="","",マスター!$P$7) | M11: =IF(L11="","",マスター!$Q$7) | N11: =IF(L11="","",COUNTIF(実績!$X$6:$X$505,L11)) | O11: =IF(L11="","",SUMIF(_計算!$C$1:$DR$1,L11,_計算!$C$4:$DR$4))
B12: うち時刻がない行 | C12: =COUNTIF(実績!$V$6:$V$505,"時刻なし*") | D12: 同時稼働には含めない | F12: 2時 | G12: =MAX(_計算!DS30:DS41) | H12: =MAX(_計算!DT30:DT41) | I12: =MAX(_計算!DU30:DU41) | J12: =MAX(_計算!DV30:DV41) | L12: =IF(マスター!$P$8="","",マスター!$P$8) | M12: =IF(L12="","",マスター!$Q$8) | N12: =IF(L12="","",COUNTIF(実績!$X$6:$X$505,L12)) | O12: =IF(L12="","",SUMIF(_計算!$C$1:$DR$1,L12,_計算!$C$4:$DR$4))
B13: 同時稼働に含めた行 | C13: =COUNTIF(実績!$AE$6:$AE$505,"○") | D13: 取消し・時刻なし・通船等を除く | F13: 3時 | G13: =MAX(_計算!DS42:DS53) | H13: =MAX(_計算!DT42:DT53) | I13: =MAX(_計算!DU42:DU53) | J13: =MAX(_計算!DV42:DV53) | L13: =IF(マスター!$P$9="","",マスター!$P$9) | M13: =IF(L13="","",マスター!$Q$9) | N13: =IF(L13="","",COUNTIF(実績!$X$6:$X$505,L13)) | O13: =IF(L13="","",SUMIF(_計算!$C$1:$DR$1,L13,_計算!$C$4:$DR$4))
B14: 最大同時稼働隻数（候補） | C14: =MAX(_計算!$DS$6:$DS$293) | D14: 同じ船は1隻。複数本船の作業を重ねた5分刻みの最大 | F14: 4時 | G14: =MAX(_計算!DS54:DS65) | H14: =MAX(_計算!DT54:DT65) | I14: =MAX(_計算!DU54:DU65) | J14: =MAX(_計算!DV54:DV65) | L14: =IF(マスター!$P$10="","",マスター!$P$10) | M14: =IF(L14="","",マスター!$Q$10) | N14: =IF(L14="","",COUNTIF(実績!$X$6:$X$505,L14)) | O14: =IF(L14="","",SUMIF(_計算!$C$1:$DR$1,L14,_計算!$C$4:$DR$4))
B15: 最初にその隻数となった時刻 | C15: =INDEX(_計算!$B$6:$B$293,MATCH(C14,_計算!$DS$6:$DS$293,0)) | F15: 5時 | G15: =MAX(_計算!DS66:DS77) | H15: =MAX(_計算!DT66:DT77) | I15: =MAX(_計算!DU66:DU77) | J15: =MAX(_計算!DV66:DV77) | L15: =IF(マスター!$P$11="","",マスター!$P$11) | M15: =IF(L15="","",マスター!$Q$11) | N15: =IF(L15="","",COUNTIF(実績!$X$6:$X$505,L15)) | O15: =IF(L15="","",SUMIF(_計算!$C$1:$DR$1,L15,_計算!$C$4:$DR$4))
B16: その時刻に作業中の本船作業数 | C16: =INDEX(_計算!$DT$6:$DT$293,MATCH(C14,_計算!$DS$6:$DS$293,0)) | D16: 1本船だけで3隻以上か、複数本船の重なりかを区別 | F16: 6時 | G16: =MAX(_計算!DS78:DS89) | H16: =MAX(_計算!DT78:DT89) | I16: =MAX(_計算!DU78:DU89) | J16: =MAX(_計算!DV78:DV89) | L16: =IF(マスター!$P$12="","",マスター!$P$12) | M16: =IF(L16="","",マスター!$Q$12) | N16: =IF(L16="","",COUNTIF(実績!$X$6:$X$505,L16)) | O16: =IF(L16="","",SUMIF(_計算!$C$1:$DR$1,L16,_計算!$C$4:$DR$4))
B17: 同時3隻以上の時間（分） | C17: =COUNTIF(_計算!$DS$6:$DS$293,">=3")*5 | F17: 7時 | G17: =MAX(_計算!DS90:DS101) | H17: =MAX(_計算!DT90:DT101) | I17: =MAX(_計算!DU90:DU101) | J17: =MAX(_計算!DV90:DV101) | L17: =IF(マスター!$P$13="","",マスター!$P$13) | M17: =IF(L17="","",マスター!$Q$13) | N17: =IF(L17="","",COUNTIF(実績!$X$6:$X$505,L17)) | O17: =IF(L17="","",SUMIF(_計算!$C$1:$DR$1,L17,_計算!$C$4:$DR$4))
B18: うち複数本船の重なり（分） | C18: =SUMPRODUCT((_計算!$DS$6:$DS$293>=3)*(_計算!$DT$6:$DT$293>=2))*5 | F18: 8時 | G18: =MAX(_計算!DS102:DS113) | H18: =MAX(_計算!DT102:DT113) | I18: =MAX(_計算!DU102:DU113) | J18: =MAX(_計算!DV102:DV113) | L18: =IF(マスター!$P$14="","",マスター!$P$14) | M18: =IF(L18="","",マスター!$Q$14) | N18: =IF(L18="","",COUNTIF(実績!$X$6:$X$505,L18)) | O18: =IF(L18="","",SUMIF(_計算!$C$1:$DR$1,L18,_計算!$C$4:$DR$4))
B19: うち1本船のみ（分） | C19: =SUMPRODUCT((_計算!$DS$6:$DS$293>=3)*(_計算!$DT$6:$DT$293<2))*5 | F19: 9時 | G19: =MAX(_計算!DS114:DS125) | H19: =MAX(_計算!DT114:DT125) | I19: =MAX(_計算!DU114:DU125) | J19: =MAX(_計算!DV114:DV125) | L19: =IF(マスター!$P$15="","",マスター!$P$15) | M19: =IF(L19="","",マスター!$Q$15) | N19: =IF(L19="","",COUNTIF(実績!$X$6:$X$505,L19)) | O19: =IF(L19="","",SUMIF(_計算!$C$1:$DR$1,L19,_計算!$C$4:$DR$4))
B20: 同時4隻以上の時間（分） | C20: =COUNTIF(_計算!$DS$6:$DS$293,">=4")*5 | F20: 10時 | G20: =MAX(_計算!DS126:DS137) | H20: =MAX(_計算!DT126:DT137) | I20: =MAX(_計算!DU126:DU137) | J20: =MAX(_計算!DV126:DV137) | L20: =IF(マスター!$P$16="","",マスター!$P$16) | M20: =IF(L20="","",マスター!$Q$16) | N20: =IF(L20="","",COUNTIF(実績!$X$6:$X$505,L20)) | O20: =IF(L20="","",SUMIF(_計算!$C$1:$DR$1,L20,_計算!$C$4:$DR$4))
B21: 同時5隻以上の時間（分） | C21: =COUNTIF(_計算!$DS$6:$DS$293,">=5")*5 | F21: 11時 | G21: =MAX(_計算!DS138:DS149) | H21: =MAX(_計算!DT138:DT149) | I21: =MAX(_計算!DU138:DU149) | J21: =MAX(_計算!DV138:DV149) | L21: =IF(マスター!$P$17="","",マスター!$P$17) | M21: =IF(L21="","",マスター!$Q$17) | N21: =IF(L21="","",COUNTIF(実績!$X$6:$X$505,L21)) | O21: =IF(L21="","",SUMIF(_計算!$C$1:$DR$1,L21,_計算!$C$4:$DR$4))
B22: 製鉄曳船（会社要確認）の最大同時 | C22: =MAX(_計算!$DU$6:$DU$293) | D22: マスターで会社区分が「製鉄曳船」の船 | F22: 12時 | G22: =MAX(_計算!DS150:DS161) | H22: =MAX(_計算!DT150:DT161) | I22: =MAX(_計算!DU150:DU161) | J22: =MAX(_計算!DV150:DV161) | L22: =IF(マスター!$P$18="","",マスター!$P$18) | M22: =IF(L22="","",マスター!$Q$18) | N22: =IF(L22="","",COUNTIF(実績!$X$6:$X$505,L22)) | O22: =IF(L22="","",SUMIF(_計算!$C$1:$DR$1,L22,_計算!$C$4:$DR$4))
B23: 西日本海運の最大同時 | C23: =MAX(_計算!$DV$6:$DV$293) | F23: 13時 | G23: =MAX(_計算!DS162:DS173) | H23: =MAX(_計算!DT162:DT173) | I23: =MAX(_計算!DU162:DU173) | J23: =MAX(_計算!DV162:DV173) | L23: =IF(マスター!$P$19="","",マスター!$P$19) | M23: =IF(L23="","",マスター!$Q$19) | N23: =IF(L23="","",COUNTIF(実績!$X$6:$X$505,L23)) | O23: =IF(L23="","",SUMIF(_計算!$C$1:$DR$1,L23,_計算!$C$4:$DR$4))
B24: 重複配船の警告がある行 | C24: =COUNTIF(実績!$AH$6:$AH$505,"同じ*") | D24: 同じ船が同じ時間に別作業 | F24: 14時 | G24: =MAX(_計算!DS174:DS185) | H24: =MAX(_計算!DT174:DT185) | I24: =MAX(_計算!DU174:DU185) | J24: =MAX(_計算!DV174:DV185) | L24: =IF(マスター!$P$20="","",マスター!$P$20) | M24: =IF(L24="","",マスター!$Q$20) | N24: =IF(L24="","",COUNTIF(実績!$X$6:$X$505,L24)) | O24: =IF(L24="","",SUMIF(_計算!$C$1:$DR$1,L24,_計算!$C$4:$DR$4))
B25: マスター未登録の行 | C25: =COUNTIF(実績!$X$6:$X$505,"マスター未登録") | D25: マスターへ追加すると解消 | F25: 15時 | G25: =MAX(_計算!DS186:DS197) | H25: =MAX(_計算!DT186:DT197) | I25: =MAX(_計算!DU186:DU197) | J25: =MAX(_計算!DV186:DV197) | L25: =IF(マスター!$P$21="","",マスター!$P$21) | M25: =IF(L25="","",マスター!$Q$21) | N25: =IF(L25="","",COUNTIF(実績!$X$6:$X$505,L25)) | O25: =IF(L25="","",SUMIF(_計算!$C$1:$DR$1,L25,_計算!$C$4:$DR$4))
B26: 船名・会社が確認済みでない行 | C26: =COUNTA(実績!$R$6:$R$505)-COUNTIF(実績!$Z$6:$Z$505,"確認済み") | D26: 未確認として残している | F26: 16時 | G26: =MAX(_計算!DS198:DS209) | H26: =MAX(_計算!DT198:DT209) | I26: =MAX(_計算!DU198:DU209) | J26: =MAX(_計算!DV198:DV209) | L26: =IF(マスター!$P$22="","",マスター!$P$22) | M26: =IF(L26="","",マスター!$Q$22) | N26: =IF(L26="","",COUNTIF(実績!$X$6:$X$505,L26)) | O26: =IF(L26="","",SUMIF(_計算!$C$1:$DR$1,L26,_計算!$C$4:$DR$4))
F27: 17時 | G27: =MAX(_計算!DS210:DS221) | H27: =MAX(_計算!DT210:DT221) | I27: =MAX(_計算!DU210:DU221) | J27: =MAX(_計算!DV210:DV221) | L27: =IF(マスター!$P$23="","",マスター!$P$23) | M27: =IF(L27="","",マスター!$Q$23) | N27: =IF(L27="","",COUNTIF(実績!$X$6:$X$505,L27)) | O27: =IF(L27="","",SUMIF(_計算!$C$1:$DR$1,L27,_計算!$C$4:$DR$4))
B28: ■ 会社区分別（実績） | F28: 18時 | G28: =MAX(_計算!DS222:DS233) | H28: =MAX(_計算!DT222:DT233) | I28: =MAX(_計算!DU222:DU233) | J28: =MAX(_計算!DV222:DV233) | L28: =IF(マスター!$P$24="","",マスター!$P$24) | M28: =IF(L28="","",マスター!$Q$24) | N28: =IF(L28="","",COUNTIF(実績!$X$6:$X$505,L28)) | O28: =IF(L28="","",SUMIF(_計算!$C$1:$DR$1,L28,_計算!$C$4:$DR$4))
B29: 会社区分【自動】 | C29: 延べタグ【自動】 | D29: 稼働した船数【自動】 | F29: 19時 | G29: =MAX(_計算!DS234:DS245) | H29: =MAX(_計算!DT234:DT245) | I29: =MAX(_計算!DU234:DU245) | J29: =MAX(_計算!DV234:DV245) | L29: =IF(マスター!$P$25="","",マスター!$P$25) | M29: =IF(L29="","",マスター!$Q$25) | N29: =IF(L29="","",COUNTIF(実績!$X$6:$X$505,L29)) | O29: =IF(L29="","",SUMIF(_計算!$C$1:$DR$1,L29,_計算!$C$4:$DR$4))
B30: 製鉄曳船 | C30: =COUNTIF(実績!$Y$6:$Y$505,B30) | D30: =SUMIF(_計算!$C$2:$DR$2,B30,_計算!$C$4:$DR$4) | F30: 20時 | G30: =MAX(_計算!DS246:DS257) | H30: =MAX(_計算!DT246:DT257) | I30: =MAX(_計算!DU246:DU257) | J30: =MAX(_計算!DV246:DV257) | L30: =IF(マスター!$P$26="","",マスター!$P$26) | M30: =IF(L30="","",マスター!$Q$26) | N30: =IF(L30="","",COUNTIF(実績!$X$6:$X$505,L30)) | O30: =IF(L30="","",SUMIF(_計算!$C$1:$DR$1,L30,_計算!$C$4:$DR$4))
B31: 西日本海運 | C31: =COUNTIF(実績!$Y$6:$Y$505,B31) | D31: =SUMIF(_計算!$C$2:$DR$2,B31,_計算!$C$4:$DR$4) | F31: 21時 | G31: =MAX(_計算!DS258:DS269) | H31: =MAX(_計算!DT258:DT269) | I31: =MAX(_計算!DU258:DU269) | J31: =MAX(_計算!DV258:DV269) | L31: =IF(マスター!$P$27="","",マスター!$P$27) | M31: =IF(L31="","",マスター!$Q$27) | N31: =IF(L31="","",COUNTIF(実績!$X$6:$X$505,L31)) | O31: =IF(L31="","",SUMIF(_計算!$C$1:$DR$1,L31,_計算!$C$4:$DR$4))
B32: 他社 | C32: =COUNTIF(実績!$Y$6:$Y$505,B32) | D32: =SUMIF(_計算!$C$2:$DR$2,B32,_計算!$C$4:$DR$4) | F32: 22時 | G32: =MAX(_計算!DS270:DS281) | H32: =MAX(_計算!DT270:DT281) | I32: =MAX(_計算!DU270:DU281) | J32: =MAX(_計算!DV270:DV281) | L32: =IF(マスター!$P$28="","",マスター!$P$28) | M32: =IF(L32="","",マスター!$Q$28) | N32: =IF(L32="","",COUNTIF(実績!$X$6:$X$505,L32)) | O32: =IF(L32="","",SUMIF(_計算!$C$1:$DR$1,L32,_計算!$C$4:$DR$4))
B33: 未確認 | C33: =COUNTIF(実績!$Y$6:$Y$505,B33) | D33: =SUMIF(_計算!$C$2:$DR$2,B33,_計算!$C$4:$DR$4) | F33: 23時 | G33: =MAX(_計算!DS282:DS293) | H33: =MAX(_計算!DT282:DT293) | I33: =MAX(_計算!DU282:DU293) | J33: =MAX(_計算!DV282:DV293) | L33: =IF(マスター!$P$29="","",マスター!$P$29) | M33: =IF(L33="","",マスター!$Q$29) | N33: =IF(L33="","",COUNTIF(実績!$X$6:$X$505,L33)) | O33: =IF(L33="","",SUMIF(_計算!$C$1:$DR$1,L33,_計算!$C$4:$DR$4))
B34: マスター未登録 | C34: =COUNTIF(実績!$Y$6:$Y$505,B34) | D34: — | L34: =IF(マスター!$P$30="","",マスター!$P$30) | M34: =IF(L34="","",マスター!$Q$30) | N34: =IF(L34="","",COUNTIF(実績!$X$6:$X$505,L34)) | O34: =IF(L34="","",SUMIF(_計算!$C$1:$DR$1,L34,_計算!$C$4:$DR$4))
B35: 安瀬候補のタグ（按分配船・応援に含めない） | C35: =COUNTIFS(実績!$Y$6:$Y$505,"他社",実績!$AB$6:$AB$505,"安瀬*")+COUNTIFS(実績!$Y$6:$Y$505,"未確認",実績!$AB$6:$AB$505,"安瀬*") | L35: =IF(マスター!$P$31="","",マスター!$P$31) | M35: =IF(L35="","",マスター!$Q$31) | N35: =IF(L35="","",COUNTIF(実績!$X$6:$X$505,L35)) | O35: =IF(L35="","",SUMIF(_計算!$C$1:$DR$1,L35,_計算!$C$4:$DR$4))
B36: 他社・会社未確認のタグ（安瀬候補を除く） | C36: =COUNTIFS(実績!$Y$6:$Y$505,"他社",実績!$AB$6:$AB$505,"")+COUNTIFS(実績!$Y$6:$Y$505,"未確認",実績!$AB$6:$AB$505,"") | L36: =IF(マスター!$P$32="","",マスター!$P$32) | M36: =IF(L36="","",マスター!$Q$32) | N36: =IF(L36="","",COUNTIF(実績!$X$6:$X$505,L36)) | O36: =IF(L36="","",SUMIF(_計算!$C$1:$DR$1,L36,_計算!$C$4:$DR$4))
B37: ※ 安瀬候補は品名「支給炭」による仮の判定（要確認）。他社が実績で参加していないことを「応援不可」とは扱いません。 | L37: =IF(マスター!$P$33="","",マスター!$P$33) | M37: =IF(L37="","",マスター!$Q$33) | N37: =IF(L37="","",COUNTIF(実績!$X$6:$X$505,L37)) | O37: =IF(L37="","",SUMIF(_計算!$C$1:$DR$1,L37,_計算!$C$4:$DR$4))
L38: =IF(マスター!$P$34="","",マスター!$P$34) | M38: =IF(L38="","",マスター!$Q$34) | N38: =IF(L38="","",COUNTIF(実績!$X$6:$X$505,L38)) | O38: =IF(L38="","",SUMIF(_計算!$C$1:$DR$1,L38,_計算!$C$4:$DR$4))
B39: ■ 予定・出勤手配・同時稼働（それぞれ別の数値） | L39: =IF(マスター!$P$35="","",マスター!$P$35) | M39: =IF(L39="","",マスター!$Q$35) | N39: =IF(L39="","",COUNTIF(実績!$X$6:$X$505,L39)) | O39: =IF(L39="","",SUMIF(_計算!$C$1:$DR$1,L39,_計算!$C$4:$DR$4))
B40: 前日確定の照合状況 | C40: ='前日確定'!$C$10 | L40: =IF(マスター!$P$36="","",マスター!$P$36) | M40: =IF(L40="","",マスター!$Q$36) | N40: =IF(L40="","",COUNTIF(実績!$X$6:$X$505,L40)) | O40: =IF(L40="","",SUMIF(_計算!$C$1:$DR$1,L40,_計算!$C$4:$DR$4))
B41: 前日最終の予定時刻を入力した作業数 | C41: =COUNT('前日確定'!$J$26:$J$45) | L41: =IF(マスター!$P$37="","",マスター!$P$37) | M41: =IF(L41="","",マスター!$Q$37) | N41: =IF(L41="","",COUNTIF(実績!$X$6:$X$505,L41)) | O41: =IF(L41="","",SUMIF(_計算!$C$1:$DR$1,L41,_計算!$C$4:$DR$4))
B42: 予定のみ（実績なし）の作業数 | C42: =COUNTIF('前日確定'!$A$26:$A$45,"予定のみ") | L42: =IF(マスター!$P$38="","",マスター!$P$38) | M42: =IF(L42="","",マスター!$Q$38) | N42: =IF(L42="","",COUNTIF(実績!$X$6:$X$505,L42)) | O42: =IF(L42="","",SUMIF(_計算!$C$1:$DR$1,L42,_計算!$C$4:$DR$4))
B43: 作業予定タグ数（前日確定・延べ） | C43: =SUM('前日確定'!$Q$26:$Q$45) | L43: =IF(マスター!$P$39="","",マスター!$P$39) | M43: =IF(L43="","",マスター!$Q$39) | N43: =IF(L43="","",COUNTIF(実績!$X$6:$X$505,L43)) | O43: =IF(L43="","",SUMIF(_計算!$C$1:$DR$1,L43,_計算!$C$4:$DR$4))
B44: 翌日の出勤手配隻数 | C44: ='前日確定'!$C$22 | L44: =IF(マスター!$P$40="","",マスター!$P$40) | M44: =IF(L44="","",マスター!$Q$40) | N44: =IF(L44="","",COUNTIF(実績!$X$6:$X$505,L44)) | O44: =IF(L44="","",SUMIF(_計算!$C$1:$DR$1,L44,_計算!$C$4:$DR$4))
B45: 実績の最大同時稼働（候補） | C45: =C14 | L45: =IF(マスター!$P$41="","",マスター!$P$41) | M45: =IF(L45="","",マスター!$Q$41) | N45: =IF(L45="","",COUNTIF(実績!$X$6:$X$505,L45)) | O45: =IF(L45="","",SUMIF(_計算!$C$1:$DR$1,L45,_計算!$C$4:$DR$4))
B46: 同時に必要な隻数 | C46: 未入力（代表事例で別途確認） | D46: 予定上の4隻出勤は4隻同時必要の証明ではない | L46: =IF(マスター!$P$42="","",マスター!$P$42) | M46: =IF(L46="","",マスター!$Q$42) | N46: =IF(L46="","",COUNTIF(実績!$X$6:$X$505,L46)) | O46: =IF(L46="","",SUMIF(_計算!$C$1:$DR$1,L46,_計算!$C$4:$DR$4))
L47: =IF(マスター!$P$43="","",マスター!$P$43) | M47: =IF(L47="","",マスター!$Q$43) | N47: =IF(L47="","",COUNTIF(実績!$X$6:$X$505,L47)) | O47: =IF(L47="","",SUMIF(_計算!$C$1:$DR$1,L47,_計算!$C$4:$DR$4))
B48: ■ 変更・キャンセル | L48: =IF(マスター!$P$44="","",マスター!$P$44) | M48: =IF(L48="","",マスター!$Q$44) | N48: =IF(L48="","",COUNTIF(実績!$X$6:$X$505,L48)) | O48: =IF(L48="","",SUMIF(_計算!$C$1:$DR$1,L48,_計算!$C$4:$DR$4))
B49: 対象日の変更確認 | C49: =IFERROR(IF(INDEX('変更・キャンセル'!$B$7:$B$11,MATCH(C5,'変更・キャンセル'!$A$7:$A$11,0))="","未確認",INDEX('変更・キャンセル'!$B$7:$B$11,MATCH(C5,'変更・キャンセル'!$A$7:$A$11,0))),"未入力（未確認）") | L49: =IF(マスター!$P$45="","",マスター!$P$45) | M49: =IF(L49="","",マスター!$Q$45) | N49: =IF(L49="","",COUNTIF(実績!$X$6:$X$505,L49)) | O49: =IF(L49="","",SUMIF(_計算!$C$1:$DR$1,L49,_計算!$C$4:$DR$4))
B50: 全船休航 | C50: =IFERROR(IF(INDEX('変更・キャンセル'!$C$7:$C$11,MATCH(C5,'変更・キャンセル'!$A$7:$A$11,0))="○","○",""),"") | L50: 会社未確認 | N50: =COUNTIF(実績!$X$6:$X$505,"未確認") | O50: =SUMIF(_計算!$C$1:$DR$1,"未確認",_計算!$C$4:$DR$4)
B51: 変更記録の行数 | C51: =COUNTA('変更・キャンセル'!$A$26:$A$85)
B52: 変更のあった作業数 | C52: =SUMPRODUCT(('変更・キャンセル'!$B$26:$B$85<>"")/COUNTIF('変更・キャンセル'!$B$26:$B$85,'変更・キャンセル'!$B$26:$B$85&""))
B53: 取消しになった作業数 | C53: =COUNTIF('前日確定'!$W$26:$W$45,"○")
B54: うち基地発後の取消し（記録数） | C54: =COUNTIFS('変更・キャンセル'!$R$26:$R$85,"○",'変更・キャンセル'!$S$26:$S$85,"当日・基地発後") | D54: 実拘束あり。実施作業へは数えない
B55: 時間調整ありの記録 | C55: =COUNTIF('変更・キャンセル'!$V$26:$V$85,"あり")
B56: 休船からの呼出回数（同一呼出は1回） | C56: =COUNTA('変更・キャンセル'!$A$15:$A$22)-COUNTIF('変更・キャンセル'!$H$15:$H$22,"同一呼出*") | D56: 呼出実績＝常駐船腹の不足とは限らない
B57: うち乗組員の出勤手配の不足による呼出 | C57: =COUNTIFS('変更・キャンセル'!$E$15:$E$22,"乗組員の出勤手配の不足",'変更・キャンセル'!$H$15:$H$22,"") | D57: 船体の不足と区別
B58: 呼出の対象外の会社の記録 | C58: =COUNTIF('変更・キャンセル'!$I$15:$I$22,"製鉄曳船*")
B60: ■ 使えない船・拘束・他社配置（対象日）
B61: 入渠で使えない船数 | C61: =COUNTIF(入渠!$G$6:$G$55,"○")
B62: 他港作業で拘束された船数 | C62: =COUNTIF(他港作業!$I$6:$I$55,"○")
B63: 他社配置の記録数 | C63: =COUNTIF(他社配置!$I$6:$I$55,"○") | D63: 配置の記録であり応援の確約ではない

Sheet _計算
A1: 補助計算（非表示）：5分刻みで、マスターの船ごとに対象日の作業中（実績・取消しを除く・時刻のある行）なら1。同じ集計船名は1列にまとめる。 | B1: 会社 | C1: =IF(マスター!$N$6<>"○","",IF(マスター!$C$6="","未確認",マスター!$C$6)) | D1: =IF(マスター!$N$7<>"○","",IF(マスター!$C$7="","未確認",マスター!$C$7)) | E1: =IF(マスター!$N$8<>"○","",IF(マスター!$C$8="","未確認",マスター!$C$8)) | F1: =IF(マスター!$N$9<>"○","",IF(マスター!$C$9="","未確認",マスター!$C$9)) | G1: =IF(マスター!$N$10<>"○","",IF(マスター!$C$10="","未確認",マスター!$C$10)) | H1: =IF(マスター!$N$11<>"○","",IF(マスター!$C$11="","未確認",マスター!$C$11)) | I1: =IF(マスター!$N$12<>"○","",IF(マスター!$C$12="","未確認",マスター!$C$12)) | J1: =IF(マスター!$N$13<>"○","",IF(マスター!$C$13="","未確認",マスター!$C$13)) | K1: =IF(マスター!$N$14<>"○","",IF(マスター!$C$14="","未確認",マスター!$C$14)) | L1: =IF(マスター!$N$15<>"○","",IF(マスター!$C$15="","未確認",マスター!$C$15)) | M1: =IF(マスター!$N$16<>"○","",IF(マスター!$C$16="","未確認",マスター!$C$16)) | N1: =IF(マスター!$N$17<>"○","",IF(マスター!$C$17="","未確認",マスター!$C$17)) | O1: =IF(マスター!$N$18<>"○","",IF(マスター!$C$18="","未確認",マスター!$C$18)) | P1: =IF(マスター!$N$19<>"○","",IF(マスター!$C$19="","未確認",マスター!$C$19)) | Q1: =IF(マスター!$N$20<>"○","",IF(マスター!$C$20="","未確認",マスター!$C$20)) | R1: =IF(マスター!$N$21<>"○","",IF(マスター!$C$21="","未確認",マスター!$C$21)) | S1: =IF(マスター!$N$22<>"○","",IF(マスター!$C$22="","未確認",マスター!$C$22)) | T1: =IF(マスター!$N$23<>"○","",IF(マスター!$C$23="","未確認",マスター!$C$23)) | U1: =IF(マスター!$N$24<>"○","",IF(マスター!$C$24="","未確認",マスター!$C$24)) | V1: =IF(マスター!$N$25<>"○","",IF(マスター!$C$25="","未確認",マスター!$C$25)) | W1: =IF(マスター!$N$26<>"○","",IF(マスター!$C$26="","未確認",マスター!$C$26)) | X1: =IF(マスター!$N$27<>"○","",IF(マスター!$C$27="","未確認",マスター!$C$27)) | Y1: =IF(マスター!$N$28<>"○","",IF(マスター!$C$28="","未確認",マスター!$C$28)) | Z1: =IF(マスター!$N$29<>"○","",IF(マスター!$C$29="","未確認",マスター!$C$29)) | AA1: =IF(マスター!$N$30<>"○","",IF(マスター!$C$30="","未確認",マスター!$C$30)) | AB1: =IF(マスター!$N$31<>"○","",IF(マスター!$C$31="","未確認",マスター!$C$31)) | AC1: =IF(マスター!$N$32<>"○","",IF(マスター!$C$32="","未確認",マスター!$C$32)) | AD1: =IF(マスター!$N$33<>"○","",IF(マスター!$C$33="","未確認",マスター!$C$33)) | AE1: =IF(マスター!$N$34<>"○","",IF(マスター!$C$34="","未確認",マスター!$C$34)) | AF1: =IF(マスター!$N$35<>"○","",IF(マスター!$C$35="","未確認",マスター!$C$35)) | AG1: =IF(マスター!$N$36<>"○","",IF(マスター!$C$36="","未確認",マスター!$C$36)) | AH1: =IF(マスター!$N$37<>"○","",IF(マスター!$C$37="","未確認",マスター!$C$37)) | AI1: =IF(マスター!$N$38<>"○","",IF(マスター!$C$38="","未確認",マスター!$C$38)) | AJ1: =IF(マスター!$N$39<>"○","",IF(マスター!$C$39="","未確認",マスター!$C$39)) | AK1: =IF(マスター!$N$40<>"○","",IF(マスター!$C$40="","未確認",マスター!$C$40)) | AL1: =IF(マスター!$N$41<>"○","",IF(マスター!$C$41="","未確認",マスター!$C$41)) | AM1: =IF(マスター!$N$42<>"○","",IF(マスター!$C$42="","未確認",マスター!$C$42)) | AN1: =IF(マスター!$N$43<>"○","",IF(マスター!$C$43="","未確認",マスター!$C$43)) | AO1: =IF(マスター!$N$44<>"○","",IF(マスター!$C$44="","未確認",マスター!$C$44)) | AP1: =IF(マスター!$N$45<>"○","",IF(マスター!$C$45="","未確認",マスター!$C$45)) | AQ1: =IF(マスター!$N$46<>"○","",IF(マスター!$C$46="","未確認",マスター!$C$46)) | AR1: =IF(マスター!$N$47<>"○","",IF(マスター!$C$47="","未確認",マスター!$C$47)) | AS1: =IF(マスター!$N$48<>"○","",IF(マスター!$C$48="","未確認",マスター!$C$48)) | AT1: =IF(マスター!$N$49<>"○","",IF(マスター!$C$49="","未確認",マスター!$C$49)) | AU1: =IF(マスター!$N$50<>"○","",IF(マスター!$C$50="","未確認",マスター!$C$50)) | AV1: =IF(マスター!$N$51<>"○","",IF(マスター!$C$51="","未確認",マスター!$C$51)) | AW1: =IF(マスター!$N$52<>"○","",IF(マスター!$C$52="","未確認",マスター!$C$52)) | AX1: =IF(マスター!$N$53<>"○","",IF(マスター!$C$53="","未確認",マスター!$C$53)) | AY1: =IF(マスター!$N$54<>"○","",IF(マスター!$C$54="","未確認",マスター!$C$54)) | AZ1: =IF(マスター!$N$55<>"○","",IF(マスター!$C$55="","未確認",マスター!$C$55)) | BA1: =IF(マスター!$N$56<>"○","",IF(マスター!$C$56="","未確認",マスター!$C$56)) | BB1: =IF(マスター!$N$57<>"○","",IF(マスター!$C$57="","未確認",マスター!$C$57)) | BC1: =IF(マスター!$N$58<>"○","",IF(マスター!$C$58="","未確認",マスター!$C$58)) | BD1: =IF(マスター!$N$59<>"○","",IF(マスター!$C$59="","未確認",マスター!$C$59)) | BE1: =IF(マスター!$N$60<>"○","",IF(マスター!$C$60="","未確認",マスター!$C$60)) | BF1: =IF(マスター!$N$61<>"○","",IF(マスター!$C$61="","未確認",マスター!$C$61)) | BG1: =IF(マスター!$N$62<>"○","",IF(マスター!$C$62="","未確認",マスター!$C$62)) | BH1: =IF(マスター!$N$63<>"○","",IF(マスター!$C$63="","未確認",マスター!$C$63)) | BI1: =IF(マスター!$N$64<>"○","",IF(マスター!$C$64="","未確認",マスター!$C$64)) | BJ1: =IF(マスター!$N$65<>"○","",IF(マスター!$C$65="","未確認",マスター!$C$65)) | BK1: =IF(マスター!$N$66<>"○","",IF(マスター!$C$66="","未確認",マスター!$C$66)) | BL1: =IF(マスター!$N$67<>"○","",IF(マスター!$C$67="","未確認",マスター!$C$67)) | BM1: =IF(マスター!$N$68<>"○","",IF(マスター!$C$68="","未確認",マスター!$C$68)) | BN1: =IF(マスター!$N$69<>"○","",IF(マスター!$C$69="","未確認",マスター!$C$69)) | BO1: =IF(マスター!$N$70<>"○","",IF(マスター!$C$70="","未確認",マスター!$C$70)) | BP1: =IF(マスター!$N$71<>"○","",IF(マスター!$C$71="","未確認",マスター!$C$71)) | BQ1: =IF(マスター!$N$72<>"○","",IF(マスター!$C$72="","未確認",マスター!$C$72)) | BR1: =IF(マスター!$N$73<>"○","",IF(マスター!$C$73="","未確認",マスター!$C$73)) | BS1: =IF(マスター!$N$74<>"○","",IF(マスター!$C$74="","未確認",マスター!$C$74)) | BT1: =IF(マスター!$N$75<>"○","",IF(マスター!$C$75="","未確認",マスター!$C$75)) | BU1: =IF(マスター!$N$76<>"○","",IF(マスター!$C$76="","未確認",マスター!$C$76)) | BV1: =IF(マスター!$N$77<>"○","",IF(マスター!$C$77="","未確認",マスター!$C$77)) | BW1: =IF(マスター!$N$78<>"○","",IF(マスター!$C$78="","未確認",マスター!$C$78)) | BX1: =IF(マスター!$N$79<>"○","",IF(マスター!$C$79="","未確認",マスター!$C$79)) | BY1: =IF(マスター!$N$80<>"○","",IF(マスター!$C$80="","未確認",マスター!$C$80)) | BZ1: =IF(マスター!$N$81<>"○","",IF(マスター!$C$81="","未確認",マスター!$C$81)) | CA1: =IF(マスター!$N$82<>"○","",IF(マスター!$C$82="","未確認",マスター!$C$82)) | CB1: =IF(マスター!$N$83<>"○","",IF(マスター!$C$83="","未確認",マスター!$C$83)) | CC1: =IF(マスター!$N$84<>"○","",IF(マスター!$C$84="","未確認",マスター!$C$84)) | CD1: =IF(マスター!$N$85<>"○","",IF(マスター!$C$85="","未確認",マスター!$C$85)) | CE1: =IF(マスター!$N$86<>"○","",IF(マスター!$C$86="","未確認",マスター!$C$86)) | CF1: =IF(マスター!$N$87<>"○","",IF(マスター!$C$87="","未確認",マスター!$C$87)) | CG1: =IF(マスター!$N$88<>"○","",IF(マスター!$C$88="","未確認",マスター!$C$88)) | CH1: =IF(マスター!$N$89<>"○","",IF(マスター!$C$89="","未確認",マスター!$C$89)) | CI1: =IF(マスター!$N$90<>"○","",IF(マスター!$C$90="","未確認",マスター!$C$90)) | CJ1: =IF(マスター!$N$91<>"○","",IF(マスター!$C$91="","未確認",マスター!$C$91)) | CK1: =IF(マスター!$N$92<>"○","",IF(マスター!$C$92="","未確認",マスター!$C$92)) | CL1: =IF(マスター!$N$93<>"○","",IF(マスター!$C$93="","未確認",マスター!$C$93)) | CM1: =IF(マスター!$N$94<>"○","",IF(マスター!$C$94="","未確認",マスター!$C$94)) | CN1: =IF(マスター!$N$95<>"○","",IF(マスター!$C$95="","未確認",マスター!$C$95)) | CO1: =IF(マスター!$N$96<>"○","",IF(マスター!$C$96="","未確認",マスター!$C$96)) | CP1: =IF(マスター!$N$97<>"○","",IF(マスター!$C$97="","未確認",マスター!$C$97)) | CQ1: =IF(マスター!$N$98<>"○","",IF(マスター!$C$98="","未確認",マスター!$C$98)) | CR1: =IF(マスター!$N$99<>"○","",IF(マスター!$C$99="","未確認",マスター!$C$99)) | CS1: =IF(マスター!$N$100<>"○","",IF(マスター!$C$100="","未確認",マスター!$C$100)) | CT1: =IF(マスター!$N$101<>"○","",IF(マスター!$C$101="","未確認",マスター!$C$101)) | CU1: =IF(マスター!$N$102<>"○","",IF(マスター!$C$102="","未確認",マスター!$C$102)) | CV1: =IF(マスター!$N$103<>"○","",IF(マスター!$C$103="","未確認",マスター!$C$103)) | CW1: =IF(マスター!$N$104<>"○","",IF(マスター!$C$104="","未確認",マスター!$C$104)) | CX1: =IF(マスター!$N$105<>"○","",IF(マスター!$C$105="","未確認",マスター!$C$105)) | CY1: =IF(マスター!$N$106<>"○","",IF(マスター!$C$106="","未確認",マスター!$C$106)) | CZ1: =IF(マスター!$N$107<>"○","",IF(マスター!$C$107="","未確認",マスター!$C$107)) | DA1: =IF(マスター!$N$108<>"○","",IF(マスター!$C$108="","未確認",マスター!$C$108)) | DB1: =IF(マスター!$N$109<>"○","",IF(マスター!$C$109="","未確認",マスター!$C$109)) | DC1: =IF(マスター!$N$110<>"○","",IF(マスター!$C$110="","未確認",マスター!$C$110)) | DD1: =IF(マスター!$N$111<>"○","",IF(マスター!$C$111="","未確認",マスター!$C$111)) | DE1: =IF(マスター!$N$112<>"○","",IF(マスター!$C$112="","未確認",マスター!$C$112)) | DF1: =IF(マスター!$N$113<>"○","",IF(マスター!$C$113="","未確認",マスター!$C$113)) | DG1: =IF(マスター!$N$114<>"○","",IF(マスター!$C$114="","未確認",マスター!$C$114)) | DH1: =IF(マスター!$N$115<>"○","",IF(マスター!$C$115="","未確認",マスター!$C$115)) | DI1: =IF(マスター!$N$116<>"○","",IF(マスター!$C$116="","未確認",マスター!$C$116)) | DJ1: =IF(マスター!$N$117<>"○","",IF(マスター!$C$117="","未確認",マスター!$C$117)) | DK1: =IF(マスター!$N$118<>"○","",IF(マスター!$C$118="","未確認",マスター!$C$118)) | DL1: =IF(マスター!$N$119<>"○","",IF(マスター!$C$119="","未確認",マスター!$C$119)) | DM1: =IF(マスター!$N$120<>"○","",IF(マスター!$C$120="","未確認",マスター!$C$120)) | DN1: =IF(マスター!$N$121<>"○","",IF(マスター!$C$121="","未確認",マスター!$C$121)) | DO1: =IF(マスター!$N$122<>"○","",IF(マスター!$C$122="","未確認",マスター!$C$122)) | DP1: =IF(マスター!$N$123<>"○","",IF(マスター!$C$123="","未確認",マスター!$C$123)) | DQ1: =IF(マスター!$N$124<>"○","",IF(マスター!$C$124="","未確認",マスター!$C$124)) | DR1: =IF(マスター!$N$125<>"○","",IF(マスター!$C$125="","未確認",マスター!$C$125))
A2: 会社区分 | C2: =IF(マスター!$N$6<>"○","",マスター!$K$6) | D2: =IF(マスター!$N$7<>"○","",マスター!$K$7) | E2: =IF(マスター!$N$8<>"○","",マスター!$K$8) | F2: =IF(マスター!$N$9<>"○","",マスター!$K$9) | G2: =IF(マスター!$N$10<>"○","",マスター!$K$10) | H2: =IF(マスター!$N$11<>"○","",マスター!$K$11) | I2: =IF(マスター!$N$12<>"○","",マスター!$K$12) | J2: =IF(マスター!$N$13<>"○","",マスター!$K$13) | K2: =IF(マスター!$N$14<>"○","",マスター!$K$14) | L2: =IF(マスター!$N$15<>"○","",マスター!$K$15) | M2: =IF(マスター!$N$16<>"○","",マスター!$K$16) | N2: =IF(マスター!$N$17<>"○","",マスター!$K$17) | O2: =IF(マスター!$N$18<>"○","",マスター!$K$18) | P2: =IF(マスター!$N$19<>"○","",マスター!$K$19) | Q2: =IF(マスター!$N$20<>"○","",マスター!$K$20) | R2: =IF(マスター!$N$21<>"○","",マスター!$K$21) | S2: =IF(マスター!$N$22<>"○","",マスター!$K$22) | T2: =IF(マスター!$N$23<>"○","",マスター!$K$23) | U2: =IF(マスター!$N$24<>"○","",マスター!$K$24) | V2: =IF(マスター!$N$25<>"○","",マスター!$K$25) | W2: =IF(マスター!$N$26<>"○","",マスター!$K$26) | X2: =IF(マスター!$N$27<>"○","",マスター!$K$27) | Y2: =IF(マスター!$N$28<>"○","",マスター!$K$28) | Z2: =IF(マスター!$N$29<>"○","",マスター!$K$29) | AA2: =IF(マスター!$N$30<>"○","",マスター!$K$30) | AB2: =IF(マスター!$N$31<>"○","",マスター!$K$31) | AC2: =IF(マスター!$N$32<>"○","",マスター!$K$32) | AD2: =IF(マスター!$N$33<>"○","",マスター!$K$33) | AE2: =IF(マスター!$N$34<>"○","",マスター!$K$34) | AF2: =IF(マスター!$N$35<>"○","",マスター!$K$35) | AG2: =IF(マスター!$N$36<>"○","",マスター!$K$36) | AH2: =IF(マスター!$N$37<>"○","",マスター!$K$37) | AI2: =IF(マスター!$N$38<>"○","",マスター!$K$38) | AJ2: =IF(マスター!$N$39<>"○","",マスター!$K$39) | AK2: =IF(マスター!$N$40<>"○","",マスター!$K$40) | AL2: =IF(マスター!$N$41<>"○","",マスター!$K$41) | AM2: =IF(マスター!$N$42<>"○","",マスター!$K$42) | AN2: =IF(マスター!$N$43<>"○","",マスター!$K$43) | AO2: =IF(マスター!$N$44<>"○","",マスター!$K$44) | AP2: =IF(マスター!$N$45<>"○","",マスター!$K$45) | AQ2: =IF(マスター!$N$46<>"○","",マスター!$K$46) | AR2: =IF(マスター!$N$47<>"○","",マスター!$K$47) | AS2: =IF(マスター!$N$48<>"○","",マスター!$K$48) | AT2: =IF(マスター!$N$49<>"○","",マスター!$K$49) | AU2: =IF(マスター!$N$50<>"○","",マスター!$K$50) | AV2: =IF(マスター!$N$51<>"○","",マスター!$K$51) | AW2: =IF(マスター!$N$52<>"○","",マスター!$K$52) | AX2: =IF(マスター!$N$53<>"○","",マスター!$K$53) | AY2: =IF(マスター!$N$54<>"○","",マスター!$K$54) | AZ2: =IF(マスター!$N$55<>"○","",マスター!$K$55) | BA2: =IF(マスター!$N$56<>"○","",マスター!$K$56) | BB2: =IF(マスター!$N$57<>"○","",マスター!$K$57) | BC2: =IF(マスター!$N$58<>"○","",マスター!$K$58) | BD2: =IF(マスター!$N$59<>"○","",マスター!$K$59) | BE2: =IF(マスター!$N$60<>"○","",マスター!$K$60) | BF2: =IF(マスター!$N$61<>"○","",マスター!$K$61) | BG2: =IF(マスター!$N$62<>"○","",マスター!$K$62) | BH2: =IF(マスター!$N$63<>"○","",マスター!$K$63) | BI2: =IF(マスター!$N$64<>"○","",マスター!$K$64) | BJ2: =IF(マスター!$N$65<>"○","",マスター!$K$65) | BK2: =IF(マスター!$N$66<>"○","",マスター!$K$66) | BL2: =IF(マスター!$N$67<>"○","",マスター!$K$67) | BM2: =IF(マスター!$N$68<>"○","",マスター!$K$68) | BN2: =IF(マスター!$N$69<>"○","",マスター!$K$69) | BO2: =IF(マスター!$N$70<>"○","",マスター!$K$70) | BP2: =IF(マスター!$N$71<>"○","",マスター!$K$71) | BQ2: =IF(マスター!$N$72<>"○","",マスター!$K$72) | BR2: =IF(マスター!$N$73<>"○","",マスター!$K$73) | BS2: =IF(マスター!$N$74<>"○","",マスター!$K$74) | BT2: =IF(マスター!$N$75<>"○","",マスター!$K$75) | BU2: =IF(マスター!$N$76<>"○","",マスター!$K$76) | BV2: =IF(マスター!$N$77<>"○","",マスター!$K$77) | BW2: =IF(マスター!$N$78<>"○","",マスター!$K$78) | BX2: =IF(マスター!$N$79<>"○","",マスター!$K$79) | BY2: =IF(マスター!$N$80<>"○","",マスター!$K$80) | BZ2: =IF(マスター!$N$81<>"○","",マスター!$K$81) | CA2: =IF(マスター!$N$82<>"○","",マスター!$K$82) | CB2: =IF(マスター!$N$83<>"○","",マスター!$K$83) | CC2: =IF(マスター!$N$84<>"○","",マスター!$K$84) | CD2: =IF(マスター!$N$85<>"○","",マスター!$K$85) | CE2: =IF(マスター!$N$86<>"○","",マスター!$K$86) | CF2: =IF(マスター!$N$87<>"○","",マスター!$K$87) | CG2: =IF(マスター!$N$88<>"○","",マスター!$K$88) | CH2: =IF(マスター!$N$89<>"○","",マスター!$K$89) | CI2: =IF(マスター!$N$90<>"○","",マスター!$K$90) | CJ2: =IF(マスター!$N$91<>"○","",マスター!$K$91) | CK2: =IF(マスター!$N$92<>"○","",マスター!$K$92) | CL2: =IF(マスター!$N$93<>"○","",マスター!$K$93) | CM2: =IF(マスター!$N$94<>"○","",マスター!$K$94) | CN2: =IF(マスター!$N$95<>"○","",マスター!$K$95) | CO2: =IF(マスター!$N$96<>"○","",マスター!$K$96) | CP2: =IF(マスター!$N$97<>"○","",マスター!$K$97) | CQ2: =IF(マスター!$N$98<>"○","",マスター!$K$98) | CR2: =IF(マスター!$N$99<>"○","",マスター!$K$99) | CS2: =IF(マスター!$N$100<>"○","",マスター!$K$100) | CT2: =IF(マスター!$N$101<>"○","",マスター!$K$101) | CU2: =IF(マスター!$N$102<>"○","",マスター!$K$102) | CV2: =IF(マスター!$N$103<>"○","",マスター!$K$103) | CW2: =IF(マスター!$N$104<>"○","",マスター!$K$104) | CX2: =IF(マスター!$N$105<>"○","",マスター!$K$105) | CY2: =IF(マスター!$N$106<>"○","",マスター!$K$106) | CZ2: =IF(マスター!$N$107<>"○","",マスター!$K$107) | DA2: =IF(マスター!$N$108<>"○","",マスター!$K$108) | DB2: =IF(マスター!$N$109<>"○","",マスター!$K$109) | DC2: =IF(マスター!$N$110<>"○","",マスター!$K$110) | DD2: =IF(マスター!$N$111<>"○","",マスター!$K$111) | DE2: =IF(マスター!$N$112<>"○","",マスター!$K$112) | DF2: =IF(マスター!$N$113<>"○","",マスター!$K$113) | DG2: =IF(マスター!$N$114<>"○","",マスター!$K$114) | DH2: =IF(マスター!$N$115<>"○","",マスター!$K$115) | DI2: =IF(マスター!$N$116<>"○","",マスター!$K$116) | DJ2: =IF(マスター!$N$117<>"○","",マスター!$K$117) | DK2: =IF(マスター!$N$118<>"○","",マスター!$K$118) | DL2: =IF(マスター!$N$119<>"○","",マスター!$K$119) | DM2: =IF(マスター!$N$120<>"○","",マスター!$K$120) | DN2: =IF(マスター!$N$121<>"○","",マスター!$K$121) | DO2: =IF(マスター!$N$122<>"○","",マスター!$K$122) | DP2: =IF(マスター!$N$123<>"○","",マスター!$K$123) | DQ2: =IF(マスター!$N$124<>"○","",マスター!$K$124) | DR2: =IF(マスター!$N$125<>"○","",マスター!$K$125)
A3: 集計船名 | C3: =IF(マスター!$N$6<>"○","",マスター!$J$6) | D3: =IF(マスター!$N$7<>"○","",マスター!$J$7) | E3: =IF(マスター!$N$8<>"○","",マスター!$J$8) | F3: =IF(マスター!$N$9<>"○","",マスター!$J$9) | G3: =IF(マスター!$N$10<>"○","",マスター!$J$10) | H3: =IF(マスター!$N$11<>"○","",マスター!$J$11) | I3: =IF(マスター!$N$12<>"○","",マスター!$J$12) | J3: =IF(マスター!$N$13<>"○","",マスター!$J$13) | K3: =IF(マスター!$N$14<>"○","",マスター!$J$14) | L3: =IF(マスター!$N$15<>"○","",マスター!$J$15) | M3: =IF(マスター!$N$16<>"○","",マスター!$J$16) | N3: =IF(マスター!$N$17<>"○","",マスター!$J$17) | O3: =IF(マスター!$N$18<>"○","",マスター!$J$18) | P3: =IF(マスター!$N$19<>"○","",マスター!$J$19) | Q3: =IF(マスター!$N$20<>"○","",マスター!$J$20) | R3: =IF(マスター!$N$21<>"○","",マスター!$J$21) | S3: =IF(マスター!$N$22<>"○","",マスター!$J$22) | T3: =IF(マスター!$N$23<>"○","",マスター!$J$23) | U3: =IF(マスター!$N$24<>"○","",マスター!$J$24) | V3: =IF(マスター!$N$25<>"○","",マスター!$J$25) | W3: =IF(マスター!$N$26<>"○","",マスター!$J$26) | X3: =IF(マスター!$N$27<>"○","",マスター!$J$27) | Y3: =IF(マスター!$N$28<>"○","",マスター!$J$28) | Z3: =IF(マスター!$N$29<>"○","",マスター!$J$29) | AA3: =IF(マスター!$N$30<>"○","",マスター!$J$30) | AB3: =IF(マスター!$N$31<>"○","",マスター!$J$31) | AC3: =IF(マスター!$N$32<>"○","",マスター!$J$32) | AD3: =IF(マスター!$N$33<>"○","",マスター!$J$33) | AE3: =IF(マスター!$N$34<>"○","",マスター!$J$34) | AF3: =IF(マスター!$N$35<>"○","",マスター!$J$35) | AG3: =IF(マスター!$N$36<>"○","",マスター!$J$36) | AH3: =IF(マスター!$N$37<>"○","",マスター!$J$37) | AI3: =IF(マスター!$N$38<>"○","",マスター!$J$38) | AJ3: =IF(マスター!$N$39<>"○","",マスター!$J$39) | AK3: =IF(マスター!$N$40<>"○","",マスター!$J$40) | AL3: =IF(マスター!$N$41<>"○","",マスター!$J$41) | AM3: =IF(マスター!$N$42<>"○","",マスター!$J$42) | AN3: =IF(マスター!$N$43<>"○","",マスター!$J$43) | AO3: =IF(マスター!$N$44<>"○","",マスター!$J$44) | AP3: =IF(マスター!$N$45<>"○","",マスター!$J$45) | AQ3: =IF(マスター!$N$46<>"○","",マスター!$J$46) | AR3: =IF(マスター!$N$47<>"○","",マスター!$J$47) | AS3: =IF(マスター!$N$48<>"○","",マスター!$J$48) | AT3: =IF(マスター!$N$49<>"○","",マスター!$J$49) | AU3: =IF(マスター!$N$50<>"○","",マスター!$J$50) | AV3: =IF(マスター!$N$51<>"○","",マスター!$J$51) | AW3: =IF(マスター!$N$52<>"○","",マスター!$J$52) | AX3: =IF(マスター!$N$53<>"○","",マスター!$J$53) | AY3: =IF(マスター!$N$54<>"○","",マスター!$J$54) | AZ3: =IF(マスター!$N$55<>"○","",マスター!$J$55) | BA3: =IF(マスター!$N$56<>"○","",マスター!$J$56) | BB3: =IF(マスター!$N$57<>"○","",マスター!$J$57) | BC3: =IF(マスター!$N$58<>"○","",マスター!$J$58) | BD3: =IF(マスター!$N$59<>"○","",マスター!$J$59) | BE3: =IF(マスター!$N$60<>"○","",マスター!$J$60) | BF3: =IF(マスター!$N$61<>"○","",マスター!$J$61) | BG3: =IF(マスター!$N$62<>"○","",マスター!$J$62) | BH3: =IF(マスター!$N$63<>"○","",マスター!$J$63) | BI3: =IF(マスター!$N$64<>"○","",マスター!$J$64) | BJ3: =IF(マスター!$N$65<>"○","",マスター!$J$65) | BK3: =IF(マスター!$N$66<>"○","",マスター!$J$66) | BL3: =IF(マスター!$N$67<>"○","",マスター!$J$67) | BM3: =IF(マスター!$N$68<>"○","",マスター!$J$68) | BN3: =IF(マスター!$N$69<>"○","",マスター!$J$69) | BO3: =IF(マスター!$N$70<>"○","",マスター!$J$70) | BP3: =IF(マスター!$N$71<>"○","",マスター!$J$71) | BQ3: =IF(マスター!$N$72<>"○","",マスター!$J$72) | BR3: =IF(マスター!$N$73<>"○","",マスター!$J$73) | BS3: =IF(マスター!$N$74<>"○","",マスター!$J$74) | BT3: =IF(マスター!$N$75<>"○","",マスター!$J$75) | BU3: =IF(マスター!$N$76<>"○","",マスター!$J$76) | BV3: =IF(マスター!$N$77<>"○","",マスター!$J$77) | BW3: =IF(マスター!$N$78<>"○","",マスター!$J$78) | BX3: =IF(マスター!$N$79<>"○","",マスター!$J$79) | BY3: =IF(マスター!$N$80<>"○","",マスター!$J$80) | BZ3: =IF(マスター!$N$81<>"○","",マスター!$J$81) | CA3: =IF(マスター!$N$82<>"○","",マスター!$J$82) | CB3: =IF(マスター!$N$83<>"○","",マスター!$J$83) | CC3: =IF(マスター!$N$84<>"○","",マスター!$J$84) | CD3: =IF(マスター!$N$85<>"○","",マスター!$J$85) | CE3: =IF(マスター!$N$86<>"○","",マスター!$J$86) | CF3: =IF(マスター!$N$87<>"○","",マスター!$J$87) | CG3: =IF(マスター!$N$88<>"○","",マスター!$J$88) | CH3: =IF(マスター!$N$89<>"○","",マスター!$J$89) | CI3: =IF(マスター!$N$90<>"○","",マスター!$J$90) | CJ3: =IF(マスター!$N$91<>"○","",マスター!$J$91) | CK3: =IF(マスター!$N$92<>"○","",マスター!$J$92) | CL3: =IF(マスター!$N$93<>"○","",マスター!$J$93) | CM3: =IF(マスター!$N$94<>"○","",マスター!$J$94) | CN3: =IF(マスター!$N$95<>"○","",マスター!$J$95) | CO3: =IF(マスター!$N$96<>"○","",マスター!$J$96) | CP3: =IF(マスター!$N$97<>"○","",マスター!$J$97) | CQ3: =IF(マスター!$N$98<>"○","",マスター!$J$98) | CR3: =IF(マスター!$N$99<>"○","",マスター!$J$99) | CS3: =IF(マスター!$N$100<>"○","",マスター!$J$100) | CT3: =IF(マスター!$N$101<>"○","",マスター!$J$101) | CU3: =IF(マスター!$N$102<>"○","",マスター!$J$102) | CV3: =IF(マスター!$N$103<>"○","",マスター!$J$103) | CW3: =IF(マスター!$N$104<>"○","",マスター!$J$104) | CX3: =IF(マスター!$N$105<>"○","",マスター!$J$105) | CY3: =IF(マスター!$N$106<>"○","",マスター!$J$106) | CZ3: =IF(マスター!$N$107<>"○","",マスター!$J$107) | DA3: =IF(マスター!$N$108<>"○","",マスター!$J$108) | DB3: =IF(マスター!$N$109<>"○","",マスター!$J$109) | DC3: =IF(マスター!$N$110<>"○","",マスター!$J$110) | DD3: =IF(マスター!$N$111<>"○","",マスター!$J$111) | DE3: =IF(マスター!$N$112<>"○","",マスター!$J$112) | DF3: =IF(マスター!$N$113<>"○","",マスター!$J$113) | DG3: =IF(マスター!$N$114<>"○","",マスター!$J$114) | DH3: =IF(マスター!$N$115<>"○","",マスター!$J$115) | DI3: =IF(マスター!$N$116<>"○","",マスター!$J$116) | DJ3: =IF(マスター!$N$117<>"○","",マスター!$J$117) | DK3: =IF(マスター!$N$118<>"○","",マスター!$J$118) | DL3: =IF(マスター!$N$119<>"○","",マスター!$J$119) | DM3: =IF(マスター!$N$120<>"○","",マスター!$J$120) | DN3: =IF(マスター!$N$121<>"○","",マスター!$J$121) | DO3: =IF(マスター!$N$122<>"○","",マスター!$J$122) | DP3: =IF(マスター!$N$123<>"○","",マスター!$J$123) | DQ3: =IF(マスター!$N$124<>"○","",マスター!$J$124) | DR3: =IF(マスター!$N$125<>"○","",マスター!$J$125)
A4: 当日稼働 | C4: =IF(C$3="",0,IF(COUNTIFS(実績!$W$6:$W$505,C$3,実績!$AE$6:$AE$505,"○")>0,1,0)) | D4: =IF(D$3="",0,IF(COUNTIFS(実績!$W$6:$W$505,D$3,実績!$AE$6:$AE$505,"○")>0,1,0)) | E4: =IF(E$3="",0,IF(COUNTIFS(実績!$W$6:$W$505,E$3,実績!$AE$6:$AE$505,"○")>0,1,0)) | F4: =IF(F$3="",0,IF(COUNTIFS(実績!$W$6:$W$505,F$3,実績!$AE$6:$AE$505,"○")>0,1,0)) | G4: =IF(G$3="",0,IF(COUNTIFS(実績!$W$6:$W$505,G$3,実績!$AE$6:$AE$505,"○")>0,1,0)) | H4: =IF(H$3="",0,IF(COUNTIFS(実績!$W$6:$W$505,H$3,実績!$AE$6:$AE$505,"○")>0,1,0)) | I4: =IF(I$3="",0,IF(COUNTIFS(実績!$W$6:$W$505,I$3,実績!$AE$6:$AE$505,"○")>0,1,0)) | J4: =IF(J$3="",0,IF(COUNTIFS(実績!$W$6:$W$505,J$3,実績!$AE$6:$AE$505,"○")>0,1,0)) | ... DR4: =IF(DR$3="",0,IF(COUNTIFS(実績!$W$6:$W$505,DR$3,実績!$AE$6:$AE$505,"○")>0,1,0))
A5: 分 | B5: 時刻 | DS5: 全体の同時隻数 | DT5: 作業中の本船作業数 | DU5: 製鉄曳船（会社要確認） | DV5: 西日本海運
A6: 0 | B6: =A6/1440 | C6: =IF(C$4=0,0,IF(COUNTIFS(実績!$W$6:$W$505,C$3,実績!$AC$6:$AC$505,"<="&$A6,実績!$AD$6:$AD$505,">"&$A6,実績!$AE$6:$AE$505,"○")>0,1,0)) | D6: =IF(D$4=0,0,IF(COUNTIFS(実績!$W$6:$W$505,D$3,実績!$AC$6:$AC$505,"<="&$A6,実績!$AD$6:$AD$505,">"&$A6,実績!$AE$6:$AE$505,"○")>0,1,0)) | E6: =IF(E$4=0,0,IF(COUNTIFS(実績!$W$6:$W$505,E$3,実績!$AC$6:$AC$505,"<="&$A6,実績!$AD$6:$AD$505,">"&$A6,実績!$AE$6:$AE$505,"○")>0,1,0)) | F6: =IF(F$4=0,0,IF(COUNTIFS(実績!$W$6:$W$505,F$3,実績!$AC$6:$AC$505,"<="&$A6,実績!$AD$6:$AD$505,">"&$A6,実績!$AE$6:$AE$505,"○")>0,1,0)) | G6: =IF(G$4=0,0,IF(COUNTIFS(実績!$W$6:$W$505,G$3,実績!$AC$6:$AC$505,"<="&$A6,実績!$AD$6:$AD$505,">"&$A6,実績!$AE$6:$AE$505,"○")>0,1,0)) | H6: =IF(H$4=0,0,IF(COUNTIFS(実績!$W$6:$W$505,H$3,実績!$AC$6:$AC$505,"<="&$A6,実績!$AD$6:$AD$505,">"&$A6,実績!$AE$6:$AE$505,"○")>0,1,0)) | I6: =IF(I$4=0,0,IF(COUNTIFS(実績!$W$6:$W$505,I$3,実績!$AC$6:$AC$505,"<="&$A6,実績!$AD$6:$AD$505,">"&$A6,実績!$AE$6:$AE$505,"○")>0,1,0)) | J6: =IF(J$4=0,0,IF(COUNTIFS(実績!$W$6:$W$505,J$3,実績!$AC$6:$AC$505,"<="&$A6,実績!$AD$6:$AD$505,">"&$A6,実績!$AE$6:$AE$505,"○")>0,1,0)) | ... DR6: =IF(DR$4=0,0,IF(COUNTIFS(実績!$W$6:$W$505,DR$3,実績!$AC$6:$AC$505,"<="&$A6,実績!$AD$6:$AD$505,">"&$A6,実績!$AE$6:$AE$505,"○")>0,1,0)) | DS6: =SUM(C6:DR6) | DT6: =SUMPRODUCT((実績!$C$6:$C$505="○")*ISNUMBER(実績!$AF$6:$AF$505)*(実績!$AF$6:$AF$505<=$A6)*(実績!$AG$6:$AG$505>$A6)) | DU6: =SUMIF($C$2:$DR$2,"製鉄曳船",C6:DR6) | DV6: =SUMIF($C$2:$DR$2,"西日本海運",C6:DR6)
A7: 5 | B7: =A7/1440 | C7: =IF(C$4=0,0,IF(COUNTIFS(実績!$W$6:$W$505,C$3,実績!$AC$6:$AC$505,"<="&$A7,実績!$AD$6:$AD$505,">"&$A7,実績!$AE$6:$AE$505,"○")>0,1,0)) | D7: =IF(D$4=0,0,IF(COUNTIFS(実績!$W$6:$W$505,D$3,実績!$AC$6:$AC$505,"<="&$A7,実績!$AD$6:$AD$505,">"&$A7,実績!$AE$6:$AE$505,"○")>0,1,0)) | E7: =IF(E$4=0,0,IF(COUNTIFS(実績!$W$6:$W$505,E$3,実績!$AC$6:$AC$505,"<="&$A7,実績!$AD$6:$AD$505,">"&$A7,実績!$AE$6:$AE$505,"○")>0,1,0)) | F7: =IF(F$4=0,0,IF(COUNTIFS(実績!$W$6:$W$505,F$3,実績!$AC$6:$AC$505,"<="&$A7,実績!$AD$6:$AD$505,">"&$A7,実績!$AE$6:$AE$505,"○")>0,1,0)) | G7: =IF(G$4=0,0,IF(COUNTIFS(実績!$W$6:$W$505,G$3,実績!$AC$6:$AC$505,"<="&$A7,実績!$AD$6:$AD$505,">"&$A7,実績!$AE$6:$AE$505,"○")>0,1,0)) | H7: =IF(H$4=0,0,IF(COUNTIFS(実績!$W$6:$W$505,H$3,実績!$AC$6:$AC$505,"<="&$A7,実績!$AD$6:$AD$505,">"&$A7,実績!$AE$6:$AE$505,"○")>0,1,0)) | I7: =IF(I$4=0,0,IF(COUNTIFS(実績!$W$6:$W$505,I$3,実績!$AC$6:$AC$505,"<="&$A7,実績!$AD$6:$AD$505,">"&$A7,実績!$AE$6:$AE$505,"○")>0,1,0)) | J7: =IF(J$4=0,0,IF(COUNTIFS(実績!$W$6:$W$505,J$3,実績!$AC$6:$AC$505,"<="&$A7,実績!$AD$6:$AD$505,">"&$A7,実績!$AE$6:$AE$505,"○")>0,1,0)) | ... DR7: =IF(DR$4=0,0,IF(COUNTIFS(実績!$W$6:$W$505,DR$3,実績!$AC$6:$AC$505,"<="&$A7,実績!$AD$6:$AD$505,">"&$A7,実績!$AE$6:$AE$505,"○")>0,1,0)) | DS7: =SUM(C7:DR7) | DT7: =SUMPRODUCT((実績!$C$6:$C$505="○")*ISNUMBER(実績!$AF$6:$AF$505)*(実績!$AF$6:$AF$505<=$A7)*(実績!$AG$6:$AG$505>$A7)) | DU7: =SUMIF($C$2:$DR$2,"製鉄曳船",C7:DR7) | DV7: =SUMIF($C$2:$DR$2,"西日本海運",C7:DR7)
A8: 10 | B8: =A8/1440 | C8: =IF(C$4=0,0,IF(COUNTIFS(実績!$W$6:$W$505,C$3,実績!$AC$6:$AC$505,"<="&$A8,実績!$AD$6:$AD$505,">"&$A8,実績!$AE$6:$AE$505,"○")>0,1,0)) | D8: =IF(D$4=0,0,IF(COUNTIFS(実績!$W$6:$W$505,D$3,実績!$AC$6:$AC$505,"<="&$A8,実績!$AD$6:$AD$505,">"&$A8,実績!$AE$6:$AE$505,"○")>0,1,0)) | E8: =IF(E$4=0,0,IF(COUNTIFS(実績!$W$6:$W$505,E$3,実績!$AC$6:$AC$505,"<="&$A8,実績!$AD$6:$AD$505,">"&$A8,実績!$AE$6:$AE$505,"○")>0,1,0)) | F8: =IF(F$4=0,0,IF(COUNTIFS(実績!$W$6:$W$505,F$3,実績!$AC$6:$AC$505,"<="&$A8,実績!$AD$6:$AD$505,">"&$A8,実績!$AE$6:$AE$505,"○")>0,1,0)) | G8: =IF(G$4=0,0,IF(COUNTIFS(実績!$W$6:$W$505,G$3,実績!$AC$6:$AC$505,"<="&$A8,実績!$AD$6:$AD$505,">"&$A8,実績!$AE$6:$AE$505,"○")>0,1,0)) | H8: =IF(H$4=0,0,IF(COUNTIFS(実績!$W$6:$W$505,H$3,実績!$AC$6:$AC$505,"<="&$A8,実績!$AD$6:$AD$505,">"&$A8,実績!$AE$6:$AE$505,"○")>0,1,0)) | I8: =IF(I$4=0,0,IF(COUNTIFS(実績!$W$6:$W$505,I$3,実績!$AC$6:$AC$505,"<="&$A8,実績!$AD$6:$AD$505,">"&$A8,実績!$AE$6:$AE$505,"○")>0,1,0)) | J8: =IF(J$4=0,0,IF(COUNTIFS(実績!$W$6:$W$505,J$3,実績!$AC$6:$AC$505,"<="&$A8,実績!$AD$6:$AD$505,">"&$A8,実績!$AE$6:$AE$505,"○")>0,1,0)) | ... DR8: =IF(DR$4=0,0,IF(COUNTIFS(実績!$W$6:$W$505,DR$3,実績!$AC$6:$AC$505,"<="&$A8,実績!$AD$6:$AD$505,">"&$A8,実績!$AE$6:$AE$505,"○")>0,1,0)) | DS8: =SUM(C8:DR8) | DT8: =SUMPRODUCT((実績!$C$6:$C$505="○")*ISNUMBER(実績!$AF$6:$AF$505)*(実績!$AF$6:$AF$505<=$A8)*(実績!$AG$6:$AG$505>$A8)) | DU8: =SUMIF($C$2:$DR$2,"製鉄曳船",C8:DR8) | DV8: =SUMIF($C$2:$DR$2,"西日本海運",C8:DR8)
A9: 15 | B9: =A9/1440 | C9: =IF(C$4=0,0,IF(COUNTIFS(実績!$W$6:$W$505,C$3,実績!$AC$6:$AC$505,"<="&$A9,実績!$AD$6:$AD$505,">"&$A9,実績!$AE$6:$AE$505,"○")>0,1,0)) | D9: =IF(D$4=0,0,IF(COUNTIFS(実績!$W$6:$W$505,D$3,実績!$AC$6:$AC$505,"<="&$A9,実績!$AD$6:$AD$505,">"&$A9,実績!$AE$6:$AE$505,"○")>0,1,0)) | E9: =IF(E$4=0,0,IF(COUNTIFS(実績!$W$6:$W$505,E$3,実績!$AC$6:$AC$505,"<="&$A9,実績!$AD$6:$AD$505,">"&$A9,実績!$AE$6:$AE$505,"○")>0,1,0)) | F9: =IF(F$4=0,0,IF(COUNTIFS(実績!$W$6:$W$505,F$3,実績!$AC$6:$AC$505,"<="&$A9,実績!$AD$6:$AD$505,">"&$A9,実績!$AE$6:$AE$505,"○")>0,1,0)) | G9: =IF(G$4=0,0,IF(COUNTIFS(実績!$W$6:$W$505,G$3,実績!$AC$6:$AC$505,"<="&$A9,実績!$AD$6:$AD$505,">"&$A9,実績!$AE$6:$AE$505,"○")>0,1,0)) | H9: =IF(H$4=0,0,IF(COUNTIFS(実績!$W$6:$W$505,H$3,実績!$AC$6:$AC$505,"<="&$A9,実績!$AD$6:$AD$505,">"&$A9,実績!$AE$6:$AE$505,"○")>0,1,0)) | I9: =IF(I$4=0,0,IF(COUNTIFS(実績!$W$6:$W$505,I$3,実績!$AC$6:$AC$505,"<="&$A9,実績!$AD$6:$AD$505,">"&$A9,実績!$AE$6:$AE$505,"○")>0,1,0)) | J9: =IF(J$4=0,0,IF(COUNTIFS(実績!$W$6:$W$505,J$3,実績!$AC$6:$AC$505,"<="&$A9,実績!$AD$6:$AD$505,">"&$A9,実績!$AE$6:$AE$505,"○")>0,1,0)) | ... DR9: =IF(DR$4=0,0,IF(COUNTIFS(実績!$W$6:$W$505,DR$3,実績!$AC$6:$AC$505,"<="&$A9,実績!$AD$6:$AD$505,">"&$A9,実績!$AE$6:$AE$505,"○")>0,1,0)) | DS9: =SUM(C9:DR9) | DT9: =SUMPRODUCT((実績!$C$6:$C$505="○")*ISNUMBER(実績!$AF$6:$AF$505)*(実績!$AF$6:$AF$505<=$A9)*(実績!$AG$6:$AG$505>$A9)) | DU9: =SUMIF($C$2:$DR$2,"製鉄曳船",C9:DR9) | DV9: =SUMIF($C$2:$DR$2,"西日本海運",C9:DR9)
A10: 20 | B10: =A10/1440 | C10: =IF(C$4=0,0,IF(COUNTIFS(実績!$W$6:$W$505,C$3,実績!$AC$6:$AC$505,"<="&$A10,実績!$AD$6:$AD$505,">"&$A10,実績!$AE$6:$AE$505,"○")>0,1,0)) | D10: =IF(D$4=0,0,IF(COUNTIFS(実績!$W$6:$W$505,D$3,実績!$AC$6:$AC$505,"<="&$A10,実績!$AD$6:$AD$505,">"&$A10,実績!$AE$6:$AE$505,"○")>0,1,0)) | E10: =IF(E$4=0,0,IF(COUNTIFS(実績!$W$6:$W$505,E$3,実績!$AC$6:$AC$505,"<="&$A10,実績!$AD$6:$AD$505,">"&$A10,実績!$AE$6:$AE$505,"○")>0,1,0)) | F10: =IF(F$4=0,0,IF(COUNTIFS(実績!$W$6:$W$505,F$3,実績!$AC$6:$AC$505,"<="&$A10,実績!$AD$6:$AD$505,">"&$A10,実績!$AE$6:$AE$505,"○")>0,1,0)) | G10: =IF(G$4=0,0,IF(COUNTIFS(実績!$W$6:$W$505,G$3,実績!$AC$6:$AC$505,"<="&$A10,実績!$AD$6:$AD$505,">"&$A10,実績!$AE$6:$AE$505,"○")>0,1,0)) | H10: =IF(H$4=0,0,IF(COUNTIFS(実績!$W$6:$W$505,H$3,実績!$AC$6:$AC$505,"<="&$A10,実績!$AD$6:$AD$505,">"&$A10,実績!$AE$6:$AE$505,"○")>0,1,0)) | I10: =IF(I$4=0,0,IF(COUNTIFS(実績!$W$6:$W$505,I$3,実績!$AC$6:$AC$505,"<="&$A10,実績!$AD$6:$AD$505,">"&$A10,実績!$AE$6:$AE$505,"○")>0,1,0)) | J10: =IF(J$4=0,0,IF(COUNTIFS(実績!$W$6:$W$505,J$3,実績!$AC$6:$AC$505,"<="&$A10,実績!$AD$6:$AD$505,">"&$A10,実績!$AE$6:$AE$505,"○")>0,1,0)) | ... DR10: =IF(DR$4=0,0,IF(COUNTIFS(実績!$W$6:$W$505,DR$3,実績!$AC$6:$AC$505,"<="&$A10,実績!$AD$6:$AD$505,">"&$A10,実績!$AE$6:$AE$505,"○")>0,1,0)) | DS10: =SUM(C10:DR10) | DT10: =SUMPRODUCT((実績!$C$6:$C$505="○")*ISNUMBER(実績!$AF$6:$AF$505)*(実績!$AF$6:$AF$505<=$A10)*(実績!$AG$6:$AG$505>$A10)) | DU10: =SUMIF($C$2:$DR$2,"製鉄曳船",C10:DR10) | DV10: =SUMIF($C$2:$DR$2,"西日本海運",C10:DR10)
A11: 25 | B11: =A11/1440 | C11: =IF(C$4=0,0,IF(COUNTIFS(実績!$W$6:$W$505,C$3,実績!$AC$6:$AC$505,"<="&$A11,実績!$AD$6:$AD$505,">"&$A11,実績!$AE$6:$AE$505,"○")>0,1,0)) | D11: =IF(D$4=0,0,IF(COUNTIFS(実績!$W$6:$W$505,D$3,実績!$AC$6:$AC$505,"<="&$A11,実績!$AD$6:$AD$505,">"&$A11,実績!$AE$6:$AE$505,"○")>0,1,0)) | E11: =IF(E$4=0,0,IF(COUNTIFS(実績!$W$6:$W$505,E$3,実績!$AC$6:$AC$505,"<="&$A11,実績!$AD$6:$AD$505,">"&$A11,実績!$AE$6:$AE$505,"○")>0,1,0)) | F11: =IF(F$4=0,0,IF(COUNTIFS(実績!$W$6:$W$505,F$3,実績!$AC$6:$AC$505,"<="&$A11,実績!$AD$6:$AD$505,">"&$A11,実績!$AE$6:$AE$505,"○")>0,1,0)) | G11: =IF(G$4=0,0,IF(COUNTIFS(実績!$W$6:$W$505,G$3,実績!$AC$6:$AC$505,"<="&$A11,実績!$AD$6:$AD$505,">"&$A11,実績!$AE$6:$AE$505,"○")>0,1,0)) | H11: =IF(H$4=0,0,IF(COUNTIFS(実績!$W$6:$W$505,H$3,実績!$AC$6:$AC$505,"<="&$A11,実績!$AD$6:$AD$505,">"&$A11,実績!$AE$6:$AE$505,"○")>0,1,0)) | I11: =IF(I$4=0,0,IF(COUNTIFS(実績!$W$6:$W$505,I$3,実績!$AC$6:$AC$505,"<="&$A11,実績!$AD$6:$AD$505,">"&$A11,実績!$AE$6:$AE$505,"○")>0,1,0)) | J11: =IF(J$4=0,0,IF(COUNTIFS(実績!$W$6:$W$505,J$3,実績!$AC$6:$AC$505,"<="&$A11,実績!$AD$6:$AD$505,">"&$A11,実績!$AE$6:$AE$505,"○")>0,1,0)) | ... DR11: =IF(DR$4=0,0,IF(COUNTIFS(実績!$W$6:$W$505,DR$3,実績!$AC$6:$AC$505,"<="&$A11,実績!$AD$6:$AD$505,">"&$A11,実績!$AE$6:$AE$505,"○")>0,1,0)) | DS11: =SUM(C11:DR11) | DT11: =SUMPRODUCT((実績!$C$6:$C$505="○")*ISNUMBER(実績!$AF$6:$AF$505)*(実績!$AF$6:$AF$505<=$A11)*(実績!$AG$6:$AG$505>$A11)) | DU11: =SUMIF($C$2:$DR$2,"製鉄曳船",C11:DR11) | DV11: =SUMIF($C$2:$DR$2,"西日本海運",C11:DR11)
A12: 30 | B12: =A12/1440 | C12: =IF(C$4=0,0,IF(COUNTIFS(実績!$W$6:$W$505,C$3,実績!$AC$6:$AC$505,"<="&$A12,実績!$AD$6:$AD$505,">"&$A12,実績!$AE$6:$AE$505,"○")>0,1,0)) | D12: =IF(D$4=0,0,IF(COUNTIFS(実績!$W$6:$W$505,D$3,実績!$AC$6:$AC$505,"<="&$A12,実績!$AD$6:$AD$505,">"&$A12,実績!$AE$6:$AE$505,"○")>0,1,0)) | E12: =IF(E$4=0,0,IF(COUNTIFS(実績!$W$6:$W$505,E$3,実績!$AC$6:$AC$505,"<="&$A12,実績!$AD$6:$AD$505,">"&$A12,実績!$AE$6:$AE$505,"○")>0,1,0)) | F12: =IF(F$4=0,0,IF(COUNTIFS(実績!$W$6:$W$505,F$3,実績!$AC$6:$AC$505,"<="&$A12,実績!$AD$6:$AD$505,">"&$A12,実績!$AE$6:$AE$505,"○")>0,1,0)) | G12: =IF(G$4=0,0,IF(COUNTIFS(実績!$W$6:$W$505,G$3,実績!$AC$6:$AC$505,"<="&$A12,実績!$AD$6:$AD$505,">"&$A12,実績!$AE$6:$AE$505,"○")>0,1,0)) | H12: =IF(H$4=0,0,IF(COUNTIFS(実績!$W$6:$W$505,H$3,実績!$AC$6:$AC$505,"<="&$A12,実績!$AD$6:$AD$505,">"&$A12,実績!$AE$6:$AE$505,"○")>0,1,0)) | I12: =IF(I$4=0,0,IF(COUNTIFS(実績!$W$6:$W$505,I$3,実績!$AC$6:$AC$505,"<="&$A12,実績!$AD$6:$AD$505,">"&$A12,実績!$AE$6:$AE$505,"○")>0,1,0)) | J12: =IF(J$4=0,0,IF(COUNTIFS(実績!$W$6:$W$505,J$3,実績!$AC$6:$AC$505,"<="&$A12,実績!$AD$6:$AD$505,">"&$A12,実績!$AE$6:$AE$505,"○")>0,1,0)) | ... DR12: =IF(DR$4=0,0,IF(COUNTIFS(実績!$W$6:$W$505,DR$3,実績!$AC$6:$AC$505,"<="&$A12,実績!$AD$6:$AD$505,">"&$A12,実績!$AE$6:$AE$505,"○")>0,1,0)) | DS12: =SUM(C12:DR12) | DT12: =SUMPRODUCT((実績!$C$6:$C$505="○")*ISNUMBER(実績!$AF$6:$AF$505)*(実績!$AF$6:$AF$505<=$A12)*(実績!$AG$6:$AG$505>$A12)) | DU12: =SUMIF($C$2:$DR$2,"製鉄曳船",C12:DR12) | DV12: =SUMIF($C$2:$DR$2,"西日本海運",C12:DR12)
A13: 35 | B13: =A13/1440 | C13: =IF(C$4=0,0,IF(COUNTIFS(実績!$W$6:$W$505,C$3,実績!$AC$6:$AC$505,"<="&$A13,実績!$AD$6:$AD$505,">"&$A13,実績!$AE$6:$AE$505,"○")>0,1,0)) | D13: =IF(D$4=0,0,IF(COUNTIFS(実績!$W$6:$W$505,D$3,実績!$AC$6:$AC$505,"<="&$A13,実績!$AD$6:$AD$505,">"&$A13,実績!$AE$6:$AE$505,"○")>0,1,0)) | E13: =IF(E$4=0,0,IF(COUNTIFS(実績!$W$6:$W$505,E$3,実績!$AC$6:$AC$505,"<="&$A13,実績!$AD$6:$AD$505,">"&$A13,実績!$AE$6:$AE$505,"○")>0,1,0)) | F13: =IF(F$4=0,0,IF(COUNTIFS(実績!$W$6:$W$505,F$3,実績!$AC$6:$AC$505,"<="&$A13,実績!$AD$6:$AD$505,">"&$A13,実績!$AE$6:$AE$505,"○")>0,1,0)) | G13: =IF(G$4=0,0,IF(COUNTIFS(実績!$W$6:$W$505,G$3,実績!$AC$6:$AC$505,"<="&$A13,実績!$AD$6:$AD$505,">"&$A13,実績!$AE$6:$AE$505,"○")>0,1,0)) | H13: =IF(H$4=0,0,IF(COUNTIFS(実績!$W$6:$W$505,H$3,実績!$AC$6:$AC$505,"<="&$A13,実績!$AD$6:$AD$505,">"&$A13,実績!$AE$6:$AE$505,"○")>0,1,0)) | I13: =IF(I$4=0,0,IF(COUNTIFS(実績!$W$6:$W$505,I$3,実績!$AC$6:$AC$505,"<="&$A13,実績!$AD$6:$AD$505,">"&$A13,実績!$AE$6:$AE$505,"○")>0,1,0)) | J13: =IF(J$4=0,0,IF(COUNTIFS(実績!$W$6:$W$505,J$3,実績!$AC$6:$AC$505,"<="&$A13,実績!$AD$6:$AD$505,">"&$A13,実績!$AE$6:$AE$505,"○")>0,1,0)) | ... DR13: =IF(DR$4=0,0,IF(COUNTIFS(実績!$W$6:$W$505,DR$3,実績!$AC$6:$AC$505,"<="&$A13,実績!$AD$6:$AD$505,">"&$A13,実績!$AE$6:$AE$505,"○")>0,1,0)) | DS13: =SUM(C13:DR13) | DT13: =SUMPRODUCT((実績!$C$6:$C$505="○")*ISNUMBER(実績!$AF$6:$AF$505)*(実績!$AF$6:$AF$505<=$A13)*(実績!$AG$6:$AG$505>$A13)) | DU13: =SUMIF($C$2:$DR$2,"製鉄曳船",C13:DR13) | DV13: =SUMIF($C$2:$DR$2,"西日本海運",C13:DR13)
A14: 40 | B14: =A14/1440 | C14: =IF(C$4=0,0,IF(COUNTIFS(実績!$W$6:$W$505,C$3,実績!$AC$6:$AC$505,"<="&$A14,実績!$AD$6:$AD$505,">"&$A14,実績!$AE$6:$AE$505,"○")>0,1,0)) | D14: =IF(D$4=0,0,IF(COUNTIFS(実績!$W$6:$W$505,D$3,実績!$AC$6:$AC$505,"<="&$A14,実績!$AD$6:$AD$505,">"&$A14,実績!$AE$6:$AE$505,"○")>0,1,0)) | E14: =IF(E$4=0,0,IF(COUNTIFS(実績!$W$6:$W$505,E$3,実績!$AC$6:$AC$505,"<="&$A14,実績!$AD$6:$AD$505,">"&$A14,実績!$AE$6:$AE$505,"○")>0,1,0)) | F14: =IF(F$4=0,0,IF(COUNTIFS(実績!$W$6:$W$505,F$3,実績!$AC$6:$AC$505,"<="&$A14,実績!$AD$6:$AD$505,">"&$A14,実績!$AE$6:$AE$505,"○")>0,1,0)) | G14: =IF(G$4=0,0,IF(COUNTIFS(実績!$W$6:$W$505,G$3,実績!$AC$6:$AC$505,"<="&$A14,実績!$AD$6:$AD$505,">"&$A14,実績!$AE$6:$AE$505,"○")>0,1,0)) | H14: =IF(H$4=0,0,IF(COUNTIFS(実績!$W$6:$W$505,H$3,実績!$AC$6:$AC$505,"<="&$A14,実績!$AD$6:$AD$505,">"&$A14,実績!$AE$6:$AE$505,"○")>0,1,0)) | I14: =IF(I$4=0,0,IF(COUNTIFS(実績!$W$6:$W$505,I$3,実績!$AC$6:$AC$505,"<="&$A14,実績!$AD$6:$AD$505,">"&$A14,実績!$AE$6:$AE$505,"○")>0,1,0)) | J14: =IF(J$4=0,0,IF(COUNTIFS(実績!$W$6:$W$505,J$3,実績!$AC$6:$AC$505,"<="&$A14,実績!$AD$6:$AD$505,">"&$A14,実績!$AE$6:$AE$505,"○")>0,1,0)) | ... DR14: =IF(DR$4=0,0,IF(COUNTIFS(実績!$W$6:$W$505,DR$3,実績!$AC$6:$AC$505,"<="&$A14,実績!$AD$6:$AD$505,">"&$A14,実績!$AE$6:$AE$505,"○")>0,1,0)) | DS14: =SUM(C14:DR14) | DT14: =SUMPRODUCT((実績!$C$6:$C$505="○")*ISNUMBER(実績!$AF$6:$AF$505)*(実績!$AF$6:$AF$505<=$A14)*(実績!$AG$6:$AG$505>$A14)) | DU14: =SUMIF($C$2:$DR$2,"製鉄曳船",C14:DR14) | DV14: =SUMIF($C$2:$DR$2,"西日本海運",C14:DR14)
A15: 45 | B15: =A15/1440 | C15: =IF(C$4=0,0,IF(COUNTIFS(実績!$W$6:$W$505,C$3,実績!$AC$6:$AC$505,"<="&$A15,実績!$AD$6:$AD$505,">"&$A15,実績!$AE$6:$AE$505,"○")>0,1,0)) | D15: =IF(D$4=0,0,IF(COUNTIFS(実績!$W$6:$W$505,D$3,実績!$AC$6:$AC$505,"<="&$A15,実績!$AD$6:$AD$505,">"&$A15,実績!$AE$6:$AE$505,"○")>0,1,0)) | E15: =IF(E$4=0,0,IF(COUNTIFS(実績!$W$6:$W$505,E$3,実績!$AC$6:$AC$505,"<="&$A15,実績!$AD$6:$AD$505,">"&$A15,実績!$AE$6:$AE$505,"○")>0,1,0)) | F15: =IF(F$4=0,0,IF(COUNTIFS(実績!$W$6:$W$505,F$3,実績!$AC$6:$AC$505,"<="&$A15,実績!$AD$6:$AD$505,">"&$A15,実績!$AE$6:$AE$505,"○")>0,1,0)) | G15: =IF(G$4=0,0,IF(COUNTIFS(実績!$W$6:$W$505,G$3,実績!$AC$6:$AC$505,"<="&$A15,実績!$AD$6:$AD$505,">"&$A15,実績!$AE$6:$AE$505,"○")>0,1,0)) | H15: =IF(H$4=0,0,IF(COUNTIFS(実績!$W$6:$W$505,H$3,実績!$AC$6:$AC$505,"<="&$A15,実績!$AD$6:$AD$505,">"&$A15,実績!$AE$6:$AE$505,"○")>0,1,0)) | I15: =IF(I$4=0,0,IF(COUNTIFS(実績!$W$6:$W$505,I$3,実績!$AC$6:$AC$505,"<="&$A15,実績!$AD$6:$AD$505,">"&$A15,実績!$AE$6:$AE$505,"○")>0,1,0)) | J15: =IF(J$4=0,0,IF(COUNTIFS(実績!$W$6:$W$505,J$3,実績!$AC$6:$AC$505,"<="&$A15,実績!$AD$6:$AD$505,">"&$A15,実績!$AE$6:$AE$505,"○")>0,1,0)) | ... DR15: =IF(DR$4=0,0,IF(COUNTIFS(実績!$W$6:$W$505,DR$3,実績!$AC$6:$AC$505,"<="&$A15,実績!$AD$6:$AD$505,">"&$A15,実績!$AE$6:$AE$505,"○")>0,1,0)) | DS15: =SUM(C15:DR15) | DT15: =SUMPRODUCT((実績!$C$6:$C$505="○")*ISNUMBER(実績!$AF$6:$AF$505)*(実績!$AF$6:$AF$505<=$A15)*(実績!$AG$6:$AG$505>$A15)) | DU15: =SUMIF($C$2:$DR$2,"製鉄曳船",C15:DR15) | DV15: =SUMIF($C$2:$DR$2,"西日本海運",C15:DR15)
A16: 50 | B16: =A16/1440 | C16: =IF(C$4=0,0,IF(COUNTIFS(実績!$W$6:$W$505,C$3,実績!$AC$6:$AC$505,"<="&$A16,実績!$AD$6:$AD$505,">"&$A16,実績!$AE$6:$AE$505,"○")>0,1,0)) | D16: =IF(D$4=0,0,IF(COUNTIFS(実績!$W$6:$W$505,D$3,実績!$AC$6:$AC$505,"<="&$A16,実績!$AD$6:$AD$505,">"&$A16,実績!$AE$6:$AE$505,"○")>0,1,0)) | E16: =IF(E$4=0,0,IF(COUNTIFS(実績!$W$6:$W$505,E$3,実績!$AC$6:$AC$505,"<="&$A16,実績!$AD$6:$AD$505,">"&$A16,実績!$AE$6:$AE$505,"○")>0,1,0)) | F16: =IF(F$4=0,0,IF(COUNTIFS(実績!$W$6:$W$505,F$3,実績!$AC$6:$AC$505,"<="&$A16,実績!$AD$6:$AD$505,">"&$A16,実績!$AE$6:$AE$505,"○")>0,1,0)) | G16: =IF(G$4=0,0,IF(COUNTIFS(実績!$W$6:$W$505,G$3,実績!$AC$6:$AC$505,"<="&$A16,実績!$AD$6:$AD$505,">"&$A16,実績!$AE$6:$AE$505,"○")>0,1,0)) | H16: =IF(H$4=0,0,IF(COUNTIFS(実績!$W$6:$W$505,H$3,実績!$AC$6:$AC$505,"<="&$A16,実績!$AD$6:$AD$505,">"&$A16,実績!$AE$6:$AE$505,"○")>0,1,0)) | I16: =IF(I$4=0,0,IF(COUNTIFS(実績!$W$6:$W$505,I$3,実績!$AC$6:$AC$505,"<="&$A16,実績!$AD$6:$AD$505,">"&$A16,実績!$AE$6:$AE$505,"○")>0,1,0)) | J16: =IF(J$4=0,0,IF(COUNTIFS(実績!$W$6:$W$505,J$3,実績!$AC$6:$AC$505,"<="&$A16,実績!$AD$6:$AD$505,">"&$A16,実績!$AE$6:$AE$505,"○")>0,1,0)) | ... DR16: =IF(DR$4=0,0,IF(COUNTIFS(実績!$W$6:$W$505,DR$3,実績!$AC$6:$AC$505,"<="&$A16,実績!$AD$6:$AD$505,">"&$A16,実績!$AE$6:$AE$505,"○")>0,1,0)) | DS16: =SUM(C16:DR16) | DT16: =SUMPRODUCT((実績!$C$6:$C$505="○")*ISNUMBER(実績!$AF$6:$AF$505)*(実績!$AF$6:$AF$505<=$A16)*(実績!$AG$6:$AG$505>$A16)) | DU16: =SUMIF($C$2:$DR$2,"製鉄曳船",C16:DR16) | DV16: =SUMIF($C$2:$DR$2,"西日本海運",C16:DR16)
A17: 55 | B17: =A17/1440 | C17: =IF(C$4=0,0,IF(COUNTIFS(実績!$W$6:$W$505,C$3,実績!$AC$6:$AC$505,"<="&$A17,実績!$AD$6:$AD$505,">"&$A17,実績!$AE$6:$AE$505,"○")>0,1,0)) | D17: =IF(D$4=0,0,IF(COUNTIFS(実績!$W$6:$W$505,D$3,実績!$AC$6:$AC$505,"<="&$A17,実績!$AD$6:$AD$505,">"&$A17,実績!$AE$6:$AE$505,"○")>0,1,0)) | E17: =IF(E$4=0,0,IF(COUNTIFS(実績!$W$6:$W$505,E$3,実績!$AC$6:$AC$505,"<="&$A17,実績!$AD$6:$AD$505,">"&$A17,実績!$AE$6:$AE$505,"○")>0,1,0)) | F17: =IF(F$4=0,0,IF(COUNTIFS(実績!$W$6:$W$505,F$3,実績!$AC$6:$AC$505,"<="&$A17,実績!$AD$6:$AD$505,">"&$A17,実績!$AE$6:$AE$505,"○")>0,1,0)) | G17: =IF(G$4=0,0,IF(COUNTIFS(実績!$W$6:$W$505,G$3,実績!$AC$6:$AC$505,"<="&$A17,実績!$AD$6:$AD$505,">"&$A17,実績!$AE$6:$AE$505,"○")>0,1,0)) | H17: =IF(H$4=0,0,IF(COUNTIFS(実績!$W$6:$W$505,H$3,実績!$AC$6:$AC$505,"<="&$A17,実績!$AD$6:$AD$505,">"&$A17,実績!$AE$6:$AE$505,"○")>0,1,0)) | I17: =IF(I$4=0,0,IF(COUNTIFS(実績!$W$6:$W$505,I$3,実績!$AC$6:$AC$505,"<="&$A17,実績!$AD$6:$AD$505,">"&$A17,実績!$AE$6:$AE$505,"○")>0,1,0)) | J17: =IF(J$4=0,0,IF(COUNTIFS(実績!$W$6:$W$505,J$3,実績!$AC$6:$AC$505,"<="&$A17,実績!$AD$6:$AD$505,">"&$A17,実績!$AE$6:$AE$505,"○")>0,1,0)) | ... DR17: =IF(DR$4=0,0,IF(COUNTIFS(実績!$W$6:$W$505,DR$3,実績!$AC$6:$AC$505,"<="&$A17,実績!$AD$6:$AD$505,">"&$A17,実績!$AE$6:$AE$505,"○")>0,1,0)) | DS17: =SUM(C17:DR17) | DT17: =SUMPRODUCT((実績!$C$6:$C$505="○")*ISNUMBER(実績!$AF$6:$AF$505)*(実績!$AF$6:$AF$505<=$A17)*(実績!$AG$6:$AG$505>$A17)) | DU17: =SUMIF($C$2:$DR$2,"製鉄曳船",C17:DR17) | DV17: =SUMIF($C$2:$DR$2,"西日本海運",C17:DR17)
... A293: 1435 | B293: =A293/1440 | C293: =IF(C$4=0,0,IF(COUNTIFS(実績!$W$6:$W$505,C$3,実績!$AC$6:$AC$505,"<="&$A293,実績!$AD$6:$AD$505,">"&$A293,実績!$AE$6:$AE$505,"○")>0,1,0)) | D293: =IF(D$4=0,0,IF(COUNTIFS(実績!$W$6:$W$505,D$3,実績!$AC$6:$AC$505,"<="&$A293,実績!$AD$6:$AD$505,">"&$A293,実績!$AE$6:$AE$505,"○")>0,1,0)) | E293: =IF(E$4=0,0,IF(COUNTIFS(実績!$W$6:$W$505,E$3,実績!$AC$6:$AC$505,"<="&$A293,実績!$AD$6:$AD$505,">"&$A293,実績!$AE$6:$AE$505,"○")>0,1,0)) | F293: =IF(F$4=0,0,IF(COUNTIFS(実績!$W$6:$W$505,F$3,実績!$AC$6:$AC$505,"<="&$A293,実績!$AD$6:$AD$505,">"&$A293,実績!$AE$6:$AE$505,"○")>0,1,0)) | G293: =IF(G$4=0,0,IF(COUNTIFS(実績!$W$6:$W$505,G$3,実績!$AC$6:$AC$505,"<="&$A293,実績!$AD$6:$AD$505,">"&$A293,実績!$AE$6:$AE$505,"○")>0,1,0)) | H293: =IF(H$4=0,0,IF(COUNTIFS(実績!$W$6:$W$505,H$3,実績!$AC$6:$AC$505,"<="&$A293,実績!$AD$6:$AD$505,">"&$A293,実績!$AE$6:$AE$505,"○")>0,1,0)) | I293: =IF(I$4=0,0,IF(COUNTIFS(実績!$W$6:$W$505,I$3,実績!$AC$6:$AC$505,"<="&$A293,実績!$AD$6:$AD$505,">"&$A293,実績!$AE$6:$AE$505,"○")>0,1,0)) | J293: =IF(J$4=0,0,IF(COUNTIFS(実績!$W$6:$W$505,J$3,実績!$AC$6:$AC$505,"<="&$A293,実績!$AD$6:$AD$505,">"&$A293,実績!$AE$6:$AE$505,"○")>0,1,0)) | ... DR293: =IF(DR$4=0,0,IF(COUNTIFS(実績!$W$6:$W$505,DR$3,実績!$AC$6:$AC$505,"<="&$A293,実績!$AD$6:$AD$505,">"&$A293,実績!$AE$6:$AE$505,"○")>0,1,0)) | DS293: =SUM(C293:DR293) | DT293: =SUMPRODUCT((実績!$C$6:$C$505="○")*ISNUMBER(実績!$AF$6:$AF$505)*(実績!$AF$6:$AF$505<=$A293)*(実績!$AG$6:$AG$505>$A293)) | DU293: =SUMIF($C$2:$DR$2,"製鉄曳船",C293:DR293) | DV293: =SUMIF($C$2:$DR$2,"西日本海運",C293:DR293)
