Workbook

Sheet はじめに
B1: 八幡地区 常駐体制検証 入力試作 v01
B3: 目的 | C3: 製鉄曳船の3隻と4隻で対応の差を説明するための基礎データを集めます。この試作は、入力と集計のつながりを試すためのものです。4隻の必要性を証明するものではありません。
B4: 対象 | C4: 元帳R7年度のうち、同時3隻以上の候補日 2025年11月01日 の1日分（実績4行・3作業）。元帳の時刻は「候補・時刻要確認」です。
B5: 最初の操作 | C5: 下の青い文字を押すと、最初の入力欄（前日確定シートC7：根拠の予定表）へ移動します。
B6: 入力の順番 | C6: ①前日確定 → ②変更・キャンセル → ③入渠・他港作業・他社配置 → ④標準時間。船名や会社が選択肢にないときは、先にマスターへ追加します。
B7: 担当者 | C7: 前日確定・変更・キャンセル・製鉄曳船の入渠・八幡タグの標準時間：上田さん／西日本海運の他港作業・入渠・標準時間：西日本海運担当者／他社配置：分かる範囲で上田さん
B8: 色の意味 | C8: 薄い黄色＝入力する欄（見出しに【入力】）／薄い灰色＝自動表示（見出しに【自動】）。灰色の欄は入力しません。
B9: 選び方 | C9: 船名・会社・理由などはセルを選ぶと出る▼の一覧から選びます。○の欄は▼から○を選びます。ボタンやマクロは使っていません。
B10: 未確認の意味 | C10: 資料で確かめられていないことです。推測で埋めず「未確認」のまま残します。確認できたら「確認済み」に変えます。他社の対応可否が空欄の船も未確認です。
B11: 再入力しない | C11: 本船名・タグ名・実績時刻は元帳から自動表示します。作業番号の入力は不要で、作業は▼の一覧から選びます。
B12: 前日確定と変更 | C12: 前日最終の予定は「前日確定」に入れ、変更があっても上書きしません。変更は「変更・キャンセル」に1回ごとに1行追加します。翌日にかかる時刻は日付も入れます（例：2025/12/7 0:30）。
B13: 実績のない取消し | C13: 予定表にあって元帳にない作業は、「前日確定」の下の空き行に本船名などを入れて追加し、「変更・キャンセル」で選んで取消しを入力します。全作業が取り消された日も、前日の手配と実際の出勤を残せます。
B14: 安瀬・高炉原料 | C14: 安瀬は若松との按分配船で、応援とは別に数えます。高炉原料を除いた集計は、全作業の集計とは別に表示します（品名の区分はマスターで設定。初期値は要確認）。
... B19: 色見本 | C19: 入力する欄【入力】
C20: 自動表示の欄【自動】
B22: シートの役割
B23: 実績 | C23: 元帳の取り込み（見るだけ）
B24: 前日確定 | C24: 前日最終の予定・予定タグ・翌日の出勤手配と実際の出勤
B25: 変更・キャンセル | C25: 日ごとの変更確認、休船からの呼出、変更・取消しの記録
B26: 入渠 | C26: 作業に使えない期間
B27: 他港作業 | C27: 西日本海運の全他港作業
B28: 他社配置 | C28: 若松・関門等の他社の体制と依頼への対応可否
B29: 標準時間 | C29: 基地発～基地着の見込み時間
B30: マスター | C30: 会社・船名・基地港・品名・選択肢の追加
B31: 集計 | C31: 対比結果・供給可能船・不足情報（自動）

Sheet 実績
A1: 実績（元帳から自動表示・再入力しない）
A2: 誰が：全員が見るだけ 何を見て：元帳「作業実績R6.4～」シート「R7年度」 どこへ：入力欄はありません（休船からの呼出は「変更・キャンセル」で最初に対応した作業を選びます）
A3: 対象日 2025/11/01（前日から日をまたいで続く作業も表示）。時刻は元帳の「作業時間」で、基地発・基地着かは未確認のため「候補・時刻要確認」。集計先：「集計」「前日確定」「変更・キャンセル」
A5: 作業キー【自動】 | B5: 作業の表示名【自動】 | C5: 作業の先頭行【自動】 | D5: 作業日【自動】 | E5: 元帳の行番号【自動】 | F5: 元帳No【自動】 | G5: 本船名【自動】 | H5: G/T【自動】 | I5: 代理店（参考・会社判定に使わない）【自動】 | J5: 入出転【自動】 | K5: 六/部【自動】 | L5: バース【自動】 | M5: 品名【自動】 | N5: 予定時間（元帳・定義未確認）【自動】 | O5: 作業開始（元帳）【自動】 | P5: 作業終了（元帳）【自動】 | Q5: 終了が翌日【自動】 | R5: タグ（元帳の記号）【自動】 | S5: S列の記号（参考）【自動】 | T5: 備考1（元帳）【自動】 | U5: 取消しの記載【自動】 | V5: 時刻の扱い【自動】 | W5: 集計船名【自動】 | X5: 会社【自動】 | Y5: 会社区分【自動】 | Z5: 船名・会社の確認状況【自動】 | AA5: 船の種類【自動】 | AB5: 安瀬の扱い【自動】 | AC5: 作業区分（LNG入港・出港・警戒を区別）【自動】 | AD5: 高炉原料区分【自動】 | AE5: 開始日時【自動】 | AF5: 終了日時【自動】 | AG5: 前日からの継続【自動】 | AH5: 重複の警告【自動】 | AI5: 開始（分）【自動】 | AJ5: 終了（分）【自動】 | AK5: 同時稼働に含む【自動】 | AL5: 高炉原料を除く集計に含む【自動】 | AM5: 作業の開始（分）【自動】 | AN5: 作業の終了（分）【自動】
A6: 2025-11-01#01 | B6: 11/01 #01 09:00 入 試験本船1（T1） | C6: ○ | D6: 45962 | E6: 試験 | F6: 1 | G6: 試験本船1 | H6: 1000 | I6: 試験 | J6: 入 | L6: T1 | M6: 鋼材 | N6: 0.375 | O6: 0.375 | P6: 0.41666667 | R6: 試験A船 | V6: 候補・時刻要確認 | W6: =IFERROR(INDEX(マスター!$K$6:$K$125,MATCH(R6,マスター!$N$6:$N$125,0)),R6) -> 試験A船 | X6: =IFERROR(IF(IFERROR(INDEX(マスター!$C$6:$C$125,MATCH(R6,マスター!$N$6:$N$125,0)),NA())="","未確認",IFERROR(INDEX(マスター!$C$6:$C$125,MATCH(R6,マスター!$N$6:$N$125,0)),NA())),"マスター未登録") -> 試験会社 | Y6: =IFERROR(INDEX(マスター!$L$6:$L$125,MATCH(R6,マスター!$N$6:$N$125,0)),"マスター未登録") -> 他社 | Z6: =IFERROR(IF(IFERROR(INDEX(マスター!$J$6:$J$125,MATCH(R6,マスター!$N$6:$N$125,0)),NA())="","未確認",IFERROR(INDEX(マスター!$J$6:$J$125,MATCH(R6,マスター!$N$6:$N$125,0)),NA())),"マスター未登録") -> 確認済み | AA6: =IFERROR(IF(IFERROR(INDEX(マスター!$D$6:$D$125,MATCH(R6,マスター!$N$6:$N$125,0)),NA())="","未確認",IFERROR(INDEX(マスター!$D$6:$D$125,MATCH(R6,マスター!$N$6:$N$125,0)),NA())),"マスター未登録") -> タグ | AB6: =IF(IFERROR(INDEX(マスター!$Z$6:$Z$25,MATCH(M6,マスター!$X$6:$X$25,0)),"")="○","安瀬候補（要確認）","") | AC6: =IF(J6="","",IF(M6="LNG",IF(J6="入","LNG入港",IF(J6="出","LNG出港",IF(J6="当直","LNG警戒",IF(J6="エスコート","LNGエスコート","LNG"&J6)))),IF(J6="入","入港",IF(J6="出","出港",IF(J6="転","転錨・シフト",J6))))) -> 入港 | AD6: =IF(M6="","未確認",IFERROR(INDEX(マスター!$Y$6:$Y$25,MATCH(M6,マスター!$X$6:$X$25,0))&"","未確認")) -> 高炉原料以外 | AE6: =IF(O6="","",D6+O6) -> 45962.375 | AF6: =IF(P6="","",D6+P6+IF(Q6="○",1,0)) -> 45962.417 | AG6: =IF(D6<集計!$C$5,"前日から継続","") | AH6: =IF(AK6<>"○","",IF(COUNTIFS(実績!$W$6:$W$505,W6,実績!$AI$6:$AI$505,"<"&AJ6,実績!$AJ$6:$AJ$505,">"&AI6,実績!$AK$6:$AK$505,"○",実績!$A$6:$A$505,"<>"&A6)>0,"重複配船の警告（同じ船が同じ時間に別作業）",IF(COUNTIFS(実績!$W$6:$W$505,W6,実績!$AI$6:$AI$505,"<"&AJ6,実績!$AJ$6:$AJ$505,">"&AI6,実績!$AK$6:$AK$505,"○",実績!$A$6:$A$505,A6)>1,"同一記録の重複（1隻として数える）",""))) -> 同一記録の重複（1隻として数える） | AI6: =IF(OR(O6="",V6<>"候補・時刻要確認"),"",ROUND((D6-集計!$C$5)*1440+O6*1440,0)) -> 540 | AJ6: =IF(OR(P6="",V6<>"候補・時刻要確認"),"",ROUND((D6-集計!$C$5)*1440+P6*1440+IF(Q6="○",1440,0),0)) -> 600 | AK6: =IF(AND(AI6<>"",AJ6<>"",U6<>"○",AA6<>"通船・警戒船"),"○","") -> ○ | AL6: =IF(AND(AK6="○",AD6<>"高炉原料"),"○","") -> ○ | AM6: =IF(C6<>"○","",IF(COUNTIFS(実績!$A$6:$A$505,A6,実績!$AK$6:$AK$505,"○")=0,"",_xlfn.MINIFS(実績!$AI$6:$AI$505,実績!$A$6:$A$505,A6,実績!$AK$6:$AK$505,"○"))) -> 540 | AN6: =IF(C6<>"○","",IF(COUNTIFS(実績!$A$6:$A$505,A6,実績!$AK$6:$AK$505,"○")=0,"",_xlfn.MAXIFS(実績!$AJ$6:$AJ$505,実績!$A$6:$A$505,A6,実績!$AK$6:$AK$505,"○"))) -> 600
A7: 2025-11-01#01 | B7: 11/01 #01 09:00 入 試験本船1（T1） | D7: 45962 | E7: 試験 | G7: 試験本船1 | H7: 1000 | I7: 試験 | J7: 入 | L7: T1 | M7: 鋼材 | N7: 0.375 | O7: 0.375 | P7: 0.41666667 | R7: 試験A船 | V7: 候補・時刻要確認 | W7: =IFERROR(INDEX(マスター!$K$6:$K$125,MATCH(R7,マスター!$N$6:$N$125,0)),R7) -> 試験A船 | X7: =IFERROR(IF(IFERROR(INDEX(マスター!$C$6:$C$125,MATCH(R7,マスター!$N$6:$N$125,0)),NA())="","未確認",IFERROR(INDEX(マスター!$C$6:$C$125,MATCH(R7,マスター!$N$6:$N$125,0)),NA())),"マスター未登録") -> 試験会社 | Y7: =IFERROR(INDEX(マスター!$L$6:$L$125,MATCH(R7,マスター!$N$6:$N$125,0)),"マスター未登録") -> 他社 | Z7: =IFERROR(IF(IFERROR(INDEX(マスター!$J$6:$J$125,MATCH(R7,マスター!$N$6:$N$125,0)),NA())="","未確認",IFERROR(INDEX(マスター!$J$6:$J$125,MATCH(R7,マスター!$N$6:$N$125,0)),NA())),"マスター未登録") -> 確認済み | AA7: =IFERROR(IF(IFERROR(INDEX(マスター!$D$6:$D$125,MATCH(R7,マスター!$N$6:$N$125,0)),NA())="","未確認",IFERROR(INDEX(マスター!$D$6:$D$125,MATCH(R7,マスター!$N$6:$N$125,0)),NA())),"マスター未登録") -> タグ | AB7: =IF(IFERROR(INDEX(マスター!$Z$6:$Z$25,MATCH(M7,マスター!$X$6:$X$25,0)),"")="○","安瀬候補（要確認）","") | AC7: =IF(J7="","",IF(M7="LNG",IF(J7="入","LNG入港",IF(J7="出","LNG出港",IF(J7="当直","LNG警戒",IF(J7="エスコート","LNGエスコート","LNG"&J7)))),IF(J7="入","入港",IF(J7="出","出港",IF(J7="転","転錨・シフト",J7))))) -> 入港 | AD7: =IF(M7="","未確認",IFERROR(INDEX(マスター!$Y$6:$Y$25,MATCH(M7,マスター!$X$6:$X$25,0))&"","未確認")) -> 高炉原料以外 | AE7: =IF(O7="","",D7+O7) -> 45962.375 | AF7: =IF(P7="","",D7+P7+IF(Q7="○",1,0)) -> 45962.417 | AG7: =IF(D7<集計!$C$5,"前日から継続","") | AH7: =IF(AK7<>"○","",IF(COUNTIFS(実績!$W$6:$W$505,W7,実績!$AI$6:$AI$505,"<"&AJ7,実績!$AJ$6:$AJ$505,">"&AI7,実績!$AK$6:$AK$505,"○",実績!$A$6:$A$505,"<>"&A7)>0,"重複配船の警告（同じ船が同じ時間に別作業）",IF(COUNTIFS(実績!$W$6:$W$505,W7,実績!$AI$6:$AI$505,"<"&AJ7,実績!$AJ$6:$AJ$505,">"&AI7,実績!$AK$6:$AK$505,"○",実績!$A$6:$A$505,A7)>1,"同一記録の重複（1隻として数える）",""))) -> 同一記録の重複（1隻として数える） | AI7: =IF(OR(O7="",V7<>"候補・時刻要確認"),"",ROUND((D7-集計!$C$5)*1440+O7*1440,0)) -> 540 | AJ7: =IF(OR(P7="",V7<>"候補・時刻要確認"),"",ROUND((D7-集計!$C$5)*1440+P7*1440+IF(Q7="○",1440,0),0)) -> 600 | AK7: =IF(AND(AI7<>"",AJ7<>"",U7<>"○",AA7<>"通船・警戒船"),"○","") -> ○ | AL7: =IF(AND(AK7="○",AD7<>"高炉原料"),"○","") -> ○ | AM7: =IF(C7<>"○","",IF(COUNTIFS(実績!$A$6:$A$505,A7,実績!$AK$6:$AK$505,"○")=0,"",_xlfn.MINIFS(実績!$AI$6:$AI$505,実績!$A$6:$A$505,A7,実績!$AK$6:$AK$505,"○"))) | AN7: =IF(C7<>"○","",IF(COUNTIFS(実績!$A$6:$A$505,A7,実績!$AK$6:$AK$505,"○")=0,"",_xlfn.MAXIFS(実績!$AJ$6:$AJ$505,実績!$A$6:$A$505,A7,実績!$AK$6:$AK$505,"○")))
A8: 2025-11-01#02 | B8: 11/01 #02 09:00 入 試験本船2（T1） | C8: ○ | D8: 45962 | E8: 試験 | F8: 1 | G8: 試験本船2 | H8: 1000 | I8: 試験 | J8: 入 | L8: T1 | M8: 鋼材 | N8: 0.375 | O8: 0.375 | P8: 0.41666667 | R8: 試験B船 | V8: 候補・時刻要確認 | W8: =IFERROR(INDEX(マスター!$K$6:$K$125,MATCH(R8,マスター!$N$6:$N$125,0)),R8) -> 試験B船 | X8: =IFERROR(IF(IFERROR(INDEX(マスター!$C$6:$C$125,MATCH(R8,マスター!$N$6:$N$125,0)),NA())="","未確認",IFERROR(INDEX(マスター!$C$6:$C$125,MATCH(R8,マスター!$N$6:$N$125,0)),NA())),"マスター未登録") -> 試験会社 | Y8: =IFERROR(INDEX(マスター!$L$6:$L$125,MATCH(R8,マスター!$N$6:$N$125,0)),"マスター未登録") -> 他社 | Z8: =IFERROR(IF(IFERROR(INDEX(マスター!$J$6:$J$125,MATCH(R8,マスター!$N$6:$N$125,0)),NA())="","未確認",IFERROR(INDEX(マスター!$J$6:$J$125,MATCH(R8,マスター!$N$6:$N$125,0)),NA())),"マスター未登録") -> 確認済み | AA8: =IFERROR(IF(IFERROR(INDEX(マスター!$D$6:$D$125,MATCH(R8,マスター!$N$6:$N$125,0)),NA())="","未確認",IFERROR(INDEX(マスター!$D$6:$D$125,MATCH(R8,マスター!$N$6:$N$125,0)),NA())),"マスター未登録") -> タグ | AB8: =IF(IFERROR(INDEX(マスター!$Z$6:$Z$25,MATCH(M8,マスター!$X$6:$X$25,0)),"")="○","安瀬候補（要確認）","") | AC8: =IF(J8="","",IF(M8="LNG",IF(J8="入","LNG入港",IF(J8="出","LNG出港",IF(J8="当直","LNG警戒",IF(J8="エスコート","LNGエスコート","LNG"&J8)))),IF(J8="入","入港",IF(J8="出","出港",IF(J8="転","転錨・シフト",J8))))) -> 入港 | AD8: =IF(M8="","未確認",IFERROR(INDEX(マスター!$Y$6:$Y$25,MATCH(M8,マスター!$X$6:$X$25,0))&"","未確認")) -> 高炉原料以外 | AE8: =IF(O8="","",D8+O8) -> 45962.375 | AF8: =IF(P8="","",D8+P8+IF(Q8="○",1,0)) -> 45962.417 | AG8: =IF(D8<集計!$C$5,"前日から継続","") | AH8: =IF(AK8<>"○","",IF(COUNTIFS(実績!$W$6:$W$505,W8,実績!$AI$6:$AI$505,"<"&AJ8,実績!$AJ$6:$AJ$505,">"&AI8,実績!$AK$6:$AK$505,"○",実績!$A$6:$A$505,"<>"&A8)>0,"重複配船の警告（同じ船が同じ時間に別作業）",IF(COUNTIFS(実績!$W$6:$W$505,W8,実績!$AI$6:$AI$505,"<"&AJ8,実績!$AJ$6:$AJ$505,">"&AI8,実績!$AK$6:$AK$505,"○",実績!$A$6:$A$505,A8)>1,"同一記録の重複（1隻として数える）",""))) | AI8: =IF(OR(O8="",V8<>"候補・時刻要確認"),"",ROUND((D8-集計!$C$5)*1440+O8*1440,0)) -> 540 | AJ8: =IF(OR(P8="",V8<>"候補・時刻要確認"),"",ROUND((D8-集計!$C$5)*1440+P8*1440+IF(Q8="○",1440,0),0)) -> 600 | AK8: =IF(AND(AI8<>"",AJ8<>"",U8<>"○",AA8<>"通船・警戒船"),"○","") -> ○ | AL8: =IF(AND(AK8="○",AD8<>"高炉原料"),"○","") -> ○ | AM8: =IF(C8<>"○","",IF(COUNTIFS(実績!$A$6:$A$505,A8,実績!$AK$6:$AK$505,"○")=0,"",_xlfn.MINIFS(実績!$AI$6:$AI$505,実績!$A$6:$A$505,A8,実績!$AK$6:$AK$505,"○"))) -> 540 | AN8: =IF(C8<>"○","",IF(COUNTIFS(実績!$A$6:$A$505,A8,実績!$AK$6:$AK$505,"○")=0,"",_xlfn.MAXIFS(実績!$AJ$6:$AJ$505,実績!$A$6:$A$505,A8,実績!$AK$6:$AK$505,"○"))) -> 600
A9: 2025-11-01#03 | B9: 11/01 #03 09:30 出 試験本船3（T1） | C9: ○ | D9: 45962 | E9: 試験 | F9: 1 | G9: 試験本船3 | H9: 1000 | I9: 試験 | J9: 出 | L9: T1 | M9: 鋼材 | N9: 0.39583333 | O9: 0.39583333 | P9: 0.4375 | R9: 試験C船 | V9: 候補・時刻要確認 | W9: =IFERROR(INDEX(マスター!$K$6:$K$125,MATCH(R9,マスター!$N$6:$N$125,0)),R9) -> 試験C船 | X9: =IFERROR(IF(IFERROR(INDEX(マスター!$C$6:$C$125,MATCH(R9,マスター!$N$6:$N$125,0)),NA())="","未確認",IFERROR(INDEX(マスター!$C$6:$C$125,MATCH(R9,マスター!$N$6:$N$125,0)),NA())),"マスター未登録") -> 試験会社 | Y9: =IFERROR(INDEX(マスター!$L$6:$L$125,MATCH(R9,マスター!$N$6:$N$125,0)),"マスター未登録") -> 他社 | Z9: =IFERROR(IF(IFERROR(INDEX(マスター!$J$6:$J$125,MATCH(R9,マスター!$N$6:$N$125,0)),NA())="","未確認",IFERROR(INDEX(マスター!$J$6:$J$125,MATCH(R9,マスター!$N$6:$N$125,0)),NA())),"マスター未登録") -> 確認済み | AA9: =IFERROR(IF(IFERROR(INDEX(マスター!$D$6:$D$125,MATCH(R9,マスター!$N$6:$N$125,0)),NA())="","未確認",IFERROR(INDEX(マスター!$D$6:$D$125,MATCH(R9,マスター!$N$6:$N$125,0)),NA())),"マスター未登録") -> タグ | AB9: =IF(IFERROR(INDEX(マスター!$Z$6:$Z$25,MATCH(M9,マスター!$X$6:$X$25,0)),"")="○","安瀬候補（要確認）","") | AC9: =IF(J9="","",IF(M9="LNG",IF(J9="入","LNG入港",IF(J9="出","LNG出港",IF(J9="当直","LNG警戒",IF(J9="エスコート","LNGエスコート","LNG"&J9)))),IF(J9="入","入港",IF(J9="出","出港",IF(J9="転","転錨・シフト",J9))))) -> 出港 | AD9: =IF(M9="","未確認",IFERROR(INDEX(マスター!$Y$6:$Y$25,MATCH(M9,マスター!$X$6:$X$25,0))&"","未確認")) -> 高炉原料以外 | AE9: =IF(O9="","",D9+O9) -> 45962.396 | AF9: =IF(P9="","",D9+P9+IF(Q9="○",1,0)) -> 45962.438 | AG9: =IF(D9<集計!$C$5,"前日から継続","") | AH9: =IF(AK9<>"○","",IF(COUNTIFS(実績!$W$6:$W$505,W9,実績!$AI$6:$AI$505,"<"&AJ9,実績!$AJ$6:$AJ$505,">"&AI9,実績!$AK$6:$AK$505,"○",実績!$A$6:$A$505,"<>"&A9)>0,"重複配船の警告（同じ船が同じ時間に別作業）",IF(COUNTIFS(実績!$W$6:$W$505,W9,実績!$AI$6:$AI$505,"<"&AJ9,実績!$AJ$6:$AJ$505,">"&AI9,実績!$AK$6:$AK$505,"○",実績!$A$6:$A$505,A9)>1,"同一記録の重複（1隻として数える）",""))) | AI9: =IF(OR(O9="",V9<>"候補・時刻要確認"),"",ROUND((D9-集計!$C$5)*1440+O9*1440,0)) -> 570 | AJ9: =IF(OR(P9="",V9<>"候補・時刻要確認"),"",ROUND((D9-集計!$C$5)*1440+P9*1440+IF(Q9="○",1440,0),0)) -> 630 | AK9: =IF(AND(AI9<>"",AJ9<>"",U9<>"○",AA9<>"通船・警戒船"),"○","") -> ○ | AL9: =IF(AND(AK9="○",AD9<>"高炉原料"),"○","") -> ○ | AM9: =IF(C9<>"○","",IF(COUNTIFS(実績!$A$6:$A$505,A9,実績!$AK$6:$AK$505,"○")=0,"",_xlfn.MINIFS(実績!$AI$6:$AI$505,実績!$A$6:$A$505,A9,実績!$AK$6:$AK$505,"○"))) -> 570 | AN9: =IF(C9<>"○","",IF(COUNTIFS(実績!$A$6:$A$505,A9,実績!$AK$6:$AK$505,"○")=0,"",_xlfn.MAXIFS(実績!$AJ$6:$AJ$505,実績!$A$6:$A$505,A9,実績!$AK$6:$AK$505,"○"))) -> 630

Sheet 前日確定
A1: 前日確定（対象日の前日最終の予定表と翌日の出勤手配）
A2: 誰が：上田 何を見て：対象日の前日に翌日の出勤を手配した最終の作業予定表 どこへ：①C7～C10 ②出勤手配（B14～） ③作業ごとの予定（J列～T列）。予定表にあって実績にない作業は下の空き行へ追加
A3: 集計先：「集計」の予定・出勤手配、「変更・キャンセル」の変更前の時刻・タグ。ここに入れた前日最終の値は変更があっても上書きしません。
A5: ■ 対象日の予定表
A6: 対象日【自動（取込時に設定）】 | C6: 45962
A7: 根拠の予定表（ファイル名・版）【入力】 | F7: ◀ 最初の入力はここ（対象日の前日最終の予定表のファイル名・版。2025年度分は本一式に含まれていないため、上田さんの照合で入力）
A8: 予定表の確定時点（日時）【入力】
A9: 照合した人【入力】
A10: 照合の状況【入力・選択】 | C10: 未確認
A12: ■ 翌日の出勤手配（対象日の前日に手配した船）と、実際に出勤・待機したか
A13: No | B13: 船名【入力・選択】 | C13: 会社【自動】 | D13: 基地港【自動】 | E13: 手配した日時【入力】 | F13: 実際の出勤・待機【入力・選択】 | G13: 情報元【入力】
A14: 1 | C14: =IF(B14="","",IFERROR(IF(IFERROR(INDEX(マスター!$C$6:$C$125,MATCH(B14,マスター!$N$6:$N$125,0)),NA())="","未確認",IFERROR(INDEX(マスター!$C$6:$C$125,MATCH(B14,マスター!$N$6:$N$125,0)),NA())),"マスター未登録")) | D14: =IF(B14="","",IFERROR(IF(IFERROR(INDEX(マスター!$E$6:$E$125,MATCH(B14,マスター!$N$6:$N$125,0)),NA())="","未確認",IFERROR(INDEX(マスター!$E$6:$E$125,MATCH(B14,マスター!$N$6:$N$125,0)),NA())),"マスター未登録"))
A15: 2 | C15: =IF(B15="","",IFERROR(IF(IFERROR(INDEX(マスター!$C$6:$C$125,MATCH(B15,マスター!$N$6:$N$125,0)),NA())="","未確認",IFERROR(INDEX(マスター!$C$6:$C$125,MATCH(B15,マスター!$N$6:$N$125,0)),NA())),"マスター未登録")) | D15: =IF(B15="","",IFERROR(IF(IFERROR(INDEX(マスター!$E$6:$E$125,MATCH(B15,マスター!$N$6:$N$125,0)),NA())="","未確認",IFERROR(INDEX(マスター!$E$6:$E$125,MATCH(B15,マスター!$N$6:$N$125,0)),NA())),"マスター未登録"))
A16: 3 | C16: =IF(B16="","",IFERROR(IF(IFERROR(INDEX(マスター!$C$6:$C$125,MATCH(B16,マスター!$N$6:$N$125,0)),NA())="","未確認",IFERROR(INDEX(マスター!$C$6:$C$125,MATCH(B16,マスター!$N$6:$N$125,0)),NA())),"マスター未登録")) | D16: =IF(B16="","",IFERROR(IF(IFERROR(INDEX(マスター!$E$6:$E$125,MATCH(B16,マスター!$N$6:$N$125,0)),NA())="","未確認",IFERROR(INDEX(マスター!$E$6:$E$125,MATCH(B16,マスター!$N$6:$N$125,0)),NA())),"マスター未登録"))
A17: 4 | C17: =IF(B17="","",IFERROR(IF(IFERROR(INDEX(マスター!$C$6:$C$125,MATCH(B17,マスター!$N$6:$N$125,0)),NA())="","未確認",IFERROR(INDEX(マスター!$C$6:$C$125,MATCH(B17,マスター!$N$6:$N$125,0)),NA())),"マスター未登録")) | D17: =IF(B17="","",IFERROR(IF(IFERROR(INDEX(マスター!$E$6:$E$125,MATCH(B17,マスター!$N$6:$N$125,0)),NA())="","未確認",IFERROR(INDEX(マスター!$E$6:$E$125,MATCH(B17,マスター!$N$6:$N$125,0)),NA())),"マスター未登録"))
A18: 5 | C18: =IF(B18="","",IFERROR(IF(IFERROR(INDEX(マスター!$C$6:$C$125,MATCH(B18,マスター!$N$6:$N$125,0)),NA())="","未確認",IFERROR(INDEX(マスター!$C$6:$C$125,MATCH(B18,マスター!$N$6:$N$125,0)),NA())),"マスター未登録")) | D18: =IF(B18="","",IFERROR(IF(IFERROR(INDEX(マスター!$E$6:$E$125,MATCH(B18,マスター!$N$6:$N$125,0)),NA())="","未確認",IFERROR(INDEX(マスター!$E$6:$E$125,MATCH(B18,マスター!$N$6:$N$125,0)),NA())),"マスター未登録"))
A19: 6 | C19: =IF(B19="","",IFERROR(IF(IFERROR(INDEX(マスター!$C$6:$C$125,MATCH(B19,マスター!$N$6:$N$125,0)),NA())="","未確認",IFERROR(INDEX(マスター!$C$6:$C$125,MATCH(B19,マスター!$N$6:$N$125,0)),NA())),"マスター未登録")) | D19: =IF(B19="","",IFERROR(IF(IFERROR(INDEX(マスター!$E$6:$E$125,MATCH(B19,マスター!$N$6:$N$125,0)),NA())="","未確認",IFERROR(INDEX(マスター!$E$6:$E$125,MATCH(B19,マスター!$N$6:$N$125,0)),NA())),"マスター未登録"))
A20: 7 | C20: =IF(B20="","",IFERROR(IF(IFERROR(INDEX(マスター!$C$6:$C$125,MATCH(B20,マスター!$N$6:$N$125,0)),NA())="","未確認",IFERROR(INDEX(マスター!$C$6:$C$125,MATCH(B20,マスター!$N$6:$N$125,0)),NA())),"マスター未登録")) | D20: =IF(B20="","",IFERROR(IF(IFERROR(INDEX(マスター!$E$6:$E$125,MATCH(B20,マスター!$N$6:$N$125,0)),NA())="","未確認",IFERROR(INDEX(マスター!$E$6:$E$125,MATCH(B20,マスター!$N$6:$N$125,0)),NA())),"マスター未登録"))
A21: 8 | C21: =IF(B21="","",IFERROR(IF(IFERROR(INDEX(マスター!$C$6:$C$125,MATCH(B21,マスター!$N$6:$N$125,0)),NA())="","未確認",IFERROR(INDEX(マスター!$C$6:$C$125,MATCH(B21,マスター!$N$6:$N$125,0)),NA())),"マスター未登録")) | D21: =IF(B21="","",IFERROR(IF(IFERROR(INDEX(マスター!$E$6:$E$125,MATCH(B21,マスター!$N$6:$N$125,0)),NA())="","未確認",IFERROR(INDEX(マスター!$E$6:$E$125,MATCH(B21,マスター!$N$6:$N$125,0)),NA())),"マスター未登録"))
A22: 出勤手配隻数【自動】 | C22: =IF(COUNTA(B14:B21)=0,0,SUMPRODUCT((B14:B21<>"")/COUNTIF(B14:B21,B14:B21&""))) -> 0
A23: 実際に出勤した隻数【自動】 | C23: =IF(COUNTA(B14:B21)=0,0,SUMPRODUCT((B14:B21<>"")*(LEFT(F14:F21,4)="出勤して")/COUNTIF(B14:B21,B14:B21&""))) -> 0
A24: ■ 作業ごとの前日最終予定（実績の作業は自動表示。予定表にだけある作業は下の空き行へ追加）
A25: 区分【自動】 | B25: 作業の表示名【自動】 | C25: 作業キー【自動】 | D25: 本船名【自動／予定のみは入力】 | E25: 入出転【自動／予定のみは入力】 | F25: バース【自動／予定のみは入力】 | G25: 実績のタグ（元帳）【自動】 | H25: 実績タグ数【自動】 | I25: 元帳の予定時間（参考・前日確定とは限らない）【自動】 | J25: 前日最終の予定時刻【入力】（翌日は日付も） | K25: 予定タグ①【入力・選択】 | L25: 予定タグ②【入力・選択】 | M25: 予定タグ③【入力・選択】 | N25: 予定タグ④【入力・選択】 | O25: 予定タグ⑤【入力・選択】 | P25: 予定タグ⑥【入力・選択】 | Q25: 予定タグ数【自動】 | R25: 予定タグ（まとめ）【自動】 | S25: 照合の状況【入力・選択】 | T25: 備考【入力】 | U25: 変更回数【自動】 | V25: 変更後の最終日時【自動】 | W25: 取消し【自動】 | X25: 作業日【自動】 | Y25: 前日確定の日時【自動】
A26: 実績あり | B26: 11/01 #01 09:00 入 試験本船1（T1） | C26: 2025-11-01#01 | D26: 試験本船1 | E26: 入 | F26: T1 | G26: 試験A船・試験A船 | H26: =IF(C26="","",COUNTIF(実績!$A$6:$A$505,C26)) -> 2 | I26: 0.375 | Q26: =IF(C26="","",COUNTA(K26:P26)) -> 0 | R26: =_xlfn.TEXTJOIN("・",TRUE(),K26:P26) | S26: 未確認 | U26: =IF(C26="","",COUNTIF(変更・キャンセル!$B$26:$B$85,C26)) -> 0 | V26: =IF(OR(C26="",U26=0),"",INDEX(変更・キャンセル!$AA$26:$AA$85,MATCH(C26&"#"&U26,変更・キャンセル!$Z$26:$Z$85,0))) | W26: =IF(C26="","",IF(COUNTIFS(変更・キャンセル!$B$26:$B$85,C26,変更・キャンセル!$R$26:$R$85,"○")>0,"○","")) | X26: 45962 | Y26: =IF(OR(C26="",J26=""),"",IF(J26<1,X26+J26,J26))
A27: 実績あり | B27: 11/01 #02 09:00 入 試験本船2（T1） | C27: 2025-11-01#02 | D27: 試験本船2 | E27: 入 | F27: T1 | G27: 試験B船 | H27: =IF(C27="","",COUNTIF(実績!$A$6:$A$505,C27)) -> 1 | I27: 0.375 | Q27: =IF(C27="","",COUNTA(K27:P27)) -> 0 | R27: =_xlfn.TEXTJOIN("・",TRUE(),K27:P27) | S27: 未確認 | U27: =IF(C27="","",COUNTIF(変更・キャンセル!$B$26:$B$85,C27)) -> 0 | V27: =IF(OR(C27="",U27=0),"",INDEX(変更・キャンセル!$AA$26:$AA$85,MATCH(C27&"#"&U27,変更・キャンセル!$Z$26:$Z$85,0))) | W27: =IF(C27="","",IF(COUNTIFS(変更・キャンセル!$B$26:$B$85,C27,変更・キャンセル!$R$26:$R$85,"○")>0,"○","")) | X27: 45962 | Y27: =IF(OR(C27="",J27=""),"",IF(J27<1,X27+J27,J27))
A28: 実績あり | B28: 11/01 #03 09:30 出 試験本船3（T1） | C28: 2025-11-01#03 | D28: 試験本船3 | E28: 出 | F28: T1 | G28: 試験C船 | H28: =IF(C28="","",COUNTIF(実績!$A$6:$A$505,C28)) -> 1 | I28: 0.39583333 | Q28: =IF(C28="","",COUNTA(K28:P28)) -> 0 | R28: =_xlfn.TEXTJOIN("・",TRUE(),K28:P28) | S28: 未確認 | U28: =IF(C28="","",COUNTIF(変更・キャンセル!$B$26:$B$85,C28)) -> 0 | V28: =IF(OR(C28="",U28=0),"",INDEX(変更・キャンセル!$AA$26:$AA$85,MATCH(C28&"#"&U28,変更・キャンセル!$Z$26:$Z$85,0))) | W28: =IF(C28="","",IF(COUNTIFS(変更・キャンセル!$B$26:$B$85,C28,変更・キャンセル!$R$26:$R$85,"○")>0,"○","")) | X28: 45962 | Y28: =IF(OR(C28="",J28=""),"",IF(J28<1,X28+J28,J28)) | Z28: ▼ ここから下は予定表にだけある作業（実績のない取消し等）を追加する行
A29: =IF(D29="","","予定のみ") | B29: =IF(D29="","","11/01 予定のみ#01 "&IF(J29="","--:--",TEXT(J29,"hh:mm"))&" "&E29&" "&D29) | C29: =IF(D29="","","2025-11-01予定のみ#01") | G29: =IF(D29="","","（実績なし）") | H29: =IF(C29="","",COUNTIF(実績!$A$6:$A$505,C29)) | Q29: =IF(C29="","",COUNTA(K29:P29)) | R29: =_xlfn.TEXTJOIN("・",TRUE(),K29:P29) | U29: =IF(C29="","",COUNTIF(変更・キャンセル!$B$26:$B$85,C29)) | V29: =IF(OR(C29="",U29=0),"",INDEX(変更・キャンセル!$AA$26:$AA$85,MATCH(C29&"#"&U29,変更・キャンセル!$Z$26:$Z$85,0))) | W29: =IF(C29="","",IF(COUNTIFS(変更・キャンセル!$B$26:$B$85,C29,変更・キャンセル!$R$26:$R$85,"○")>0,"○","")) | X29: =IF(D29="","",$C$6) | Y29: =IF(OR(C29="",J29=""),"",IF(J29<1,X29+J29,J29))
A30: =IF(D30="","","予定のみ") | B30: =IF(D30="","","11/01 予定のみ#02 "&IF(J30="","--:--",TEXT(J30,"hh:mm"))&" "&E30&" "&D30) | C30: =IF(D30="","","2025-11-01予定のみ#02") | G30: =IF(D30="","","（実績なし）") | H30: =IF(C30="","",COUNTIF(実績!$A$6:$A$505,C30)) | Q30: =IF(C30="","",COUNTA(K30:P30)) | R30: =_xlfn.TEXTJOIN("・",TRUE(),K30:P30) | U30: =IF(C30="","",COUNTIF(変更・キャンセル!$B$26:$B$85,C30)) | V30: =IF(OR(C30="",U30=0),"",INDEX(変更・キャンセル!$AA$26:$AA$85,MATCH(C30&"#"&U30,変更・キャンセル!$Z$26:$Z$85,0))) | W30: =IF(C30="","",IF(COUNTIFS(変更・キャンセル!$B$26:$B$85,C30,変更・キャンセル!$R$26:$R$85,"○")>0,"○","")) | X30: =IF(D30="","",$C$6) | Y30: =IF(OR(C30="",J30=""),"",IF(J30<1,X30+J30,J30))
A31: =IF(D31="","","予定のみ") | B31: =IF(D31="","","11/01 予定のみ#03 "&IF(J31="","--:--",TEXT(J31,"hh:mm"))&" "&E31&" "&D31) | C31: =IF(D31="","","2025-11-01予定のみ#03") | G31: =IF(D31="","","（実績なし）") | H31: =IF(C31="","",COUNTIF(実績!$A$6:$A$505,C31)) | Q31: =IF(C31="","",COUNTA(K31:P31)) | R31: =_xlfn.TEXTJOIN("・",TRUE(),K31:P31) | U31: =IF(C31="","",COUNTIF(変更・キャンセル!$B$26:$B$85,C31)) | V31: =IF(OR(C31="",U31=0),"",INDEX(変更・キャンセル!$AA$26:$AA$85,MATCH(C31&"#"&U31,変更・キャンセル!$Z$26:$Z$85,0))) | W31: =IF(C31="","",IF(COUNTIFS(変更・キャンセル!$B$26:$B$85,C31,変更・キャンセル!$R$26:$R$85,"○")>0,"○","")) | X31: =IF(D31="","",$C$6) | Y31: =IF(OR(C31="",J31=""),"",IF(J31<1,X31+J31,J31))
A32: =IF(D32="","","予定のみ") | B32: =IF(D32="","","11/01 予定のみ#04 "&IF(J32="","--:--",TEXT(J32,"hh:mm"))&" "&E32&" "&D32) | C32: =IF(D32="","","2025-11-01予定のみ#04") | G32: =IF(D32="","","（実績なし）") | H32: =IF(C32="","",COUNTIF(実績!$A$6:$A$505,C32)) | Q32: =IF(C32="","",COUNTA(K32:P32)) | R32: =_xlfn.TEXTJOIN("・",TRUE(),K32:P32) | U32: =IF(C32="","",COUNTIF(変更・キャンセル!$B$26:$B$85,C32)) | V32: =IF(OR(C32="",U32=0),"",INDEX(変更・キャンセル!$AA$26:$AA$85,MATCH(C32&"#"&U32,変更・キャンセル!$Z$26:$Z$85,0))) | W32: =IF(C32="","",IF(COUNTIFS(変更・キャンセル!$B$26:$B$85,C32,変更・キャンセル!$R$26:$R$85,"○")>0,"○","")) | X32: =IF(D32="","",$C$6) | Y32: =IF(OR(C32="",J32=""),"",IF(J32<1,X32+J32,J32))
A33: =IF(D33="","","予定のみ") | B33: =IF(D33="","","11/01 予定のみ#05 "&IF(J33="","--:--",TEXT(J33,"hh:mm"))&" "&E33&" "&D33) | C33: =IF(D33="","","2025-11-01予定のみ#05") | G33: =IF(D33="","","（実績なし）") | H33: =IF(C33="","",COUNTIF(実績!$A$6:$A$505,C33)) | Q33: =IF(C33="","",COUNTA(K33:P33)) | R33: =_xlfn.TEXTJOIN("・",TRUE(),K33:P33) | U33: =IF(C33="","",COUNTIF(変更・キャンセル!$B$26:$B$85,C33)) | V33: =IF(OR(C33="",U33=0),"",INDEX(変更・キャンセル!$AA$26:$AA$85,MATCH(C33&"#"&U33,変更・キャンセル!$Z$26:$Z$85,0))) | W33: =IF(C33="","",IF(COUNTIFS(変更・キャンセル!$B$26:$B$85,C33,変更・キャンセル!$R$26:$R$85,"○")>0,"○","")) | X33: =IF(D33="","",$C$6) | Y33: =IF(OR(C33="",J33=""),"",IF(J33<1,X33+J33,J33))
A34: =IF(D34="","","予定のみ") | B34: =IF(D34="","","11/01 予定のみ#06 "&IF(J34="","--:--",TEXT(J34,"hh:mm"))&" "&E34&" "&D34) | C34: =IF(D34="","","2025-11-01予定のみ#06") | G34: =IF(D34="","","（実績なし）") | H34: =IF(C34="","",COUNTIF(実績!$A$6:$A$505,C34)) | Q34: =IF(C34="","",COUNTA(K34:P34)) | R34: =_xlfn.TEXTJOIN("・",TRUE(),K34:P34) | U34: =IF(C34="","",COUNTIF(変更・キャンセル!$B$26:$B$85,C34)) | V34: =IF(OR(C34="",U34=0),"",INDEX(変更・キャンセル!$AA$26:$AA$85,MATCH(C34&"#"&U34,変更・キャンセル!$Z$26:$Z$85,0))) | W34: =IF(C34="","",IF(COUNTIFS(変更・キャンセル!$B$26:$B$85,C34,変更・キャンセル!$R$26:$R$85,"○")>0,"○","")) | X34: =IF(D34="","",$C$6) | Y34: =IF(OR(C34="",J34=""),"",IF(J34<1,X34+J34,J34))
A35: =IF(D35="","","予定のみ") | B35: =IF(D35="","","11/01 予定のみ#07 "&IF(J35="","--:--",TEXT(J35,"hh:mm"))&" "&E35&" "&D35) | C35: =IF(D35="","","2025-11-01予定のみ#07") | G35: =IF(D35="","","（実績なし）") | H35: =IF(C35="","",COUNTIF(実績!$A$6:$A$505,C35)) | Q35: =IF(C35="","",COUNTA(K35:P35)) | R35: =_xlfn.TEXTJOIN("・",TRUE(),K35:P35) | U35: =IF(C35="","",COUNTIF(変更・キャンセル!$B$26:$B$85,C35)) | V35: =IF(OR(C35="",U35=0),"",INDEX(変更・キャンセル!$AA$26:$AA$85,MATCH(C35&"#"&U35,変更・キャンセル!$Z$26:$Z$85,0))) | W35: =IF(C35="","",IF(COUNTIFS(変更・キャンセル!$B$26:$B$85,C35,変更・キャンセル!$R$26:$R$85,"○")>0,"○","")) | X35: =IF(D35="","",$C$6) | Y35: =IF(OR(C35="",J35=""),"",IF(J35<1,X35+J35,J35))
A36: =IF(D36="","","予定のみ") | B36: =IF(D36="","","11/01 予定のみ#08 "&IF(J36="","--:--",TEXT(J36,"hh:mm"))&" "&E36&" "&D36) | C36: =IF(D36="","","2025-11-01予定のみ#08") | G36: =IF(D36="","","（実績なし）") | H36: =IF(C36="","",COUNTIF(実績!$A$6:$A$505,C36)) | Q36: =IF(C36="","",COUNTA(K36:P36)) | R36: =_xlfn.TEXTJOIN("・",TRUE(),K36:P36) | U36: =IF(C36="","",COUNTIF(変更・キャンセル!$B$26:$B$85,C36)) | V36: =IF(OR(C36="",U36=0),"",INDEX(変更・キャンセル!$AA$26:$AA$85,MATCH(C36&"#"&U36,変更・キャンセル!$Z$26:$Z$85,0))) | W36: =IF(C36="","",IF(COUNTIFS(変更・キャンセル!$B$26:$B$85,C36,変更・キャンセル!$R$26:$R$85,"○")>0,"○","")) | X36: =IF(D36="","",$C$6) | Y36: =IF(OR(C36="",J36=""),"",IF(J36<1,X36+J36,J36))
A37: =IF(D37="","","予定のみ") | B37: =IF(D37="","","11/01 予定のみ#09 "&IF(J37="","--:--",TEXT(J37,"hh:mm"))&" "&E37&" "&D37) | C37: =IF(D37="","","2025-11-01予定のみ#09") | G37: =IF(D37="","","（実績なし）") | H37: =IF(C37="","",COUNTIF(実績!$A$6:$A$505,C37)) | Q37: =IF(C37="","",COUNTA(K37:P37)) | R37: =_xlfn.TEXTJOIN("・",TRUE(),K37:P37) | U37: =IF(C37="","",COUNTIF(変更・キャンセル!$B$26:$B$85,C37)) | V37: =IF(OR(C37="",U37=0),"",INDEX(変更・キャンセル!$AA$26:$AA$85,MATCH(C37&"#"&U37,変更・キャンセル!$Z$26:$Z$85,0))) | W37: =IF(C37="","",IF(COUNTIFS(変更・キャンセル!$B$26:$B$85,C37,変更・キャンセル!$R$26:$R$85,"○")>0,"○","")) | X37: =IF(D37="","",$C$6) | Y37: =IF(OR(C37="",J37=""),"",IF(J37<1,X37+J37,J37))
A38: =IF(D38="","","予定のみ") | B38: =IF(D38="","","11/01 予定のみ#10 "&IF(J38="","--:--",TEXT(J38,"hh:mm"))&" "&E38&" "&D38) | C38: =IF(D38="","","2025-11-01予定のみ#10") | G38: =IF(D38="","","（実績なし）") | H38: =IF(C38="","",COUNTIF(実績!$A$6:$A$505,C38)) | Q38: =IF(C38="","",COUNTA(K38:P38)) | R38: =_xlfn.TEXTJOIN("・",TRUE(),K38:P38) | U38: =IF(C38="","",COUNTIF(変更・キャンセル!$B$26:$B$85,C38)) | V38: =IF(OR(C38="",U38=0),"",INDEX(変更・キャンセル!$AA$26:$AA$85,MATCH(C38&"#"&U38,変更・キャンセル!$Z$26:$Z$85,0))) | W38: =IF(C38="","",IF(COUNTIFS(変更・キャンセル!$B$26:$B$85,C38,変更・キャンセル!$R$26:$R$85,"○")>0,"○","")) | X38: =IF(D38="","",$C$6) | Y38: =IF(OR(C38="",J38=""),"",IF(J38<1,X38+J38,J38))
A39: =IF(D39="","","予定のみ") | B39: =IF(D39="","","11/01 予定のみ#11 "&IF(J39="","--:--",TEXT(J39,"hh:mm"))&" "&E39&" "&D39) | C39: =IF(D39="","","2025-11-01予定のみ#11") | G39: =IF(D39="","","（実績なし）") | H39: =IF(C39="","",COUNTIF(実績!$A$6:$A$505,C39)) | Q39: =IF(C39="","",COUNTA(K39:P39)) | R39: =_xlfn.TEXTJOIN("・",TRUE(),K39:P39) | U39: =IF(C39="","",COUNTIF(変更・キャンセル!$B$26:$B$85,C39)) | V39: =IF(OR(C39="",U39=0),"",INDEX(変更・キャンセル!$AA$26:$AA$85,MATCH(C39&"#"&U39,変更・キャンセル!$Z$26:$Z$85,0))) | W39: =IF(C39="","",IF(COUNTIFS(変更・キャンセル!$B$26:$B$85,C39,変更・キャンセル!$R$26:$R$85,"○")>0,"○","")) | X39: =IF(D39="","",$C$6) | Y39: =IF(OR(C39="",J39=""),"",IF(J39<1,X39+J39,J39))
A40: =IF(D40="","","予定のみ") | B40: =IF(D40="","","11/01 予定のみ#12 "&IF(J40="","--:--",TEXT(J40,"hh:mm"))&" "&E40&" "&D40) | C40: =IF(D40="","","2025-11-01予定のみ#12") | G40: =IF(D40="","","（実績なし）") | H40: =IF(C40="","",COUNTIF(実績!$A$6:$A$505,C40)) | Q40: =IF(C40="","",COUNTA(K40:P40)) | R40: =_xlfn.TEXTJOIN("・",TRUE(),K40:P40) | U40: =IF(C40="","",COUNTIF(変更・キャンセル!$B$26:$B$85,C40)) | V40: =IF(OR(C40="",U40=0),"",INDEX(変更・キャンセル!$AA$26:$AA$85,MATCH(C40&"#"&U40,変更・キャンセル!$Z$26:$Z$85,0))) | W40: =IF(C40="","",IF(COUNTIFS(変更・キャンセル!$B$26:$B$85,C40,変更・キャンセル!$R$26:$R$85,"○")>0,"○","")) | X40: =IF(D40="","",$C$6) | Y40: =IF(OR(C40="",J40=""),"",IF(J40<1,X40+J40,J40))
A41: =IF(D41="","","予定のみ") | B41: =IF(D41="","","11/01 予定のみ#13 "&IF(J41="","--:--",TEXT(J41,"hh:mm"))&" "&E41&" "&D41) | C41: =IF(D41="","","2025-11-01予定のみ#13") | G41: =IF(D41="","","（実績なし）") | H41: =IF(C41="","",COUNTIF(実績!$A$6:$A$505,C41)) | Q41: =IF(C41="","",COUNTA(K41:P41)) | R41: =_xlfn.TEXTJOIN("・",TRUE(),K41:P41) | U41: =IF(C41="","",COUNTIF(変更・キャンセル!$B$26:$B$85,C41)) | V41: =IF(OR(C41="",U41=0),"",INDEX(変更・キャンセル!$AA$26:$AA$85,MATCH(C41&"#"&U41,変更・キャンセル!$Z$26:$Z$85,0))) | W41: =IF(C41="","",IF(COUNTIFS(変更・キャンセル!$B$26:$B$85,C41,変更・キャンセル!$R$26:$R$85,"○")>0,"○","")) | X41: =IF(D41="","",$C$6) | Y41: =IF(OR(C41="",J41=""),"",IF(J41<1,X41+J41,J41))
A42: =IF(D42="","","予定のみ") | B42: =IF(D42="","","11/01 予定のみ#14 "&IF(J42="","--:--",TEXT(J42,"hh:mm"))&" "&E42&" "&D42) | C42: =IF(D42="","","2025-11-01予定のみ#14") | G42: =IF(D42="","","（実績なし）") | H42: =IF(C42="","",COUNTIF(実績!$A$6:$A$505,C42)) | Q42: =IF(C42="","",COUNTA(K42:P42)) | R42: =_xlfn.TEXTJOIN("・",TRUE(),K42:P42) | U42: =IF(C42="","",COUNTIF(変更・キャンセル!$B$26:$B$85,C42)) | V42: =IF(OR(C42="",U42=0),"",INDEX(変更・キャンセル!$AA$26:$AA$85,MATCH(C42&"#"&U42,変更・キャンセル!$Z$26:$Z$85,0))) | W42: =IF(C42="","",IF(COUNTIFS(変更・キャンセル!$B$26:$B$85,C42,変更・キャンセル!$R$26:$R$85,"○")>0,"○","")) | X42: =IF(D42="","",$C$6) | Y42: =IF(OR(C42="",J42=""),"",IF(J42<1,X42+J42,J42))
A43: =IF(D43="","","予定のみ") | B43: =IF(D43="","","11/01 予定のみ#15 "&IF(J43="","--:--",TEXT(J43,"hh:mm"))&" "&E43&" "&D43) | C43: =IF(D43="","","2025-11-01予定のみ#15") | G43: =IF(D43="","","（実績なし）") | H43: =IF(C43="","",COUNTIF(実績!$A$6:$A$505,C43)) | Q43: =IF(C43="","",COUNTA(K43:P43)) | R43: =_xlfn.TEXTJOIN("・",TRUE(),K43:P43) | U43: =IF(C43="","",COUNTIF(変更・キャンセル!$B$26:$B$85,C43)) | V43: =IF(OR(C43="",U43=0),"",INDEX(変更・キャンセル!$AA$26:$AA$85,MATCH(C43&"#"&U43,変更・キャンセル!$Z$26:$Z$85,0))) | W43: =IF(C43="","",IF(COUNTIFS(変更・キャンセル!$B$26:$B$85,C43,変更・キャンセル!$R$26:$R$85,"○")>0,"○","")) | X43: =IF(D43="","",$C$6) | Y43: =IF(OR(C43="",J43=""),"",IF(J43<1,X43+J43,J43))
A44: =IF(D44="","","予定のみ") | B44: =IF(D44="","","11/01 予定のみ#16 "&IF(J44="","--:--",TEXT(J44,"hh:mm"))&" "&E44&" "&D44) | C44: =IF(D44="","","2025-11-01予定のみ#16") | G44: =IF(D44="","","（実績なし）") | H44: =IF(C44="","",COUNTIF(実績!$A$6:$A$505,C44)) | Q44: =IF(C44="","",COUNTA(K44:P44)) | R44: =_xlfn.TEXTJOIN("・",TRUE(),K44:P44) | U44: =IF(C44="","",COUNTIF(変更・キャンセル!$B$26:$B$85,C44)) | V44: =IF(OR(C44="",U44=0),"",INDEX(変更・キャンセル!$AA$26:$AA$85,MATCH(C44&"#"&U44,変更・キャンセル!$Z$26:$Z$85,0))) | W44: =IF(C44="","",IF(COUNTIFS(変更・キャンセル!$B$26:$B$85,C44,変更・キャンセル!$R$26:$R$85,"○")>0,"○","")) | X44: =IF(D44="","",$C$6) | Y44: =IF(OR(C44="",J44=""),"",IF(J44<1,X44+J44,J44))
A45: =IF(D45="","","予定のみ") | B45: =IF(D45="","","11/01 予定のみ#17 "&IF(J45="","--:--",TEXT(J45,"hh:mm"))&" "&E45&" "&D45) | C45: =IF(D45="","","2025-11-01予定のみ#17") | G45: =IF(D45="","","（実績なし）") | H45: =IF(C45="","",COUNTIF(実績!$A$6:$A$505,C45)) | Q45: =IF(C45="","",COUNTA(K45:P45)) | R45: =_xlfn.TEXTJOIN("・",TRUE(),K45:P45) | U45: =IF(C45="","",COUNTIF(変更・キャンセル!$B$26:$B$85,C45)) | V45: =IF(OR(C45="",U45=0),"",INDEX(変更・キャンセル!$AA$26:$AA$85,MATCH(C45&"#"&U45,変更・キャンセル!$Z$26:$Z$85,0))) | W45: =IF(C45="","",IF(COUNTIFS(変更・キャンセル!$B$26:$B$85,C45,変更・キャンセル!$R$26:$R$85,"○")>0,"○","")) | X45: =IF(D45="","",$C$6) | Y45: =IF(OR(C45="",J45=""),"",IF(J45<1,X45+J45,J45))

Sheet 変更・キャンセル
A1: 変更・キャンセル（全作業。1回の変更を1行。前日確定は上書きしない）
A2: 誰が：上田 何を見て：当日の変更連絡・変更分の予定表・配船記録 どこへ：①日ごとの確認（A7～）②休船からの呼出（A15～）③変更の記録（A26～で作業を選ぶ）。実績3隻未満の日・全船休航の日も①へ入力
A3: 集計先：「前日確定」の変更回数・最終日時・取消し、「集計」の変更・取消し・呼出。実績のない取消しは「前日確定」の下の空き行へ作業を追加してから選びます。
A5: ■ 日ごとの変更確認（変更なしと確認できた日と未確認の日を区別）
A6: 日付【入力】 | B6: その日の変更確認【入力・選択】 | C6: 全船休航【入力・○】 | D6: 実績の最大同時稼働（候補）【自動】 | E6: 情報元【入力】 | F6: 確認者【入力】
A7: 45962 | B7: 未確認 | D7: =IF(A7="","",IF(A7=集計!$C$5,集計!$C$14,"この試作では対象日のみ計算")) -> 3
D8: =IF(A8="","",IF(A8=集計!$C$5,集計!$C$14,"この試作では対象日のみ計算"))
D9: =IF(A9="","",IF(A9=集計!$C$5,集計!$C$14,"この試作では対象日のみ計算"))
D10: =IF(A10="","",IF(A10=集計!$C$5,集計!$C$14,"この試作では対象日のみ計算"))
D11: =IF(A11="","",IF(A11=集計!$C$5,集計!$C$14,"この試作では対象日のみ計算"))
A13: ■ 休船からの呼出（製鉄曳船・西日本海運。1隻ごとに1行。同じ船の同じ呼出は1回と数える）
A14: 呼出した船【入力・選択】 | B14: 会社【自動】 | C14: 呼出日時【入力】 | D14: 最初に対応した作業【入力・選択】 | E14: 呼出の理由【入力・選択】 | F14: 情報元【入力】 | G14: 確認状況【入力・選択】 | H14: 同一呼出の判定【自動】 | I14: 対象会社の判定【自動】 | J14: その日の従事作業数【自動】
B15: =IF(A15="","",IFERROR(IF(IFERROR(INDEX(マスター!$C$6:$C$125,MATCH(A15,マスター!$N$6:$N$125,0)),NA())="","未確認",IFERROR(INDEX(マスター!$C$6:$C$125,MATCH(A15,マスター!$N$6:$N$125,0)),NA())),"マスター未登録")) | H15: =IF(A15="","",IF(COUNTIFS(A$15:A15,A15,C$15:C15,C15)>1,"同一呼出（1回と数える）","")) | I15: =IF(A15="","",IF(OR(B15="製鉄曳船",B15="西日本海運"),"","製鉄曳船・西日本海運以外の船です")) | J15: =IF(A15="","",SUMPRODUCT((実績!$W$6:$W$505=IFERROR(INDEX(マスター!$K$6:$K$125,MATCH(A15,マスター!$N$6:$N$125,0)),A15))/COUNTIFS(実績!$A$6:$A$505,実績!$A$6:$A$505&"",実績!$W$6:$W$505,実績!$W$6:$W$505&"")))
B16: =IF(A16="","",IFERROR(IF(IFERROR(INDEX(マスター!$C$6:$C$125,MATCH(A16,マスター!$N$6:$N$125,0)),NA())="","未確認",IFERROR(INDEX(マスター!$C$6:$C$125,MATCH(A16,マスター!$N$6:$N$125,0)),NA())),"マスター未登録")) | H16: =IF(A16="","",IF(COUNTIFS(A$15:A16,A16,C$15:C16,C16)>1,"同一呼出（1回と数える）","")) | I16: =IF(A16="","",IF(OR(B16="製鉄曳船",B16="西日本海運"),"","製鉄曳船・西日本海運以外の船です")) | J16: =IF(A16="","",SUMPRODUCT((実績!$W$6:$W$505=IFERROR(INDEX(マスター!$K$6:$K$125,MATCH(A16,マスター!$N$6:$N$125,0)),A16))/COUNTIFS(実績!$A$6:$A$505,実績!$A$6:$A$505&"",実績!$W$6:$W$505,実績!$W$6:$W$505&"")))
B17: =IF(A17="","",IFERROR(IF(IFERROR(INDEX(マスター!$C$6:$C$125,MATCH(A17,マスター!$N$6:$N$125,0)),NA())="","未確認",IFERROR(INDEX(マスター!$C$6:$C$125,MATCH(A17,マスター!$N$6:$N$125,0)),NA())),"マスター未登録")) | H17: =IF(A17="","",IF(COUNTIFS(A$15:A17,A17,C$15:C17,C17)>1,"同一呼出（1回と数える）","")) | I17: =IF(A17="","",IF(OR(B17="製鉄曳船",B17="西日本海運"),"","製鉄曳船・西日本海運以外の船です")) | J17: =IF(A17="","",SUMPRODUCT((実績!$W$6:$W$505=IFERROR(INDEX(マスター!$K$6:$K$125,MATCH(A17,マスター!$N$6:$N$125,0)),A17))/COUNTIFS(実績!$A$6:$A$505,実績!$A$6:$A$505&"",実績!$W$6:$W$505,実績!$W$6:$W$505&"")))
B18: =IF(A18="","",IFERROR(IF(IFERROR(INDEX(マスター!$C$6:$C$125,MATCH(A18,マスター!$N$6:$N$125,0)),NA())="","未確認",IFERROR(INDEX(マスター!$C$6:$C$125,MATCH(A18,マスター!$N$6:$N$125,0)),NA())),"マスター未登録")) | H18: =IF(A18="","",IF(COUNTIFS(A$15:A18,A18,C$15:C18,C18)>1,"同一呼出（1回と数える）","")) | I18: =IF(A18="","",IF(OR(B18="製鉄曳船",B18="西日本海運"),"","製鉄曳船・西日本海運以外の船です")) | J18: =IF(A18="","",SUMPRODUCT((実績!$W$6:$W$505=IFERROR(INDEX(マスター!$K$6:$K$125,MATCH(A18,マスター!$N$6:$N$125,0)),A18))/COUNTIFS(実績!$A$6:$A$505,実績!$A$6:$A$505&"",実績!$W$6:$W$505,実績!$W$6:$W$505&"")))
B19: =IF(A19="","",IFERROR(IF(IFERROR(INDEX(マスター!$C$6:$C$125,MATCH(A19,マスター!$N$6:$N$125,0)),NA())="","未確認",IFERROR(INDEX(マスター!$C$6:$C$125,MATCH(A19,マスター!$N$6:$N$125,0)),NA())),"マスター未登録")) | H19: =IF(A19="","",IF(COUNTIFS(A$15:A19,A19,C$15:C19,C19)>1,"同一呼出（1回と数える）","")) | I19: =IF(A19="","",IF(OR(B19="製鉄曳船",B19="西日本海運"),"","製鉄曳船・西日本海運以外の船です")) | J19: =IF(A19="","",SUMPRODUCT((実績!$W$6:$W$505=IFERROR(INDEX(マスター!$K$6:$K$125,MATCH(A19,マスター!$N$6:$N$125,0)),A19))/COUNTIFS(実績!$A$6:$A$505,実績!$A$6:$A$505&"",実績!$W$6:$W$505,実績!$W$6:$W$505&"")))
B20: =IF(A20="","",IFERROR(IF(IFERROR(INDEX(マスター!$C$6:$C$125,MATCH(A20,マスター!$N$6:$N$125,0)),NA())="","未確認",IFERROR(INDEX(マスター!$C$6:$C$125,MATCH(A20,マスター!$N$6:$N$125,0)),NA())),"マスター未登録")) | H20: =IF(A20="","",IF(COUNTIFS(A$15:A20,A20,C$15:C20,C20)>1,"同一呼出（1回と数える）","")) | I20: =IF(A20="","",IF(OR(B20="製鉄曳船",B20="西日本海運"),"","製鉄曳船・西日本海運以外の船です")) | J20: =IF(A20="","",SUMPRODUCT((実績!$W$6:$W$505=IFERROR(INDEX(マスター!$K$6:$K$125,MATCH(A20,マスター!$N$6:$N$125,0)),A20))/COUNTIFS(実績!$A$6:$A$505,実績!$A$6:$A$505&"",実績!$W$6:$W$505,実績!$W$6:$W$505&"")))
B21: =IF(A21="","",IFERROR(IF(IFERROR(INDEX(マスター!$C$6:$C$125,MATCH(A21,マスター!$N$6:$N$125,0)),NA())="","未確認",IFERROR(INDEX(マスター!$C$6:$C$125,MATCH(A21,マスター!$N$6:$N$125,0)),NA())),"マスター未登録")) | H21: =IF(A21="","",IF(COUNTIFS(A$15:A21,A21,C$15:C21,C21)>1,"同一呼出（1回と数える）","")) | I21: =IF(A21="","",IF(OR(B21="製鉄曳船",B21="西日本海運"),"","製鉄曳船・西日本海運以外の船です")) | J21: =IF(A21="","",SUMPRODUCT((実績!$W$6:$W$505=IFERROR(INDEX(マスター!$K$6:$K$125,MATCH(A21,マスター!$N$6:$N$125,0)),A21))/COUNTIFS(実績!$A$6:$A$505,実績!$A$6:$A$505&"",実績!$W$6:$W$505,実績!$W$6:$W$505&"")))
B22: =IF(A22="","",IFERROR(IF(IFERROR(INDEX(マスター!$C$6:$C$125,MATCH(A22,マスター!$N$6:$N$125,0)),NA())="","未確認",IFERROR(INDEX(マスター!$C$6:$C$125,MATCH(A22,マスター!$N$6:$N$125,0)),NA())),"マスター未登録")) | H22: =IF(A22="","",IF(COUNTIFS(A$15:A22,A22,C$15:C22,C22)>1,"同一呼出（1回と数える）","")) | I22: =IF(A22="","",IF(OR(B22="製鉄曳船",B22="西日本海運"),"","製鉄曳船・西日本海運以外の船です")) | J22: =IF(A22="","",SUMPRODUCT((実績!$W$6:$W$505=IFERROR(INDEX(マスター!$K$6:$K$125,MATCH(A22,マスター!$N$6:$N$125,0)),A22))/COUNTIFS(実績!$A$6:$A$505,実績!$A$6:$A$505&"",実績!$W$6:$W$505,実績!$W$6:$W$505&"")))
A24: ■ 変更・キャンセルの記録（作業を選ぶと本船名・前日確定・変更前が自動表示。2回目以降の変更も同じ作業を選んで行を追加）
A25: 作業の選択【入力・選択】 | B25: 作業キー【自動】 | C25: 本船名【自動】 | D25: 何回目の変更【自動】 | E25: 前日確定の日時【自動】 | F25: 前日確定のタグ【自動】 | G25: 連絡日時【入力】 | H25: 連絡元【入力】 | I25: 変更前の日時【自動】 | J25: 変更後の時刻【入力】（翌日は日付も） | K25: 変更前のタグ【自動】 | L25: 変更後のタグ①【入力・選択】 | M25: 変更後のタグ②【入力・選択】 | N25: 変更後のタグ③【入力・選択】 | O25: 変更後のタグ④【入力・選択】 | P25: 変更後のタグ⑤【入力・選択】 | Q25: 変更後のタグ⑥【入力・選択】 | R25: 取消し【入力・○】 | S25: 取消しの時点【入力・選択】 | T25: 理由【入力・選択】 | U25: 理由の詳細【入力】 | V25: 時間調整【入力・選択】 | W25: 時間調整の内容【入力】 | X25: 情報元【入力】 | Y25: 確認者【入力】 | Z25: 照合キー【自動】 | AA25: 変更後の日時（有効）【自動】 | AB25: 変更後のタグ（有効）【自動】 | AC25: 前回の照合キー【自動】 | AD25: 作業日【自動】
B26: =IF(A26="","",IFERROR(INDEX(前日確定!$C$26:$C$45,MATCH(A26,前日確定!$B$26:$B$45,0)),"作業が見つかりません")) | C26: =IF(A26="","",IFERROR(INDEX(前日確定!$D$26:$D$45,MATCH(A26,前日確定!$B$26:$B$45,0)),"")) | D26: =IF(B26="","",COUNTIF(B$26:B26,B26)) | E26: =IF(A26="","",IFERROR(IF(INDEX(前日確定!$Y$26:$Y$45,MATCH(A26,前日確定!$B$26:$B$45,0))="","",INDEX(前日確定!$Y$26:$Y$45,MATCH(A26,前日確定!$B$26:$B$45,0))),"")) | F26: =IF(A26="","",IFERROR(INDEX(前日確定!$R$26:$R$45,MATCH(A26,前日確定!$B$26:$B$45,0)),"")) | I26: =IF(A26="","",E26) | K26: =IF(A26="","",F26) | Z26: =IF(B26="","",B26&"#"&D26) | AA26: =IF(A26="","",IF(J26="",I26,IF(J26<1,AD26+J26,J26))) | AB26: =IF(A26="","",IF(COUNTA(L26:Q26)=0,K26,_xlfn.TEXTJOIN("・",TRUE(),L26:Q26))) | AC26: =IF(B26="","",B26&"#"&(D26-1)) | AD26: =IF(A26="","",IFERROR(INDEX(前日確定!$X$26:$X$45,MATCH(A26,前日確定!$B$26:$B$45,0)),""))
B27: =IF(A27="","",IFERROR(INDEX(前日確定!$C$26:$C$45,MATCH(A27,前日確定!$B$26:$B$45,0)),"作業が見つかりません")) | C27: =IF(A27="","",IFERROR(INDEX(前日確定!$D$26:$D$45,MATCH(A27,前日確定!$B$26:$B$45,0)),"")) | D27: =IF(B27="","",COUNTIF(B$26:B27,B27)) | E27: =IF(A27="","",IFERROR(IF(INDEX(前日確定!$Y$26:$Y$45,MATCH(A27,前日確定!$B$26:$B$45,0))="","",INDEX(前日確定!$Y$26:$Y$45,MATCH(A27,前日確定!$B$26:$B$45,0))),"")) | F27: =IF(A27="","",IFERROR(INDEX(前日確定!$R$26:$R$45,MATCH(A27,前日確定!$B$26:$B$45,0)),"")) | I27: =IF(A27="","",IF(D27=1,E27,IFERROR(INDEX($AA$26:$AA$26,MATCH(AC27,$Z$26:$Z$26,0)),""))) | K27: =IF(A27="","",IF(D27=1,F27,IFERROR(INDEX($AB$26:$AB$26,MATCH(AC27,$Z$26:$Z$26,0)),""))) | Z27: =IF(B27="","",B27&"#"&D27) | AA27: =IF(A27="","",IF(J27="",I27,IF(J27<1,AD27+J27,J27))) | AB27: =IF(A27="","",IF(COUNTA(L27:Q27)=0,K27,_xlfn.TEXTJOIN("・",TRUE(),L27:Q27))) | AC27: =IF(B27="","",B27&"#"&(D27-1)) | AD27: =IF(A27="","",IFERROR(INDEX(前日確定!$X$26:$X$45,MATCH(A27,前日確定!$B$26:$B$45,0)),""))
B28: =IF(A28="","",IFERROR(INDEX(前日確定!$C$26:$C$45,MATCH(A28,前日確定!$B$26:$B$45,0)),"作業が見つかりません")) | C28: =IF(A28="","",IFERROR(INDEX(前日確定!$D$26:$D$45,MATCH(A28,前日確定!$B$26:$B$45,0)),"")) | D28: =IF(B28="","",COUNTIF(B$26:B28,B28)) | E28: =IF(A28="","",IFERROR(IF(INDEX(前日確定!$Y$26:$Y$45,MATCH(A28,前日確定!$B$26:$B$45,0))="","",INDEX(前日確定!$Y$26:$Y$45,MATCH(A28,前日確定!$B$26:$B$45,0))),"")) | F28: =IF(A28="","",IFERROR(INDEX(前日確定!$R$26:$R$45,MATCH(A28,前日確定!$B$26:$B$45,0)),"")) | I28: =IF(A28="","",IF(D28=1,E28,IFERROR(INDEX($AA$26:$AA$27,MATCH(AC28,$Z$26:$Z$27,0)),""))) | K28: =IF(A28="","",IF(D28=1,F28,IFERROR(INDEX($AB$26:$AB$27,MATCH(AC28,$Z$26:$Z$27,0)),""))) | Z28: =IF(B28="","",B28&"#"&D28) | AA28: =IF(A28="","",IF(J28="",I28,IF(J28<1,AD28+J28,J28))) | AB28: =IF(A28="","",IF(COUNTA(L28:Q28)=0,K28,_xlfn.TEXTJOIN("・",TRUE(),L28:Q28))) | AC28: =IF(B28="","",B28&"#"&(D28-1)) | AD28: =IF(A28="","",IFERROR(INDEX(前日確定!$X$26:$X$45,MATCH(A28,前日確定!$B$26:$B$45,0)),""))
B29: =IF(A29="","",IFERROR(INDEX(前日確定!$C$26:$C$45,MATCH(A29,前日確定!$B$26:$B$45,0)),"作業が見つかりません")) | C29: =IF(A29="","",IFERROR(INDEX(前日確定!$D$26:$D$45,MATCH(A29,前日確定!$B$26:$B$45,0)),"")) | D29: =IF(B29="","",COUNTIF(B$26:B29,B29)) | E29: =IF(A29="","",IFERROR(IF(INDEX(前日確定!$Y$26:$Y$45,MATCH(A29,前日確定!$B$26:$B$45,0))="","",INDEX(前日確定!$Y$26:$Y$45,MATCH(A29,前日確定!$B$26:$B$45,0))),"")) | F29: =IF(A29="","",IFERROR(INDEX(前日確定!$R$26:$R$45,MATCH(A29,前日確定!$B$26:$B$45,0)),"")) | I29: =IF(A29="","",IF(D29=1,E29,IFERROR(INDEX($AA$26:$AA$28,MATCH(AC29,$Z$26:$Z$28,0)),""))) | K29: =IF(A29="","",IF(D29=1,F29,IFERROR(INDEX($AB$26:$AB$28,MATCH(AC29,$Z$26:$Z$28,0)),""))) | Z29: =IF(B29="","",B29&"#"&D29) | AA29: =IF(A29="","",IF(J29="",I29,IF(J29<1,AD29+J29,J29))) | AB29: =IF(A29="","",IF(COUNTA(L29:Q29)=0,K29,_xlfn.TEXTJOIN("・",TRUE(),L29:Q29))) | AC29: =IF(B29="","",B29&"#"&(D29-1)) | AD29: =IF(A29="","",IFERROR(INDEX(前日確定!$X$26:$X$45,MATCH(A29,前日確定!$B$26:$B$45,0)),""))
B30: =IF(A30="","",IFERROR(INDEX(前日確定!$C$26:$C$45,MATCH(A30,前日確定!$B$26:$B$45,0)),"作業が見つかりません")) | C30: =IF(A30="","",IFERROR(INDEX(前日確定!$D$26:$D$45,MATCH(A30,前日確定!$B$26:$B$45,0)),"")) | D30: =IF(B30="","",COUNTIF(B$26:B30,B30)) | E30: =IF(A30="","",IFERROR(IF(INDEX(前日確定!$Y$26:$Y$45,MATCH(A30,前日確定!$B$26:$B$45,0))="","",INDEX(前日確定!$Y$26:$Y$45,MATCH(A30,前日確定!$B$26:$B$45,0))),"")) | F30: =IF(A30="","",IFERROR(INDEX(前日確定!$R$26:$R$45,MATCH(A30,前日確定!$B$26:$B$45,0)),"")) | I30: =IF(A30="","",IF(D30=1,E30,IFERROR(INDEX($AA$26:$AA$29,MATCH(AC30,$Z$26:$Z$29,0)),""))) | K30: =IF(A30="","",IF(D30=1,F30,IFERROR(INDEX($AB$26:$AB$29,MATCH(AC30,$Z$26:$Z$29,0)),""))) | Z30: =IF(B30="","",B30&"#"&D30) | AA30: =IF(A30="","",IF(J30="",I30,IF(J30<1,AD30+J30,J30))) | AB30: =IF(A30="","",IF(COUNTA(L30:Q30)=0,K30,_xlfn.TEXTJOIN("・",TRUE(),L30:Q30))) | AC30: =IF(B30="","",B30&"#"&(D30-1)) | AD30: =IF(A30="","",IFERROR(INDEX(前日確定!$X$26:$X$45,MATCH(A30,前日確定!$B$26:$B$45,0)),""))
B31: =IF(A31="","",IFERROR(INDEX(前日確定!$C$26:$C$45,MATCH(A31,前日確定!$B$26:$B$45,0)),"作業が見つかりません")) | C31: =IF(A31="","",IFERROR(INDEX(前日確定!$D$26:$D$45,MATCH(A31,前日確定!$B$26:$B$45,0)),"")) | D31: =IF(B31="","",COUNTIF(B$26:B31,B31)) | E31: =IF(A31="","",IFERROR(IF(INDEX(前日確定!$Y$26:$Y$45,MATCH(A31,前日確定!$B$26:$B$45,0))="","",INDEX(前日確定!$Y$26:$Y$45,MATCH(A31,前日確定!$B$26:$B$45,0))),"")) | F31: =IF(A31="","",IFERROR(INDEX(前日確定!$R$26:$R$45,MATCH(A31,前日確定!$B$26:$B$45,0)),"")) | I31: =IF(A31="","",IF(D31=1,E31,IFERROR(INDEX($AA$26:$AA$30,MATCH(AC31,$Z$26:$Z$30,0)),""))) | K31: =IF(A31="","",IF(D31=1,F31,IFERROR(INDEX($AB$26:$AB$30,MATCH(AC31,$Z$26:$Z$30,0)),""))) | Z31: =IF(B31="","",B31&"#"&D31) | AA31: =IF(A31="","",IF(J31="",I31,IF(J31<1,AD31+J31,J31))) | AB31: =IF(A31="","",IF(COUNTA(L31:Q31)=0,K31,_xlfn.TEXTJOIN("・",TRUE(),L31:Q31))) | AC31: =IF(B31="","",B31&"#"&(D31-1)) | AD31: =IF(A31="","",IFERROR(INDEX(前日確定!$X$26:$X$45,MATCH(A31,前日確定!$B$26:$B$45,0)),""))
B32: =IF(A32="","",IFERROR(INDEX(前日確定!$C$26:$C$45,MATCH(A32,前日確定!$B$26:$B$45,0)),"作業が見つかりません")) | C32: =IF(A32="","",IFERROR(INDEX(前日確定!$D$26:$D$45,MATCH(A32,前日確定!$B$26:$B$45,0)),"")) | D32: =IF(B32="","",COUNTIF(B$26:B32,B32)) | E32: =IF(A32="","",IFERROR(IF(INDEX(前日確定!$Y$26:$Y$45,MATCH(A32,前日確定!$B$26:$B$45,0))="","",INDEX(前日確定!$Y$26:$Y$45,MATCH(A32,前日確定!$B$26:$B$45,0))),"")) | F32: =IF(A32="","",IFERROR(INDEX(前日確定!$R$26:$R$45,MATCH(A32,前日確定!$B$26:$B$45,0)),"")) | I32: =IF(A32="","",IF(D32=1,E32,IFERROR(INDEX($AA$26:$AA$31,MATCH(AC32,$Z$26:$Z$31,0)),""))) | K32: =IF(A32="","",IF(D32=1,F32,IFERROR(INDEX($AB$26:$AB$31,MATCH(AC32,$Z$26:$Z$31,0)),""))) | Z32: =IF(B32="","",B32&"#"&D32) | AA32: =IF(A32="","",IF(J32="",I32,IF(J32<1,AD32+J32,J32))) | AB32: =IF(A32="","",IF(COUNTA(L32:Q32)=0,K32,_xlfn.TEXTJOIN("・",TRUE(),L32:Q32))) | AC32: =IF(B32="","",B32&"#"&(D32-1)) | AD32: =IF(A32="","",IFERROR(INDEX(前日確定!$X$26:$X$45,MATCH(A32,前日確定!$B$26:$B$45,0)),""))
B33: =IF(A33="","",IFERROR(INDEX(前日確定!$C$26:$C$45,MATCH(A33,前日確定!$B$26:$B$45,0)),"作業が見つかりません")) | C33: =IF(A33="","",IFERROR(INDEX(前日確定!$D$26:$D$45,MATCH(A33,前日確定!$B$26:$B$45,0)),"")) | D33: =IF(B33="","",COUNTIF(B$26:B33,B33)) | E33: =IF(A33="","",IFERROR(IF(INDEX(前日確定!$Y$26:$Y$45,MATCH(A33,前日確定!$B$26:$B$45,0))="","",INDEX(前日確定!$Y$26:$Y$45,MATCH(A33,前日確定!$B$26:$B$45,0))),"")) | F33: =IF(A33="","",IFERROR(INDEX(前日確定!$R$26:$R$45,MATCH(A33,前日確定!$B$26:$B$45,0)),"")) | I33: =IF(A33="","",IF(D33=1,E33,IFERROR(INDEX($AA$26:$AA$32,MATCH(AC33,$Z$26:$Z$32,0)),""))) | K33: =IF(A33="","",IF(D33=1,F33,IFERROR(INDEX($AB$26:$AB$32,MATCH(AC33,$Z$26:$Z$32,0)),""))) | Z33: =IF(B33="","",B33&"#"&D33) | AA33: =IF(A33="","",IF(J33="",I33,IF(J33<1,AD33+J33,J33))) | AB33: =IF(A33="","",IF(COUNTA(L33:Q33)=0,K33,_xlfn.TEXTJOIN("・",TRUE(),L33:Q33))) | AC33: =IF(B33="","",B33&"#"&(D33-1)) | AD33: =IF(A33="","",IFERROR(INDEX(前日確定!$X$26:$X$45,MATCH(A33,前日確定!$B$26:$B$45,0)),""))
B34: =IF(A34="","",IFERROR(INDEX(前日確定!$C$26:$C$45,MATCH(A34,前日確定!$B$26:$B$45,0)),"作業が見つかりません")) | C34: =IF(A34="","",IFERROR(INDEX(前日確定!$D$26:$D$45,MATCH(A34,前日確定!$B$26:$B$45,0)),"")) | D34: =IF(B34="","",COUNTIF(B$26:B34,B34)) | E34: =IF(A34="","",IFERROR(IF(INDEX(前日確定!$Y$26:$Y$45,MATCH(A34,前日確定!$B$26:$B$45,0))="","",INDEX(前日確定!$Y$26:$Y$45,MATCH(A34,前日確定!$B$26:$B$45,0))),"")) | F34: =IF(A34="","",IFERROR(INDEX(前日確定!$R$26:$R$45,MATCH(A34,前日確定!$B$26:$B$45,0)),"")) | I34: =IF(A34="","",IF(D34=1,E34,IFERROR(INDEX($AA$26:$AA$33,MATCH(AC34,$Z$26:$Z$33,0)),""))) | K34: =IF(A34="","",IF(D34=1,F34,IFERROR(INDEX($AB$26:$AB$33,MATCH(AC34,$Z$26:$Z$33,0)),""))) | Z34: =IF(B34="","",B34&"#"&D34) | AA34: =IF(A34="","",IF(J34="",I34,IF(J34<1,AD34+J34,J34))) | AB34: =IF(A34="","",IF(COUNTA(L34:Q34)=0,K34,_xlfn.TEXTJOIN("・",TRUE(),L34:Q34))) | AC34: =IF(B34="","",B34&"#"&(D34-1)) | AD34: =IF(A34="","",IFERROR(INDEX(前日確定!$X$26:$X$45,MATCH(A34,前日確定!$B$26:$B$45,0)),""))
B35: =IF(A35="","",IFERROR(INDEX(前日確定!$C$26:$C$45,MATCH(A35,前日確定!$B$26:$B$45,0)),"作業が見つかりません")) | C35: =IF(A35="","",IFERROR(INDEX(前日確定!$D$26:$D$45,MATCH(A35,前日確定!$B$26:$B$45,0)),"")) | D35: =IF(B35="","",COUNTIF(B$26:B35,B35)) | E35: =IF(A35="","",IFERROR(IF(INDEX(前日確定!$Y$26:$Y$45,MATCH(A35,前日確定!$B$26:$B$45,0))="","",INDEX(前日確定!$Y$26:$Y$45,MATCH(A35,前日確定!$B$26:$B$45,0))),"")) | F35: =IF(A35="","",IFERROR(INDEX(前日確定!$R$26:$R$45,MATCH(A35,前日確定!$B$26:$B$45,0)),"")) | I35: =IF(A35="","",IF(D35=1,E35,IFERROR(INDEX($AA$26:$AA$34,MATCH(AC35,$Z$26:$Z$34,0)),""))) | K35: =IF(A35="","",IF(D35=1,F35,IFERROR(INDEX($AB$26:$AB$34,MATCH(AC35,$Z$26:$Z$34,0)),""))) | Z35: =IF(B35="","",B35&"#"&D35) | AA35: =IF(A35="","",IF(J35="",I35,IF(J35<1,AD35+J35,J35))) | AB35: =IF(A35="","",IF(COUNTA(L35:Q35)=0,K35,_xlfn.TEXTJOIN("・",TRUE(),L35:Q35))) | AC35: =IF(B35="","",B35&"#"&(D35-1)) | AD35: =IF(A35="","",IFERROR(INDEX(前日確定!$X$26:$X$45,MATCH(A35,前日確定!$B$26:$B$45,0)),""))
B36: =IF(A36="","",IFERROR(INDEX(前日確定!$C$26:$C$45,MATCH(A36,前日確定!$B$26:$B$45,0)),"作業が見つかりません")) | C36: =IF(A36="","",IFERROR(INDEX(前日確定!$D$26:$D$45,MATCH(A36,前日確定!$B$26:$B$45,0)),"")) | D36: =IF(B36="","",COUNTIF(B$26:B36,B36)) | E36: =IF(A36="","",IFERROR(IF(INDEX(前日確定!$Y$26:$Y$45,MATCH(A36,前日確定!$B$26:$B$45,0))="","",INDEX(前日確定!$Y$26:$Y$45,MATCH(A36,前日確定!$B$26:$B$45,0))),"")) | F36: =IF(A36="","",IFERROR(INDEX(前日確定!$R$26:$R$45,MATCH(A36,前日確定!$B$26:$B$45,0)),"")) | I36: =IF(A36="","",IF(D36=1,E36,IFERROR(INDEX($AA$26:$AA$35,MATCH(AC36,$Z$26:$Z$35,0)),""))) | K36: =IF(A36="","",IF(D36=1,F36,IFERROR(INDEX($AB$26:$AB$35,MATCH(AC36,$Z$26:$Z$35,0)),""))) | Z36: =IF(B36="","",B36&"#"&D36) | AA36: =IF(A36="","",IF(J36="",I36,IF(J36<1,AD36+J36,J36))) | AB36: =IF(A36="","",IF(COUNTA(L36:Q36)=0,K36,_xlfn.TEXTJOIN("・",TRUE(),L36:Q36))) | AC36: =IF(B36="","",B36&"#"&(D36-1)) | AD36: =IF(A36="","",IFERROR(INDEX(前日確定!$X$26:$X$45,MATCH(A36,前日確定!$B$26:$B$45,0)),""))
B37: =IF(A37="","",IFERROR(INDEX(前日確定!$C$26:$C$45,MATCH(A37,前日確定!$B$26:$B$45,0)),"作業が見つかりません")) | C37: =IF(A37="","",IFERROR(INDEX(前日確定!$D$26:$D$45,MATCH(A37,前日確定!$B$26:$B$45,0)),"")) | D37: =IF(B37="","",COUNTIF(B$26:B37,B37)) | E37: =IF(A37="","",IFERROR(IF(INDEX(前日確定!$Y$26:$Y$45,MATCH(A37,前日確定!$B$26:$B$45,0))="","",INDEX(前日確定!$Y$26:$Y$45,MATCH(A37,前日確定!$B$26:$B$45,0))),"")) | F37: =IF(A37="","",IFERROR(INDEX(前日確定!$R$26:$R$45,MATCH(A37,前日確定!$B$26:$B$45,0)),"")) | I37: =IF(A37="","",IF(D37=1,E37,IFERROR(INDEX($AA$26:$AA$36,MATCH(AC37,$Z$26:$Z$36,0)),""))) | K37: =IF(A37="","",IF(D37=1,F37,IFERROR(INDEX($AB$26:$AB$36,MATCH(AC37,$Z$26:$Z$36,0)),""))) | Z37: =IF(B37="","",B37&"#"&D37) | AA37: =IF(A37="","",IF(J37="",I37,IF(J37<1,AD37+J37,J37))) | AB37: =IF(A37="","",IF(COUNTA(L37:Q37)=0,K37,_xlfn.TEXTJOIN("・",TRUE(),L37:Q37))) | AC37: =IF(B37="","",B37&"#"&(D37-1)) | AD37: =IF(A37="","",IFERROR(INDEX(前日確定!$X$26:$X$45,MATCH(A37,前日確定!$B$26:$B$45,0)),""))
B38: =IF(A38="","",IFERROR(INDEX(前日確定!$C$26:$C$45,MATCH(A38,前日確定!$B$26:$B$45,0)),"作業が見つかりません")) | C38: =IF(A38="","",IFERROR(INDEX(前日確定!$D$26:$D$45,MATCH(A38,前日確定!$B$26:$B$45,0)),"")) | D38: =IF(B38="","",COUNTIF(B$26:B38,B38)) | E38: =IF(A38="","",IFERROR(IF(INDEX(前日確定!$Y$26:$Y$45,MATCH(A38,前日確定!$B$26:$B$45,0))="","",INDEX(前日確定!$Y$26:$Y$45,MATCH(A38,前日確定!$B$26:$B$45,0))),"")) | F38: =IF(A38="","",IFERROR(INDEX(前日確定!$R$26:$R$45,MATCH(A38,前日確定!$B$26:$B$45,0)),"")) | I38: =IF(A38="","",IF(D38=1,E38,IFERROR(INDEX($AA$26:$AA$37,MATCH(AC38,$Z$26:$Z$37,0)),""))) | K38: =IF(A38="","",IF(D38=1,F38,IFERROR(INDEX($AB$26:$AB$37,MATCH(AC38,$Z$26:$Z$37,0)),""))) | Z38: =IF(B38="","",B38&"#"&D38) | AA38: =IF(A38="","",IF(J38="",I38,IF(J38<1,AD38+J38,J38))) | AB38: =IF(A38="","",IF(COUNTA(L38:Q38)=0,K38,_xlfn.TEXTJOIN("・",TRUE(),L38:Q38))) | AC38: =IF(B38="","",B38&"#"&(D38-1)) | AD38: =IF(A38="","",IFERROR(INDEX(前日確定!$X$26:$X$45,MATCH(A38,前日確定!$B$26:$B$45,0)),""))
B39: =IF(A39="","",IFERROR(INDEX(前日確定!$C$26:$C$45,MATCH(A39,前日確定!$B$26:$B$45,0)),"作業が見つかりません")) | C39: =IF(A39="","",IFERROR(INDEX(前日確定!$D$26:$D$45,MATCH(A39,前日確定!$B$26:$B$45,0)),"")) | D39: =IF(B39="","",COUNTIF(B$26:B39,B39)) | E39: =IF(A39="","",IFERROR(IF(INDEX(前日確定!$Y$26:$Y$45,MATCH(A39,前日確定!$B$26:$B$45,0))="","",INDEX(前日確定!$Y$26:$Y$45,MATCH(A39,前日確定!$B$26:$B$45,0))),"")) | F39: =IF(A39="","",IFERROR(INDEX(前日確定!$R$26:$R$45,MATCH(A39,前日確定!$B$26:$B$45,0)),"")) | I39: =IF(A39="","",IF(D39=1,E39,IFERROR(INDEX($AA$26:$AA$38,MATCH(AC39,$Z$26:$Z$38,0)),""))) | K39: =IF(A39="","",IF(D39=1,F39,IFERROR(INDEX($AB$26:$AB$38,MATCH(AC39,$Z$26:$Z$38,0)),""))) | Z39: =IF(B39="","",B39&"#"&D39) | AA39: =IF(A39="","",IF(J39="",I39,IF(J39<1,AD39+J39,J39))) | AB39: =IF(A39="","",IF(COUNTA(L39:Q39)=0,K39,_xlfn.TEXTJOIN("・",TRUE(),L39:Q39))) | AC39: =IF(B39="","",B39&"#"&(D39-1)) | AD39: =IF(A39="","",IFERROR(INDEX(前日確定!$X$26:$X$45,MATCH(A39,前日確定!$B$26:$B$45,0)),""))
B40: =IF(A40="","",IFERROR(INDEX(前日確定!$C$26:$C$45,MATCH(A40,前日確定!$B$26:$B$45,0)),"作業が見つかりません")) | C40: =IF(A40="","",IFERROR(INDEX(前日確定!$D$26:$D$45,MATCH(A40,前日確定!$B$26:$B$45,0)),"")) | D40: =IF(B40="","",COUNTIF(B$26:B40,B40)) | E40: =IF(A40="","",IFERROR(IF(INDEX(前日確定!$Y$26:$Y$45,MATCH(A40,前日確定!$B$26:$B$45,0))="","",INDEX(前日確定!$Y$26:$Y$45,MATCH(A40,前日確定!$B$26:$B$45,0))),"")) | F40: =IF(A40="","",IFERROR(INDEX(前日確定!$R$26:$R$45,MATCH(A40,前日確定!$B$26:$B$45,0)),"")) | I40: =IF(A40="","",IF(D40=1,E40,IFERROR(INDEX($AA$26:$AA$39,MATCH(AC40,$Z$26:$Z$39,0)),""))) | K40: =IF(A40="","",IF(D40=1,F40,IFERROR(INDEX($AB$26:$AB$39,MATCH(AC40,$Z$26:$Z$39,0)),""))) | Z40: =IF(B40="","",B40&"#"&D40) | AA40: =IF(A40="","",IF(J40="",I40,IF(J40<1,AD40+J40,J40))) | AB40: =IF(A40="","",IF(COUNTA(L40:Q40)=0,K40,_xlfn.TEXTJOIN("・",TRUE(),L40:Q40))) | AC40: =IF(B40="","",B40&"#"&(D40-1)) | AD40: =IF(A40="","",IFERROR(INDEX(前日確定!$X$26:$X$45,MATCH(A40,前日確定!$B$26:$B$45,0)),""))
B41: =IF(A41="","",IFERROR(INDEX(前日確定!$C$26:$C$45,MATCH(A41,前日確定!$B$26:$B$45,0)),"作業が見つかりません")) | C41: =IF(A41="","",IFERROR(INDEX(前日確定!$D$26:$D$45,MATCH(A41,前日確定!$B$26:$B$45,0)),"")) | D41: =IF(B41="","",COUNTIF(B$26:B41,B41)) | E41: =IF(A41="","",IFERROR(IF(INDEX(前日確定!$Y$26:$Y$45,MATCH(A41,前日確定!$B$26:$B$45,0))="","",INDEX(前日確定!$Y$26:$Y$45,MATCH(A41,前日確定!$B$26:$B$45,0))),"")) | F41: =IF(A41="","",IFERROR(INDEX(前日確定!$R$26:$R$45,MATCH(A41,前日確定!$B$26:$B$45,0)),"")) | I41: =IF(A41="","",IF(D41=1,E41,IFERROR(INDEX($AA$26:$AA$40,MATCH(AC41,$Z$26:$Z$40,0)),""))) | K41: =IF(A41="","",IF(D41=1,F41,IFERROR(INDEX($AB$26:$AB$40,MATCH(AC41,$Z$26:$Z$40,0)),""))) | Z41: =IF(B41="","",B41&"#"&D41) | AA41: =IF(A41="","",IF(J41="",I41,IF(J41<1,AD41+J41,J41))) | AB41: =IF(A41="","",IF(COUNTA(L41:Q41)=0,K41,_xlfn.TEXTJOIN("・",TRUE(),L41:Q41))) | AC41: =IF(B41="","",B41&"#"&(D41-1)) | AD41: =IF(A41="","",IFERROR(INDEX(前日確定!$X$26:$X$45,MATCH(A41,前日確定!$B$26:$B$45,0)),""))
B42: =IF(A42="","",IFERROR(INDEX(前日確定!$C$26:$C$45,MATCH(A42,前日確定!$B$26:$B$45,0)),"作業が見つかりません")) | C42: =IF(A42="","",IFERROR(INDEX(前日確定!$D$26:$D$45,MATCH(A42,前日確定!$B$26:$B$45,0)),"")) | D42: =IF(B42="","",COUNTIF(B$26:B42,B42)) | E42: =IF(A42="","",IFERROR(IF(INDEX(前日確定!$Y$26:$Y$45,MATCH(A42,前日確定!$B$26:$B$45,0))="","",INDEX(前日確定!$Y$26:$Y$45,MATCH(A42,前日確定!$B$26:$B$45,0))),"")) | F42: =IF(A42="","",IFERROR(INDEX(前日確定!$R$26:$R$45,MATCH(A42,前日確定!$B$26:$B$45,0)),"")) | I42: =IF(A42="","",IF(D42=1,E42,IFERROR(INDEX($AA$26:$AA$41,MATCH(AC42,$Z$26:$Z$41,0)),""))) | K42: =IF(A42="","",IF(D42=1,F42,IFERROR(INDEX($AB$26:$AB$41,MATCH(AC42,$Z$26:$Z$41,0)),""))) | Z42: =IF(B42="","",B42&"#"&D42) | AA42: =IF(A42="","",IF(J42="",I42,IF(J42<1,AD42+J42,J42))) | AB42: =IF(A42="","",IF(COUNTA(L42:Q42)=0,K42,_xlfn.TEXTJOIN("・",TRUE(),L42:Q42))) | AC42: =IF(B42="","",B42&"#"&(D42-1)) | AD42: =IF(A42="","",IFERROR(INDEX(前日確定!$X$26:$X$45,MATCH(A42,前日確定!$B$26:$B$45,0)),""))
B43: =IF(A43="","",IFERROR(INDEX(前日確定!$C$26:$C$45,MATCH(A43,前日確定!$B$26:$B$45,0)),"作業が見つかりません")) | C43: =IF(A43="","",IFERROR(INDEX(前日確定!$D$26:$D$45,MATCH(A43,前日確定!$B$26:$B$45,0)),"")) | D43: =IF(B43="","",COUNTIF(B$26:B43,B43)) | E43: =IF(A43="","",IFERROR(IF(INDEX(前日確定!$Y$26:$Y$45,MATCH(A43,前日確定!$B$26:$B$45,0))="","",INDEX(前日確定!$Y$26:$Y$45,MATCH(A43,前日確定!$B$26:$B$45,0))),"")) | F43: =IF(A43="","",IFERROR(INDEX(前日確定!$R$26:$R$45,MATCH(A43,前日確定!$B$26:$B$45,0)),"")) | I43: =IF(A43="","",IF(D43=1,E43,IFERROR(INDEX($AA$26:$AA$42,MATCH(AC43,$Z$26:$Z$42,0)),""))) | K43: =IF(A43="","",IF(D43=1,F43,IFERROR(INDEX($AB$26:$AB$42,MATCH(AC43,$Z$26:$Z$42,0)),""))) | Z43: =IF(B43="","",B43&"#"&D43) | AA43: =IF(A43="","",IF(J43="",I43,IF(J43<1,AD43+J43,J43))) | AB43: =IF(A43="","",IF(COUNTA(L43:Q43)=0,K43,_xlfn.TEXTJOIN("・",TRUE(),L43:Q43))) | AC43: =IF(B43="","",B43&"#"&(D43-1)) | AD43: =IF(A43="","",IFERROR(INDEX(前日確定!$X$26:$X$45,MATCH(A43,前日確定!$B$26:$B$45,0)),""))
B44: =IF(A44="","",IFERROR(INDEX(前日確定!$C$26:$C$45,MATCH(A44,前日確定!$B$26:$B$45,0)),"作業が見つかりません")) | C44: =IF(A44="","",IFERROR(INDEX(前日確定!$D$26:$D$45,MATCH(A44,前日確定!$B$26:$B$45,0)),"")) | D44: =IF(B44="","",COUNTIF(B$26:B44,B44)) | E44: =IF(A44="","",IFERROR(IF(INDEX(前日確定!$Y$26:$Y$45,MATCH(A44,前日確定!$B$26:$B$45,0))="","",INDEX(前日確定!$Y$26:$Y$45,MATCH(A44,前日確定!$B$26:$B$45,0))),"")) | F44: =IF(A44="","",IFERROR(INDEX(前日確定!$R$26:$R$45,MATCH(A44,前日確定!$B$26:$B$45,0)),"")) | I44: =IF(A44="","",IF(D44=1,E44,IFERROR(INDEX($AA$26:$AA$43,MATCH(AC44,$Z$26:$Z$43,0)),""))) | K44: =IF(A44="","",IF(D44=1,F44,IFERROR(INDEX($AB$26:$AB$43,MATCH(AC44,$Z$26:$Z$43,0)),""))) | Z44: =IF(B44="","",B44&"#"&D44) | AA44: =IF(A44="","",IF(J44="",I44,IF(J44<1,AD44+J44,J44))) | AB44: =IF(A44="","",IF(COUNTA(L44:Q44)=0,K44,_xlfn.TEXTJOIN("・",TRUE(),L44:Q44))) | AC44: =IF(B44="","",B44&"#"&(D44-1)) | AD44: =IF(A44="","",IFERROR(INDEX(前日確定!$X$26:$X$45,MATCH(A44,前日確定!$B$26:$B$45,0)),""))
B45: =IF(A45="","",IFERROR(INDEX(前日確定!$C$26:$C$45,MATCH(A45,前日確定!$B$26:$B$45,0)),"作業が見つかりません")) | C45: =IF(A45="","",IFERROR(INDEX(前日確定!$D$26:$D$45,MATCH(A45,前日確定!$B$26:$B$45,0)),"")) | D45: =IF(B45="","",COUNTIF(B$26:B45,B45)) | E45: =IF(A45="","",IFERROR(IF(INDEX(前日確定!$Y$26:$Y$45,MATCH(A45,前日確定!$B$26:$B$45,0))="","",INDEX(前日確定!$Y$26:$Y$45,MATCH(A45,前日確定!$B$26:$B$45,0))),"")) | F45: =IF(A45="","",IFERROR(INDEX(前日確定!$R$26:$R$45,MATCH(A45,前日確定!$B$26:$B$45,0)),"")) | I45: =IF(A45="","",IF(D45=1,E45,IFERROR(INDEX($AA$26:$AA$44,MATCH(AC45,$Z$26:$Z$44,0)),""))) | K45: =IF(A45="","",IF(D45=1,F45,IFERROR(INDEX($AB$26:$AB$44,MATCH(AC45,$Z$26:$Z$44,0)),""))) | Z45: =IF(B45="","",B45&"#"&D45) | AA45: =IF(A45="","",IF(J45="",I45,IF(J45<1,AD45+J45,J45))) | AB45: =IF(A45="","",IF(COUNTA(L45:Q45)=0,K45,_xlfn.TEXTJOIN("・",TRUE(),L45:Q45))) | AC45: =IF(B45="","",B45&"#"&(D45-1)) | AD45: =IF(A45="","",IFERROR(INDEX(前日確定!$X$26:$X$45,MATCH(A45,前日確定!$B$26:$B$45,0)),""))
B46: =IF(A46="","",IFERROR(INDEX(前日確定!$C$26:$C$45,MATCH(A46,前日確定!$B$26:$B$45,0)),"作業が見つかりません")) | C46: =IF(A46="","",IFERROR(INDEX(前日確定!$D$26:$D$45,MATCH(A46,前日確定!$B$26:$B$45,0)),"")) | D46: =IF(B46="","",COUNTIF(B$26:B46,B46)) | E46: =IF(A46="","",IFERROR(IF(INDEX(前日確定!$Y$26:$Y$45,MATCH(A46,前日確定!$B$26:$B$45,0))="","",INDEX(前日確定!$Y$26:$Y$45,MATCH(A46,前日確定!$B$26:$B$45,0))),"")) | F46: =IF(A46="","",IFERROR(INDEX(前日確定!$R$26:$R$45,MATCH(A46,前日確定!$B$26:$B$45,0)),"")) | I46: =IF(A46="","",IF(D46=1,E46,IFERROR(INDEX($AA$26:$AA$45,MATCH(AC46,$Z$26:$Z$45,0)),""))) | K46: =IF(A46="","",IF(D46=1,F46,IFERROR(INDEX($AB$26:$AB$45,MATCH(AC46,$Z$26:$Z$45,0)),""))) | Z46: =IF(B46="","",B46&"#"&D46) | AA46: =IF(A46="","",IF(J46="",I46,IF(J46<1,AD46+J46,J46))) | AB46: =IF(A46="","",IF(COUNTA(L46:Q46)=0,K46,_xlfn.TEXTJOIN("・",TRUE(),L46:Q46))) | AC46: =IF(B46="","",B46&"#"&(D46-1)) | AD46: =IF(A46="","",IFERROR(INDEX(前日確定!$X$26:$X$45,MATCH(A46,前日確定!$B$26:$B$45,0)),""))
B47: =IF(A47="","",IFERROR(INDEX(前日確定!$C$26:$C$45,MATCH(A47,前日確定!$B$26:$B$45,0)),"作業が見つかりません")) | C47: =IF(A47="","",IFERROR(INDEX(前日確定!$D$26:$D$45,MATCH(A47,前日確定!$B$26:$B$45,0)),"")) | D47: =IF(B47="","",COUNTIF(B$26:B47,B47)) | E47: =IF(A47="","",IFERROR(IF(INDEX(前日確定!$Y$26:$Y$45,MATCH(A47,前日確定!$B$26:$B$45,0))="","",INDEX(前日確定!$Y$26:$Y$45,MATCH(A47,前日確定!$B$26:$B$45,0))),"")) | F47: =IF(A47="","",IFERROR(INDEX(前日確定!$R$26:$R$45,MATCH(A47,前日確定!$B$26:$B$45,0)),"")) | I47: =IF(A47="","",IF(D47=1,E47,IFERROR(INDEX($AA$26:$AA$46,MATCH(AC47,$Z$26:$Z$46,0)),""))) | K47: =IF(A47="","",IF(D47=1,F47,IFERROR(INDEX($AB$26:$AB$46,MATCH(AC47,$Z$26:$Z$46,0)),""))) | Z47: =IF(B47="","",B47&"#"&D47) | AA47: =IF(A47="","",IF(J47="",I47,IF(J47<1,AD47+J47,J47))) | AB47: =IF(A47="","",IF(COUNTA(L47:Q47)=0,K47,_xlfn.TEXTJOIN("・",TRUE(),L47:Q47))) | AC47: =IF(B47="","",B47&"#"&(D47-1)) | AD47: =IF(A47="","",IFERROR(INDEX(前日確定!$X$26:$X$45,MATCH(A47,前日確定!$B$26:$B$45,0)),""))
B48: =IF(A48="","",IFERROR(INDEX(前日確定!$C$26:$C$45,MATCH(A48,前日確定!$B$26:$B$45,0)),"作業が見つかりません")) | C48: =IF(A48="","",IFERROR(INDEX(前日確定!$D$26:$D$45,MATCH(A48,前日確定!$B$26:$B$45,0)),"")) | D48: =IF(B48="","",COUNTIF(B$26:B48,B48)) | E48: =IF(A48="","",IFERROR(IF(INDEX(前日確定!$Y$26:$Y$45,MATCH(A48,前日確定!$B$26:$B$45,0))="","",INDEX(前日確定!$Y$26:$Y$45,MATCH(A48,前日確定!$B$26:$B$45,0))),"")) | F48: =IF(A48="","",IFERROR(INDEX(前日確定!$R$26:$R$45,MATCH(A48,前日確定!$B$26:$B$45,0)),"")) | I48: =IF(A48="","",IF(D48=1,E48,IFERROR(INDEX($AA$26:$AA$47,MATCH(AC48,$Z$26:$Z$47,0)),""))) | K48: =IF(A48="","",IF(D48=1,F48,IFERROR(INDEX($AB$26:$AB$47,MATCH(AC48,$Z$26:$Z$47,0)),""))) | Z48: =IF(B48="","",B48&"#"&D48) | AA48: =IF(A48="","",IF(J48="",I48,IF(J48<1,AD48+J48,J48))) | AB48: =IF(A48="","",IF(COUNTA(L48:Q48)=0,K48,_xlfn.TEXTJOIN("・",TRUE(),L48:Q48))) | AC48: =IF(B48="","",B48&"#"&(D48-1)) | AD48: =IF(A48="","",IFERROR(INDEX(前日確定!$X$26:$X$45,MATCH(A48,前日確定!$B$26:$B$45,0)),""))
B49: =IF(A49="","",IFERROR(INDEX(前日確定!$C$26:$C$45,MATCH(A49,前日確定!$B$26:$B$45,0)),"作業が見つかりません")) | C49: =IF(A49="","",IFERROR(INDEX(前日確定!$D$26:$D$45,MATCH(A49,前日確定!$B$26:$B$45,0)),"")) | D49: =IF(B49="","",COUNTIF(B$26:B49,B49)) | E49: =IF(A49="","",IFERROR(IF(INDEX(前日確定!$Y$26:$Y$45,MATCH(A49,前日確定!$B$26:$B$45,0))="","",INDEX(前日確定!$Y$26:$Y$45,MATCH(A49,前日確定!$B$26:$B$45,0))),"")) | F49: =IF(A49="","",IFERROR(INDEX(前日確定!$R$26:$R$45,MATCH(A49,前日確定!$B$26:$B$45,0)),"")) | I49: =IF(A49="","",IF(D49=1,E49,IFERROR(INDEX($AA$26:$AA$48,MATCH(AC49,$Z$26:$Z$48,0)),""))) | K49: =IF(A49="","",IF(D49=1,F49,IFERROR(INDEX($AB$26:$AB$48,MATCH(AC49,$Z$26:$Z$48,0)),""))) | Z49: =IF(B49="","",B49&"#"&D49) | AA49: =IF(A49="","",IF(J49="",I49,IF(J49<1,AD49+J49,J49))) | AB49: =IF(A49="","",IF(COUNTA(L49:Q49)=0,K49,_xlfn.TEXTJOIN("・",TRUE(),L49:Q49))) | AC49: =IF(B49="","",B49&"#"&(D49-1)) | AD49: =IF(A49="","",IFERROR(INDEX(前日確定!$X$26:$X$45,MATCH(A49,前日確定!$B$26:$B$45,0)),""))
B50: =IF(A50="","",IFERROR(INDEX(前日確定!$C$26:$C$45,MATCH(A50,前日確定!$B$26:$B$45,0)),"作業が見つかりません")) | C50: =IF(A50="","",IFERROR(INDEX(前日確定!$D$26:$D$45,MATCH(A50,前日確定!$B$26:$B$45,0)),"")) | D50: =IF(B50="","",COUNTIF(B$26:B50,B50)) | E50: =IF(A50="","",IFERROR(IF(INDEX(前日確定!$Y$26:$Y$45,MATCH(A50,前日確定!$B$26:$B$45,0))="","",INDEX(前日確定!$Y$26:$Y$45,MATCH(A50,前日確定!$B$26:$B$45,0))),"")) | F50: =IF(A50="","",IFERROR(INDEX(前日確定!$R$26:$R$45,MATCH(A50,前日確定!$B$26:$B$45,0)),"")) | I50: =IF(A50="","",IF(D50=1,E50,IFERROR(INDEX($AA$26:$AA$49,MATCH(AC50,$Z$26:$Z$49,0)),""))) | K50: =IF(A50="","",IF(D50=1,F50,IFERROR(INDEX($AB$26:$AB$49,MATCH(AC50,$Z$26:$Z$49,0)),""))) | Z50: =IF(B50="","",B50&"#"&D50) | AA50: =IF(A50="","",IF(J50="",I50,IF(J50<1,AD50+J50,J50))) | AB50: =IF(A50="","",IF(COUNTA(L50:Q50)=0,K50,_xlfn.TEXTJOIN("・",TRUE(),L50:Q50))) | AC50: =IF(B50="","",B50&"#"&(D50-1)) | AD50: =IF(A50="","",IFERROR(INDEX(前日確定!$X$26:$X$45,MATCH(A50,前日確定!$B$26:$B$45,0)),""))
B51: =IF(A51="","",IFERROR(INDEX(前日確定!$C$26:$C$45,MATCH(A51,前日確定!$B$26:$B$45,0)),"作業が見つかりません")) | C51: =IF(A51="","",IFERROR(INDEX(前日確定!$D$26:$D$45,MATCH(A51,前日確定!$B$26:$B$45,0)),"")) | D51: =IF(B51="","",COUNTIF(B$26:B51,B51)) | E51: =IF(A51="","",IFERROR(IF(INDEX(前日確定!$Y$26:$Y$45,MATCH(A51,前日確定!$B$26:$B$45,0))="","",INDEX(前日確定!$Y$26:$Y$45,MATCH(A51,前日確定!$B$26:$B$45,0))),"")) | F51: =IF(A51="","",IFERROR(INDEX(前日確定!$R$26:$R$45,MATCH(A51,前日確定!$B$26:$B$45,0)),"")) | I51: =IF(A51="","",IF(D51=1,E51,IFERROR(INDEX($AA$26:$AA$50,MATCH(AC51,$Z$26:$Z$50,0)),""))) | K51: =IF(A51="","",IF(D51=1,F51,IFERROR(INDEX($AB$26:$AB$50,MATCH(AC51,$Z$26:$Z$50,0)),""))) | Z51: =IF(B51="","",B51&"#"&D51) | AA51: =IF(A51="","",IF(J51="",I51,IF(J51<1,AD51+J51,J51))) | AB51: =IF(A51="","",IF(COUNTA(L51:Q51)=0,K51,_xlfn.TEXTJOIN("・",TRUE(),L51:Q51))) | AC51: =IF(B51="","",B51&"#"&(D51-1)) | AD51: =IF(A51="","",IFERROR(INDEX(前日確定!$X$26:$X$45,MATCH(A51,前日確定!$B$26:$B$45,0)),""))
B52: =IF(A52="","",IFERROR(INDEX(前日確定!$C$26:$C$45,MATCH(A52,前日確定!$B$26:$B$45,0)),"作業が見つかりません")) | C52: =IF(A52="","",IFERROR(INDEX(前日確定!$D$26:$D$45,MATCH(A52,前日確定!$B$26:$B$45,0)),"")) | D52: =IF(B52="","",COUNTIF(B$26:B52,B52)) | E52: =IF(A52="","",IFERROR(IF(INDEX(前日確定!$Y$26:$Y$45,MATCH(A52,前日確定!$B$26:$B$45,0))="","",INDEX(前日確定!$Y$26:$Y$45,MATCH(A52,前日確定!$B$26:$B$45,0))),"")) | F52: =IF(A52="","",IFERROR(INDEX(前日確定!$R$26:$R$45,MATCH(A52,前日確定!$B$26:$B$45,0)),"")) | I52: =IF(A52="","",IF(D52=1,E52,IFERROR(INDEX($AA$26:$AA$51,MATCH(AC52,$Z$26:$Z$51,0)),""))) | K52: =IF(A52="","",IF(D52=1,F52,IFERROR(INDEX($AB$26:$AB$51,MATCH(AC52,$Z$26:$Z$51,0)),""))) | Z52: =IF(B52="","",B52&"#"&D52) | AA52: =IF(A52="","",IF(J52="",I52,IF(J52<1,AD52+J52,J52))) | AB52: =IF(A52="","",IF(COUNTA(L52:Q52)=0,K52,_xlfn.TEXTJOIN("・",TRUE(),L52:Q52))) | AC52: =IF(B52="","",B52&"#"&(D52-1)) | AD52: =IF(A52="","",IFERROR(INDEX(前日確定!$X$26:$X$45,MATCH(A52,前日確定!$B$26:$B$45,0)),""))
B53: =IF(A53="","",IFERROR(INDEX(前日確定!$C$26:$C$45,MATCH(A53,前日確定!$B$26:$B$45,0)),"作業が見つかりません")) | C53: =IF(A53="","",IFERROR(INDEX(前日確定!$D$26:$D$45,MATCH(A53,前日確定!$B$26:$B$45,0)),"")) | D53: =IF(B53="","",COUNTIF(B$26:B53,B53)) | E53: =IF(A53="","",IFERROR(IF(INDEX(前日確定!$Y$26:$Y$45,MATCH(A53,前日確定!$B$26:$B$45,0))="","",INDEX(前日確定!$Y$26:$Y$45,MATCH(A53,前日確定!$B$26:$B$45,0))),"")) | F53: =IF(A53="","",IFERROR(INDEX(前日確定!$R$26:$R$45,MATCH(A53,前日確定!$B$26:$B$45,0)),"")) | I53: =IF(A53="","",IF(D53=1,E53,IFERROR(INDEX($AA$26:$AA$52,MATCH(AC53,$Z$26:$Z$52,0)),""))) | K53: =IF(A53="","",IF(D53=1,F53,IFERROR(INDEX($AB$26:$AB$52,MATCH(AC53,$Z$26:$Z$52,0)),""))) | Z53: =IF(B53="","",B53&"#"&D53) | AA53: =IF(A53="","",IF(J53="",I53,IF(J53<1,AD53+J53,J53))) | AB53: =IF(A53="","",IF(COUNTA(L53:Q53)=0,K53,_xlfn.TEXTJOIN("・",TRUE(),L53:Q53))) | AC53: =IF(B53="","",B53&"#"&(D53-1)) | AD53: =IF(A53="","",IFERROR(INDEX(前日確定!$X$26:$X$45,MATCH(A53,前日確定!$B$26:$B$45,0)),""))
B54: =IF(A54="","",IFERROR(INDEX(前日確定!$C$26:$C$45,MATCH(A54,前日確定!$B$26:$B$45,0)),"作業が見つかりません")) | C54: =IF(A54="","",IFERROR(INDEX(前日確定!$D$26:$D$45,MATCH(A54,前日確定!$B$26:$B$45,0)),"")) | D54: =IF(B54="","",COUNTIF(B$26:B54,B54)) | E54: =IF(A54="","",IFERROR(IF(INDEX(前日確定!$Y$26:$Y$45,MATCH(A54,前日確定!$B$26:$B$45,0))="","",INDEX(前日確定!$Y$26:$Y$45,MATCH(A54,前日確定!$B$26:$B$45,0))),"")) | F54: =IF(A54="","",IFERROR(INDEX(前日確定!$R$26:$R$45,MATCH(A54,前日確定!$B$26:$B$45,0)),"")) | I54: =IF(A54="","",IF(D54=1,E54,IFERROR(INDEX($AA$26:$AA$53,MATCH(AC54,$Z$26:$Z$53,0)),""))) | K54: =IF(A54="","",IF(D54=1,F54,IFERROR(INDEX($AB$26:$AB$53,MATCH(AC54,$Z$26:$Z$53,0)),""))) | Z54: =IF(B54="","",B54&"#"&D54) | AA54: =IF(A54="","",IF(J54="",I54,IF(J54<1,AD54+J54,J54))) | AB54: =IF(A54="","",IF(COUNTA(L54:Q54)=0,K54,_xlfn.TEXTJOIN("・",TRUE(),L54:Q54))) | AC54: =IF(B54="","",B54&"#"&(D54-1)) | AD54: =IF(A54="","",IFERROR(INDEX(前日確定!$X$26:$X$45,MATCH(A54,前日確定!$B$26:$B$45,0)),""))
B55: =IF(A55="","",IFERROR(INDEX(前日確定!$C$26:$C$45,MATCH(A55,前日確定!$B$26:$B$45,0)),"作業が見つかりません")) | C55: =IF(A55="","",IFERROR(INDEX(前日確定!$D$26:$D$45,MATCH(A55,前日確定!$B$26:$B$45,0)),"")) | D55: =IF(B55="","",COUNTIF(B$26:B55,B55)) | E55: =IF(A55="","",IFERROR(IF(INDEX(前日確定!$Y$26:$Y$45,MATCH(A55,前日確定!$B$26:$B$45,0))="","",INDEX(前日確定!$Y$26:$Y$45,MATCH(A55,前日確定!$B$26:$B$45,0))),"")) | F55: =IF(A55="","",IFERROR(INDEX(前日確定!$R$26:$R$45,MATCH(A55,前日確定!$B$26:$B$45,0)),"")) | I55: =IF(A55="","",IF(D55=1,E55,IFERROR(INDEX($AA$26:$AA$54,MATCH(AC55,$Z$26:$Z$54,0)),""))) | K55: =IF(A55="","",IF(D55=1,F55,IFERROR(INDEX($AB$26:$AB$54,MATCH(AC55,$Z$26:$Z$54,0)),""))) | Z55: =IF(B55="","",B55&"#"&D55) | AA55: =IF(A55="","",IF(J55="",I55,IF(J55<1,AD55+J55,J55))) | AB55: =IF(A55="","",IF(COUNTA(L55:Q55)=0,K55,_xlfn.TEXTJOIN("・",TRUE(),L55:Q55))) | AC55: =IF(B55="","",B55&"#"&(D55-1)) | AD55: =IF(A55="","",IFERROR(INDEX(前日確定!$X$26:$X$45,MATCH(A55,前日確定!$B$26:$B$45,0)),""))
B56: =IF(A56="","",IFERROR(INDEX(前日確定!$C$26:$C$45,MATCH(A56,前日確定!$B$26:$B$45,0)),"作業が見つかりません")) | C56: =IF(A56="","",IFERROR(INDEX(前日確定!$D$26:$D$45,MATCH(A56,前日確定!$B$26:$B$45,0)),"")) | D56: =IF(B56="","",COUNTIF(B$26:B56,B56)) | E56: =IF(A56="","",IFERROR(IF(INDEX(前日確定!$Y$26:$Y$45,MATCH(A56,前日確定!$B$26:$B$45,0))="","",INDEX(前日確定!$Y$26:$Y$45,MATCH(A56,前日確定!$B$26:$B$45,0))),"")) | F56: =IF(A56="","",IFERROR(INDEX(前日確定!$R$26:$R$45,MATCH(A56,前日確定!$B$26:$B$45,0)),"")) | I56: =IF(A56="","",IF(D56=1,E56,IFERROR(INDEX($AA$26:$AA$55,MATCH(AC56,$Z$26:$Z$55,0)),""))) | K56: =IF(A56="","",IF(D56=1,F56,IFERROR(INDEX($AB$26:$AB$55,MATCH(AC56,$Z$26:$Z$55,0)),""))) | Z56: =IF(B56="","",B56&"#"&D56) | AA56: =IF(A56="","",IF(J56="",I56,IF(J56<1,AD56+J56,J56))) | AB56: =IF(A56="","",IF(COUNTA(L56:Q56)=0,K56,_xlfn.TEXTJOIN("・",TRUE(),L56:Q56))) | AC56: =IF(B56="","",B56&"#"&(D56-1)) | AD56: =IF(A56="","",IFERROR(INDEX(前日確定!$X$26:$X$45,MATCH(A56,前日確定!$B$26:$B$45,0)),""))
B57: =IF(A57="","",IFERROR(INDEX(前日確定!$C$26:$C$45,MATCH(A57,前日確定!$B$26:$B$45,0)),"作業が見つかりません")) | C57: =IF(A57="","",IFERROR(INDEX(前日確定!$D$26:$D$45,MATCH(A57,前日確定!$B$26:$B$45,0)),"")) | D57: =IF(B57="","",COUNTIF(B$26:B57,B57)) | E57: =IF(A57="","",IFERROR(IF(INDEX(前日確定!$Y$26:$Y$45,MATCH(A57,前日確定!$B$26:$B$45,0))="","",INDEX(前日確定!$Y$26:$Y$45,MATCH(A57,前日確定!$B$26:$B$45,0))),"")) | F57: =IF(A57="","",IFERROR(INDEX(前日確定!$R$26:$R$45,MATCH(A57,前日確定!$B$26:$B$45,0)),"")) | I57: =IF(A57="","",IF(D57=1,E57,IFERROR(INDEX($AA$26:$AA$56,MATCH(AC57,$Z$26:$Z$56,0)),""))) | K57: =IF(A57="","",IF(D57=1,F57,IFERROR(INDEX($AB$26:$AB$56,MATCH(AC57,$Z$26:$Z$56,0)),""))) | Z57: =IF(B57="","",B57&"#"&D57) | AA57: =IF(A57="","",IF(J57="",I57,IF(J57<1,AD57+J57,J57))) | AB57: =IF(A57="","",IF(COUNTA(L57:Q57)=0,K57,_xlfn.TEXTJOIN("・",TRUE(),L57:Q57))) | AC57: =IF(B57="","",B57&"#"&(D57-1)) | AD57: =IF(A57="","",IFERROR(INDEX(前日確定!$X$26:$X$45,MATCH(A57,前日確定!$B$26:$B$45,0)),""))
B58: =IF(A58="","",IFERROR(INDEX(前日確定!$C$26:$C$45,MATCH(A58,前日確定!$B$26:$B$45,0)),"作業が見つかりません")) | C58: =IF(A58="","",IFERROR(INDEX(前日確定!$D$26:$D$45,MATCH(A58,前日確定!$B$26:$B$45,0)),"")) | D58: =IF(B58="","",COUNTIF(B$26:B58,B58)) | E58: =IF(A58="","",IFERROR(IF(INDEX(前日確定!$Y$26:$Y$45,MATCH(A58,前日確定!$B$26:$B$45,0))="","",INDEX(前日確定!$Y$26:$Y$45,MATCH(A58,前日確定!$B$26:$B$45,0))),"")) | F58: =IF(A58="","",IFERROR(INDEX(前日確定!$R$26:$R$45,MATCH(A58,前日確定!$B$26:$B$45,0)),"")) | I58: =IF(A58="","",IF(D58=1,E58,IFERROR(INDEX($AA$26:$AA$57,MATCH(AC58,$Z$26:$Z$57,0)),""))) | K58: =IF(A58="","",IF(D58=1,F58,IFERROR(INDEX($AB$26:$AB$57,MATCH(AC58,$Z$26:$Z$57,0)),""))) | Z58: =IF(B58="","",B58&"#"&D58) | AA58: =IF(A58="","",IF(J58="",I58,IF(J58<1,AD58+J58,J58))) | AB58: =IF(A58="","",IF(COUNTA(L58:Q58)=0,K58,_xlfn.TEXTJOIN("・",TRUE(),L58:Q58))) | AC58: =IF(B58="","",B58&"#"&(D58-1)) | AD58: =IF(A58="","",IFERROR(INDEX(前日確定!$X$26:$X$45,MATCH(A58,前日確定!$B$26:$B$45,0)),""))
B59: =IF(A59="","",IFERROR(INDEX(前日確定!$C$26:$C$45,MATCH(A59,前日確定!$B$26:$B$45,0)),"作業が見つかりません")) | C59: =IF(A59="","",IFERROR(INDEX(前日確定!$D$26:$D$45,MATCH(A59,前日確定!$B$26:$B$45,0)),"")) | D59: =IF(B59="","",COUNTIF(B$26:B59,B59)) | E59: =IF(A59="","",IFERROR(IF(INDEX(前日確定!$Y$26:$Y$45,MATCH(A59,前日確定!$B$26:$B$45,0))="","",INDEX(前日確定!$Y$26:$Y$45,MATCH(A59,前日確定!$B$26:$B$45,0))),"")) | F59: =IF(A59="","",IFERROR(INDEX(前日確定!$R$26:$R$45,MATCH(A59,前日確定!$B$26:$B$45,0)),"")) | I59: =IF(A59="","",IF(D59=1,E59,IFERROR(INDEX($AA$26:$AA$58,MATCH(AC59,$Z$26:$Z$58,0)),""))) | K59: =IF(A59="","",IF(D59=1,F59,IFERROR(INDEX($AB$26:$AB$58,MATCH(AC59,$Z$26:$Z$58,0)),""))) | Z59: =IF(B59="","",B59&"#"&D59) | AA59: =IF(A59="","",IF(J59="",I59,IF(J59<1,AD59+J59,J59))) | AB59: =IF(A59="","",IF(COUNTA(L59:Q59)=0,K59,_xlfn.TEXTJOIN("・",TRUE(),L59:Q59))) | AC59: =IF(B59="","",B59&"#"&(D59-1)) | AD59: =IF(A59="","",IFERROR(INDEX(前日確定!$X$26:$X$45,MATCH(A59,前日確定!$B$26:$B$45,0)),""))
B60: =IF(A60="","",IFERROR(INDEX(前日確定!$C$26:$C$45,MATCH(A60,前日確定!$B$26:$B$45,0)),"作業が見つかりません")) | C60: =IF(A60="","",IFERROR(INDEX(前日確定!$D$26:$D$45,MATCH(A60,前日確定!$B$26:$B$45,0)),"")) | D60: =IF(B60="","",COUNTIF(B$26:B60,B60)) | E60: =IF(A60="","",IFERROR(IF(INDEX(前日確定!$Y$26:$Y$45,MATCH(A60,前日確定!$B$26:$B$45,0))="","",INDEX(前日確定!$Y$26:$Y$45,MATCH(A60,前日確定!$B$26:$B$45,0))),"")) | F60: =IF(A60="","",IFERROR(INDEX(前日確定!$R$26:$R$45,MATCH(A60,前日確定!$B$26:$B$45,0)),"")) | I60: =IF(A60="","",IF(D60=1,E60,IFERROR(INDEX($AA$26:$AA$59,MATCH(AC60,$Z$26:$Z$59,0)),""))) | K60: =IF(A60="","",IF(D60=1,F60,IFERROR(INDEX($AB$26:$AB$59,MATCH(AC60,$Z$26:$Z$59,0)),""))) | Z60: =IF(B60="","",B60&"#"&D60) | AA60: =IF(A60="","",IF(J60="",I60,IF(J60<1,AD60+J60,J60))) | AB60: =IF(A60="","",IF(COUNTA(L60:Q60)=0,K60,_xlfn.TEXTJOIN("・",TRUE(),L60:Q60))) | AC60: =IF(B60="","",B60&"#"&(D60-1)) | AD60: =IF(A60="","",IFERROR(INDEX(前日確定!$X$26:$X$45,MATCH(A60,前日確定!$B$26:$B$45,0)),""))
B61: =IF(A61="","",IFERROR(INDEX(前日確定!$C$26:$C$45,MATCH(A61,前日確定!$B$26:$B$45,0)),"作業が見つかりません")) | C61: =IF(A61="","",IFERROR(INDEX(前日確定!$D$26:$D$45,MATCH(A61,前日確定!$B$26:$B$45,0)),"")) | D61: =IF(B61="","",COUNTIF(B$26:B61,B61)) | E61: =IF(A61="","",IFERROR(IF(INDEX(前日確定!$Y$26:$Y$45,MATCH(A61,前日確定!$B$26:$B$45,0))="","",INDEX(前日確定!$Y$26:$Y$45,MATCH(A61,前日確定!$B$26:$B$45,0))),"")) | F61: =IF(A61="","",IFERROR(INDEX(前日確定!$R$26:$R$45,MATCH(A61,前日確定!$B$26:$B$45,0)),"")) | I61: =IF(A61="","",IF(D61=1,E61,IFERROR(INDEX($AA$26:$AA$60,MATCH(AC61,$Z$26:$Z$60,0)),""))) | K61: =IF(A61="","",IF(D61=1,F61,IFERROR(INDEX($AB$26:$AB$60,MATCH(AC61,$Z$26:$Z$60,0)),""))) | Z61: =IF(B61="","",B61&"#"&D61) | AA61: =IF(A61="","",IF(J61="",I61,IF(J61<1,AD61+J61,J61))) | AB61: =IF(A61="","",IF(COUNTA(L61:Q61)=0,K61,_xlfn.TEXTJOIN("・",TRUE(),L61:Q61))) | AC61: =IF(B61="","",B61&"#"&(D61-1)) | AD61: =IF(A61="","",IFERROR(INDEX(前日確定!$X$26:$X$45,MATCH(A61,前日確定!$B$26:$B$45,0)),""))
B62: =IF(A62="","",IFERROR(INDEX(前日確定!$C$26:$C$45,MATCH(A62,前日確定!$B$26:$B$45,0)),"作業が見つかりません")) | C62: =IF(A62="","",IFERROR(INDEX(前日確定!$D$26:$D$45,MATCH(A62,前日確定!$B$26:$B$45,0)),"")) | D62: =IF(B62="","",COUNTIF(B$26:B62,B62)) | E62: =IF(A62="","",IFERROR(IF(INDEX(前日確定!$Y$26:$Y$45,MATCH(A62,前日確定!$B$26:$B$45,0))="","",INDEX(前日確定!$Y$26:$Y$45,MATCH(A62,前日確定!$B$26:$B$45,0))),"")) | F62: =IF(A62="","",IFERROR(INDEX(前日確定!$R$26:$R$45,MATCH(A62,前日確定!$B$26:$B$45,0)),"")) | I62: =IF(A62="","",IF(D62=1,E62,IFERROR(INDEX($AA$26:$AA$61,MATCH(AC62,$Z$26:$Z$61,0)),""))) | K62: =IF(A62="","",IF(D62=1,F62,IFERROR(INDEX($AB$26:$AB$61,MATCH(AC62,$Z$26:$Z$61,0)),""))) | Z62: =IF(B62="","",B62&"#"&D62) | AA62: =IF(A62="","",IF(J62="",I62,IF(J62<1,AD62+J62,J62))) | AB62: =IF(A62="","",IF(COUNTA(L62:Q62)=0,K62,_xlfn.TEXTJOIN("・",TRUE(),L62:Q62))) | AC62: =IF(B62="","",B62&"#"&(D62-1)) | AD62: =IF(A62="","",IFERROR(INDEX(前日確定!$X$26:$X$45,MATCH(A62,前日確定!$B$26:$B$45,0)),""))
B63: =IF(A63="","",IFERROR(INDEX(前日確定!$C$26:$C$45,MATCH(A63,前日確定!$B$26:$B$45,0)),"作業が見つかりません")) | C63: =IF(A63="","",IFERROR(INDEX(前日確定!$D$26:$D$45,MATCH(A63,前日確定!$B$26:$B$45,0)),"")) | D63: =IF(B63="","",COUNTIF(B$26:B63,B63)) | E63: =IF(A63="","",IFERROR(IF(INDEX(前日確定!$Y$26:$Y$45,MATCH(A63,前日確定!$B$26:$B$45,0))="","",INDEX(前日確定!$Y$26:$Y$45,MATCH(A63,前日確定!$B$26:$B$45,0))),"")) | F63: =IF(A63="","",IFERROR(INDEX(前日確定!$R$26:$R$45,MATCH(A63,前日確定!$B$26:$B$45,0)),"")) | I63: =IF(A63="","",IF(D63=1,E63,IFERROR(INDEX($AA$26:$AA$62,MATCH(AC63,$Z$26:$Z$62,0)),""))) | K63: =IF(A63="","",IF(D63=1,F63,IFERROR(INDEX($AB$26:$AB$62,MATCH(AC63,$Z$26:$Z$62,0)),""))) | Z63: =IF(B63="","",B63&"#"&D63) | AA63: =IF(A63="","",IF(J63="",I63,IF(J63<1,AD63+J63,J63))) | AB63: =IF(A63="","",IF(COUNTA(L63:Q63)=0,K63,_xlfn.TEXTJOIN("・",TRUE(),L63:Q63))) | AC63: =IF(B63="","",B63&"#"&(D63-1)) | AD63: =IF(A63="","",IFERROR(INDEX(前日確定!$X$26:$X$45,MATCH(A63,前日確定!$B$26:$B$45,0)),""))
B64: =IF(A64="","",IFERROR(INDEX(前日確定!$C$26:$C$45,MATCH(A64,前日確定!$B$26:$B$45,0)),"作業が見つかりません")) | C64: =IF(A64="","",IFERROR(INDEX(前日確定!$D$26:$D$45,MATCH(A64,前日確定!$B$26:$B$45,0)),"")) | D64: =IF(B64="","",COUNTIF(B$26:B64,B64)) | E64: =IF(A64="","",IFERROR(IF(INDEX(前日確定!$Y$26:$Y$45,MATCH(A64,前日確定!$B$26:$B$45,0))="","",INDEX(前日確定!$Y$26:$Y$45,MATCH(A64,前日確定!$B$26:$B$45,0))),"")) | F64: =IF(A64="","",IFERROR(INDEX(前日確定!$R$26:$R$45,MATCH(A64,前日確定!$B$26:$B$45,0)),"")) | I64: =IF(A64="","",IF(D64=1,E64,IFERROR(INDEX($AA$26:$AA$63,MATCH(AC64,$Z$26:$Z$63,0)),""))) | K64: =IF(A64="","",IF(D64=1,F64,IFERROR(INDEX($AB$26:$AB$63,MATCH(AC64,$Z$26:$Z$63,0)),""))) | Z64: =IF(B64="","",B64&"#"&D64) | AA64: =IF(A64="","",IF(J64="",I64,IF(J64<1,AD64+J64,J64))) | AB64: =IF(A64="","",IF(COUNTA(L64:Q64)=0,K64,_xlfn.TEXTJOIN("・",TRUE(),L64:Q64))) | AC64: =IF(B64="","",B64&"#"&(D64-1)) | AD64: =IF(A64="","",IFERROR(INDEX(前日確定!$X$26:$X$45,MATCH(A64,前日確定!$B$26:$B$45,0)),""))
B65: =IF(A65="","",IFERROR(INDEX(前日確定!$C$26:$C$45,MATCH(A65,前日確定!$B$26:$B$45,0)),"作業が見つかりません")) | C65: =IF(A65="","",IFERROR(INDEX(前日確定!$D$26:$D$45,MATCH(A65,前日確定!$B$26:$B$45,0)),"")) | D65: =IF(B65="","",COUNTIF(B$26:B65,B65)) | E65: =IF(A65="","",IFERROR(IF(INDEX(前日確定!$Y$26:$Y$45,MATCH(A65,前日確定!$B$26:$B$45,0))="","",INDEX(前日確定!$Y$26:$Y$45,MATCH(A65,前日確定!$B$26:$B$45,0))),"")) | F65: =IF(A65="","",IFERROR(INDEX(前日確定!$R$26:$R$45,MATCH(A65,前日確定!$B$26:$B$45,0)),"")) | I65: =IF(A65="","",IF(D65=1,E65,IFERROR(INDEX($AA$26:$AA$64,MATCH(AC65,$Z$26:$Z$64,0)),""))) | K65: =IF(A65="","",IF(D65=1,F65,IFERROR(INDEX($AB$26:$AB$64,MATCH(AC65,$Z$26:$Z$64,0)),""))) | Z65: =IF(B65="","",B65&"#"&D65) | AA65: =IF(A65="","",IF(J65="",I65,IF(J65<1,AD65+J65,J65))) | AB65: =IF(A65="","",IF(COUNTA(L65:Q65)=0,K65,_xlfn.TEXTJOIN("・",TRUE(),L65:Q65))) | AC65: =IF(B65="","",B65&"#"&(D65-1)) | AD65: =IF(A65="","",IFERROR(INDEX(前日確定!$X$26:$X$45,MATCH(A65,前日確定!$B$26:$B$45,0)),""))
B66: =IF(A66="","",IFERROR(INDEX(前日確定!$C$26:$C$45,MATCH(A66,前日確定!$B$26:$B$45,0)),"作業が見つかりません")) | C66: =IF(A66="","",IFERROR(INDEX(前日確定!$D$26:$D$45,MATCH(A66,前日確定!$B$26:$B$45,0)),"")) | D66: =IF(B66="","",COUNTIF(B$26:B66,B66)) | E66: =IF(A66="","",IFERROR(IF(INDEX(前日確定!$Y$26:$Y$45,MATCH(A66,前日確定!$B$26:$B$45,0))="","",INDEX(前日確定!$Y$26:$Y$45,MATCH(A66,前日確定!$B$26:$B$45,0))),"")) | F66: =IF(A66="","",IFERROR(INDEX(前日確定!$R$26:$R$45,MATCH(A66,前日確定!$B$26:$B$45,0)),"")) | I66: =IF(A66="","",IF(D66=1,E66,IFERROR(INDEX($AA$26:$AA$65,MATCH(AC66,$Z$26:$Z$65,0)),""))) | K66: =IF(A66="","",IF(D66=1,F66,IFERROR(INDEX($AB$26:$AB$65,MATCH(AC66,$Z$26:$Z$65,0)),""))) | Z66: =IF(B66="","",B66&"#"&D66) | AA66: =IF(A66="","",IF(J66="",I66,IF(J66<1,AD66+J66,J66))) | AB66: =IF(A66="","",IF(COUNTA(L66:Q66)=0,K66,_xlfn.TEXTJOIN("・",TRUE(),L66:Q66))) | AC66: =IF(B66="","",B66&"#"&(D66-1)) | AD66: =IF(A66="","",IFERROR(INDEX(前日確定!$X$26:$X$45,MATCH(A66,前日確定!$B$26:$B$45,0)),""))
B67: =IF(A67="","",IFERROR(INDEX(前日確定!$C$26:$C$45,MATCH(A67,前日確定!$B$26:$B$45,0)),"作業が見つかりません")) | C67: =IF(A67="","",IFERROR(INDEX(前日確定!$D$26:$D$45,MATCH(A67,前日確定!$B$26:$B$45,0)),"")) | D67: =IF(B67="","",COUNTIF(B$26:B67,B67)) | E67: =IF(A67="","",IFERROR(IF(INDEX(前日確定!$Y$26:$Y$45,MATCH(A67,前日確定!$B$26:$B$45,0))="","",INDEX(前日確定!$Y$26:$Y$45,MATCH(A67,前日確定!$B$26:$B$45,0))),"")) | F67: =IF(A67="","",IFERROR(INDEX(前日確定!$R$26:$R$45,MATCH(A67,前日確定!$B$26:$B$45,0)),"")) | I67: =IF(A67="","",IF(D67=1,E67,IFERROR(INDEX($AA$26:$AA$66,MATCH(AC67,$Z$26:$Z$66,0)),""))) | K67: =IF(A67="","",IF(D67=1,F67,IFERROR(INDEX($AB$26:$AB$66,MATCH(AC67,$Z$26:$Z$66,0)),""))) | Z67: =IF(B67="","",B67&"#"&D67) | AA67: =IF(A67="","",IF(J67="",I67,IF(J67<1,AD67+J67,J67))) | AB67: =IF(A67="","",IF(COUNTA(L67:Q67)=0,K67,_xlfn.TEXTJOIN("・",TRUE(),L67:Q67))) | AC67: =IF(B67="","",B67&"#"&(D67-1)) | AD67: =IF(A67="","",IFERROR(INDEX(前日確定!$X$26:$X$45,MATCH(A67,前日確定!$B$26:$B$45,0)),""))
B68: =IF(A68="","",IFERROR(INDEX(前日確定!$C$26:$C$45,MATCH(A68,前日確定!$B$26:$B$45,0)),"作業が見つかりません")) | C68: =IF(A68="","",IFERROR(INDEX(前日確定!$D$26:$D$45,MATCH(A68,前日確定!$B$26:$B$45,0)),"")) | D68: =IF(B68="","",COUNTIF(B$26:B68,B68)) | E68: =IF(A68="","",IFERROR(IF(INDEX(前日確定!$Y$26:$Y$45,MATCH(A68,前日確定!$B$26:$B$45,0))="","",INDEX(前日確定!$Y$26:$Y$45,MATCH(A68,前日確定!$B$26:$B$45,0))),"")) | F68: =IF(A68="","",IFERROR(INDEX(前日確定!$R$26:$R$45,MATCH(A68,前日確定!$B$26:$B$45,0)),"")) | I68: =IF(A68="","",IF(D68=1,E68,IFERROR(INDEX($AA$26:$AA$67,MATCH(AC68,$Z$26:$Z$67,0)),""))) | K68: =IF(A68="","",IF(D68=1,F68,IFERROR(INDEX($AB$26:$AB$67,MATCH(AC68,$Z$26:$Z$67,0)),""))) | Z68: =IF(B68="","",B68&"#"&D68) | AA68: =IF(A68="","",IF(J68="",I68,IF(J68<1,AD68+J68,J68))) | AB68: =IF(A68="","",IF(COUNTA(L68:Q68)=0,K68,_xlfn.TEXTJOIN("・",TRUE(),L68:Q68))) | AC68: =IF(B68="","",B68&"#"&(D68-1)) | AD68: =IF(A68="","",IFERROR(INDEX(前日確定!$X$26:$X$45,MATCH(A68,前日確定!$B$26:$B$45,0)),""))
B69: =IF(A69="","",IFERROR(INDEX(前日確定!$C$26:$C$45,MATCH(A69,前日確定!$B$26:$B$45,0)),"作業が見つかりません")) | C69: =IF(A69="","",IFERROR(INDEX(前日確定!$D$26:$D$45,MATCH(A69,前日確定!$B$26:$B$45,0)),"")) | D69: =IF(B69="","",COUNTIF(B$26:B69,B69)) | E69: =IF(A69="","",IFERROR(IF(INDEX(前日確定!$Y$26:$Y$45,MATCH(A69,前日確定!$B$26:$B$45,0))="","",INDEX(前日確定!$Y$26:$Y$45,MATCH(A69,前日確定!$B$26:$B$45,0))),"")) | F69: =IF(A69="","",IFERROR(INDEX(前日確定!$R$26:$R$45,MATCH(A69,前日確定!$B$26:$B$45,0)),"")) | I69: =IF(A69="","",IF(D69=1,E69,IFERROR(INDEX($AA$26:$AA$68,MATCH(AC69,$Z$26:$Z$68,0)),""))) | K69: =IF(A69="","",IF(D69=1,F69,IFERROR(INDEX($AB$26:$AB$68,MATCH(AC69,$Z$26:$Z$68,0)),""))) | Z69: =IF(B69="","",B69&"#"&D69) | AA69: =IF(A69="","",IF(J69="",I69,IF(J69<1,AD69+J69,J69))) | AB69: =IF(A69="","",IF(COUNTA(L69:Q69)=0,K69,_xlfn.TEXTJOIN("・",TRUE(),L69:Q69))) | AC69: =IF(B69="","",B69&"#"&(D69-1)) | AD69: =IF(A69="","",IFERROR(INDEX(前日確定!$X$26:$X$45,MATCH(A69,前日確定!$B$26:$B$45,0)),""))
B70: =IF(A70="","",IFERROR(INDEX(前日確定!$C$26:$C$45,MATCH(A70,前日確定!$B$26:$B$45,0)),"作業が見つかりません")) | C70: =IF(A70="","",IFERROR(INDEX(前日確定!$D$26:$D$45,MATCH(A70,前日確定!$B$26:$B$45,0)),"")) | D70: =IF(B70="","",COUNTIF(B$26:B70,B70)) | E70: =IF(A70="","",IFERROR(IF(INDEX(前日確定!$Y$26:$Y$45,MATCH(A70,前日確定!$B$26:$B$45,0))="","",INDEX(前日確定!$Y$26:$Y$45,MATCH(A70,前日確定!$B$26:$B$45,0))),"")) | F70: =IF(A70="","",IFERROR(INDEX(前日確定!$R$26:$R$45,MATCH(A70,前日確定!$B$26:$B$45,0)),"")) | I70: =IF(A70="","",IF(D70=1,E70,IFERROR(INDEX($AA$26:$AA$69,MATCH(AC70,$Z$26:$Z$69,0)),""))) | K70: =IF(A70="","",IF(D70=1,F70,IFERROR(INDEX($AB$26:$AB$69,MATCH(AC70,$Z$26:$Z$69,0)),""))) | Z70: =IF(B70="","",B70&"#"&D70) | AA70: =IF(A70="","",IF(J70="",I70,IF(J70<1,AD70+J70,J70))) | AB70: =IF(A70="","",IF(COUNTA(L70:Q70)=0,K70,_xlfn.TEXTJOIN("・",TRUE(),L70:Q70))) | AC70: =IF(B70="","",B70&"#"&(D70-1)) | AD70: =IF(A70="","",IFERROR(INDEX(前日確定!$X$26:$X$45,MATCH(A70,前日確定!$B$26:$B$45,0)),""))
B71: =IF(A71="","",IFERROR(INDEX(前日確定!$C$26:$C$45,MATCH(A71,前日確定!$B$26:$B$45,0)),"作業が見つかりません")) | C71: =IF(A71="","",IFERROR(INDEX(前日確定!$D$26:$D$45,MATCH(A71,前日確定!$B$26:$B$45,0)),"")) | D71: =IF(B71="","",COUNTIF(B$26:B71,B71)) | E71: =IF(A71="","",IFERROR(IF(INDEX(前日確定!$Y$26:$Y$45,MATCH(A71,前日確定!$B$26:$B$45,0))="","",INDEX(前日確定!$Y$26:$Y$45,MATCH(A71,前日確定!$B$26:$B$45,0))),"")) | F71: =IF(A71="","",IFERROR(INDEX(前日確定!$R$26:$R$45,MATCH(A71,前日確定!$B$26:$B$45,0)),"")) | I71: =IF(A71="","",IF(D71=1,E71,IFERROR(INDEX($AA$26:$AA$70,MATCH(AC71,$Z$26:$Z$70,0)),""))) | K71: =IF(A71="","",IF(D71=1,F71,IFERROR(INDEX($AB$26:$AB$70,MATCH(AC71,$Z$26:$Z$70,0)),""))) | Z71: =IF(B71="","",B71&"#"&D71) | AA71: =IF(A71="","",IF(J71="",I71,IF(J71<1,AD71+J71,J71))) | AB71: =IF(A71="","",IF(COUNTA(L71:Q71)=0,K71,_xlfn.TEXTJOIN("・",TRUE(),L71:Q71))) | AC71: =IF(B71="","",B71&"#"&(D71-1)) | AD71: =IF(A71="","",IFERROR(INDEX(前日確定!$X$26:$X$45,MATCH(A71,前日確定!$B$26:$B$45,0)),""))
B72: =IF(A72="","",IFERROR(INDEX(前日確定!$C$26:$C$45,MATCH(A72,前日確定!$B$26:$B$45,0)),"作業が見つかりません")) | C72: =IF(A72="","",IFERROR(INDEX(前日確定!$D$26:$D$45,MATCH(A72,前日確定!$B$26:$B$45,0)),"")) | D72: =IF(B72="","",COUNTIF(B$26:B72,B72)) | E72: =IF(A72="","",IFERROR(IF(INDEX(前日確定!$Y$26:$Y$45,MATCH(A72,前日確定!$B$26:$B$45,0))="","",INDEX(前日確定!$Y$26:$Y$45,MATCH(A72,前日確定!$B$26:$B$45,0))),"")) | F72: =IF(A72="","",IFERROR(INDEX(前日確定!$R$26:$R$45,MATCH(A72,前日確定!$B$26:$B$45,0)),"")) | I72: =IF(A72="","",IF(D72=1,E72,IFERROR(INDEX($AA$26:$AA$71,MATCH(AC72,$Z$26:$Z$71,0)),""))) | K72: =IF(A72="","",IF(D72=1,F72,IFERROR(INDEX($AB$26:$AB$71,MATCH(AC72,$Z$26:$Z$71,0)),""))) | Z72: =IF(B72="","",B72&"#"&D72) | AA72: =IF(A72="","",IF(J72="",I72,IF(J72<1,AD72+J72,J72))) | AB72: =IF(A72="","",IF(COUNTA(L72:Q72)=0,K72,_xlfn.TEXTJOIN("・",TRUE(),L72:Q72))) | AC72: =IF(B72="","",B72&"#"&(D72-1)) | AD72: =IF(A72="","",IFERROR(INDEX(前日確定!$X$26:$X$45,MATCH(A72,前日確定!$B$26:$B$45,0)),""))
B73: =IF(A73="","",IFERROR(INDEX(前日確定!$C$26:$C$45,MATCH(A73,前日確定!$B$26:$B$45,0)),"作業が見つかりません")) | C73: =IF(A73="","",IFERROR(INDEX(前日確定!$D$26:$D$45,MATCH(A73,前日確定!$B$26:$B$45,0)),"")) | D73: =IF(B73="","",COUNTIF(B$26:B73,B73)) | E73: =IF(A73="","",IFERROR(IF(INDEX(前日確定!$Y$26:$Y$45,MATCH(A73,前日確定!$B$26:$B$45,0))="","",INDEX(前日確定!$Y$26:$Y$45,MATCH(A73,前日確定!$B$26:$B$45,0))),"")) | F73: =IF(A73="","",IFERROR(INDEX(前日確定!$R$26:$R$45,MATCH(A73,前日確定!$B$26:$B$45,0)),"")) | I73: =IF(A73="","",IF(D73=1,E73,IFERROR(INDEX($AA$26:$AA$72,MATCH(AC73,$Z$26:$Z$72,0)),""))) | K73: =IF(A73="","",IF(D73=1,F73,IFERROR(INDEX($AB$26:$AB$72,MATCH(AC73,$Z$26:$Z$72,0)),""))) | Z73: =IF(B73="","",B73&"#"&D73) | AA73: =IF(A73="","",IF(J73="",I73,IF(J73<1,AD73+J73,J73))) | AB73: =IF(A73="","",IF(COUNTA(L73:Q73)=0,K73,_xlfn.TEXTJOIN("・",TRUE(),L73:Q73))) | AC73: =IF(B73="","",B73&"#"&(D73-1)) | AD73: =IF(A73="","",IFERROR(INDEX(前日確定!$X$26:$X$45,MATCH(A73,前日確定!$B$26:$B$45,0)),""))
B74: =IF(A74="","",IFERROR(INDEX(前日確定!$C$26:$C$45,MATCH(A74,前日確定!$B$26:$B$45,0)),"作業が見つかりません")) | C74: =IF(A74="","",IFERROR(INDEX(前日確定!$D$26:$D$45,MATCH(A74,前日確定!$B$26:$B$45,0)),"")) | D74: =IF(B74="","",COUNTIF(B$26:B74,B74)) | E74: =IF(A74="","",IFERROR(IF(INDEX(前日確定!$Y$26:$Y$45,MATCH(A74,前日確定!$B$26:$B$45,0))="","",INDEX(前日確定!$Y$26:$Y$45,MATCH(A74,前日確定!$B$26:$B$45,0))),"")) | F74: =IF(A74="","",IFERROR(INDEX(前日確定!$R$26:$R$45,MATCH(A74,前日確定!$B$26:$B$45,0)),"")) | I74: =IF(A74="","",IF(D74=1,E74,IFERROR(INDEX($AA$26:$AA$73,MATCH(AC74,$Z$26:$Z$73,0)),""))) | K74: =IF(A74="","",IF(D74=1,F74,IFERROR(INDEX($AB$26:$AB$73,MATCH(AC74,$Z$26:$Z$73,0)),""))) | Z74: =IF(B74="","",B74&"#"&D74) | AA74: =IF(A74="","",IF(J74="",I74,IF(J74<1,AD74+J74,J74))) | AB74: =IF(A74="","",IF(COUNTA(L74:Q74)=0,K74,_xlfn.TEXTJOIN("・",TRUE(),L74:Q74))) | AC74: =IF(B74="","",B74&"#"&(D74-1)) | AD74: =IF(A74="","",IFERROR(INDEX(前日確定!$X$26:$X$45,MATCH(A74,前日確定!$B$26:$B$45,0)),""))
B75: =IF(A75="","",IFERROR(INDEX(前日確定!$C$26:$C$45,MATCH(A75,前日確定!$B$26:$B$45,0)),"作業が見つかりません")) | C75: =IF(A75="","",IFERROR(INDEX(前日確定!$D$26:$D$45,MATCH(A75,前日確定!$B$26:$B$45,0)),"")) | D75: =IF(B75="","",COUNTIF(B$26:B75,B75)) | E75: =IF(A75="","",IFERROR(IF(INDEX(前日確定!$Y$26:$Y$45,MATCH(A75,前日確定!$B$26:$B$45,0))="","",INDEX(前日確定!$Y$26:$Y$45,MATCH(A75,前日確定!$B$26:$B$45,0))),"")) | F75: =IF(A75="","",IFERROR(INDEX(前日確定!$R$26:$R$45,MATCH(A75,前日確定!$B$26:$B$45,0)),"")) | I75: =IF(A75="","",IF(D75=1,E75,IFERROR(INDEX($AA$26:$AA$74,MATCH(AC75,$Z$26:$Z$74,0)),""))) | K75: =IF(A75="","",IF(D75=1,F75,IFERROR(INDEX($AB$26:$AB$74,MATCH(AC75,$Z$26:$Z$74,0)),""))) | Z75: =IF(B75="","",B75&"#"&D75) | AA75: =IF(A75="","",IF(J75="",I75,IF(J75<1,AD75+J75,J75))) | AB75: =IF(A75="","",IF(COUNTA(L75:Q75)=0,K75,_xlfn.TEXTJOIN("・",TRUE(),L75:Q75))) | AC75: =IF(B75="","",B75&"#"&(D75-1)) | AD75: =IF(A75="","",IFERROR(INDEX(前日確定!$X$26:$X$45,MATCH(A75,前日確定!$B$26:$B$45,0)),""))
B76: =IF(A76="","",IFERROR(INDEX(前日確定!$C$26:$C$45,MATCH(A76,前日確定!$B$26:$B$45,0)),"作業が見つかりません")) | C76: =IF(A76="","",IFERROR(INDEX(前日確定!$D$26:$D$45,MATCH(A76,前日確定!$B$26:$B$45,0)),"")) | D76: =IF(B76="","",COUNTIF(B$26:B76,B76)) | E76: =IF(A76="","",IFERROR(IF(INDEX(前日確定!$Y$26:$Y$45,MATCH(A76,前日確定!$B$26:$B$45,0))="","",INDEX(前日確定!$Y$26:$Y$45,MATCH(A76,前日確定!$B$26:$B$45,0))),"")) | F76: =IF(A76="","",IFERROR(INDEX(前日確定!$R$26:$R$45,MATCH(A76,前日確定!$B$26:$B$45,0)),"")) | I76: =IF(A76="","",IF(D76=1,E76,IFERROR(INDEX($AA$26:$AA$75,MATCH(AC76,$Z$26:$Z$75,0)),""))) | K76: =IF(A76="","",IF(D76=1,F76,IFERROR(INDEX($AB$26:$AB$75,MATCH(AC76,$Z$26:$Z$75,0)),""))) | Z76: =IF(B76="","",B76&"#"&D76) | AA76: =IF(A76="","",IF(J76="",I76,IF(J76<1,AD76+J76,J76))) | AB76: =IF(A76="","",IF(COUNTA(L76:Q76)=0,K76,_xlfn.TEXTJOIN("・",TRUE(),L76:Q76))) | AC76: =IF(B76="","",B76&"#"&(D76-1)) | AD76: =IF(A76="","",IFERROR(INDEX(前日確定!$X$26:$X$45,MATCH(A76,前日確定!$B$26:$B$45,0)),""))
B77: =IF(A77="","",IFERROR(INDEX(前日確定!$C$26:$C$45,MATCH(A77,前日確定!$B$26:$B$45,0)),"作業が見つかりません")) | C77: =IF(A77="","",IFERROR(INDEX(前日確定!$D$26:$D$45,MATCH(A77,前日確定!$B$26:$B$45,0)),"")) | D77: =IF(B77="","",COUNTIF(B$26:B77,B77)) | E77: =IF(A77="","",IFERROR(IF(INDEX(前日確定!$Y$26:$Y$45,MATCH(A77,前日確定!$B$26:$B$45,0))="","",INDEX(前日確定!$Y$26:$Y$45,MATCH(A77,前日確定!$B$26:$B$45,0))),"")) | F77: =IF(A77="","",IFERROR(INDEX(前日確定!$R$26:$R$45,MATCH(A77,前日確定!$B$26:$B$45,0)),"")) | I77: =IF(A77="","",IF(D77=1,E77,IFERROR(INDEX($AA$26:$AA$76,MATCH(AC77,$Z$26:$Z$76,0)),""))) | K77: =IF(A77="","",IF(D77=1,F77,IFERROR(INDEX($AB$26:$AB$76,MATCH(AC77,$Z$26:$Z$76,0)),""))) | Z77: =IF(B77="","",B77&"#"&D77) | AA77: =IF(A77="","",IF(J77="",I77,IF(J77<1,AD77+J77,J77))) | AB77: =IF(A77="","",IF(COUNTA(L77:Q77)=0,K77,_xlfn.TEXTJOIN("・",TRUE(),L77:Q77))) | AC77: =IF(B77="","",B77&"#"&(D77-1)) | AD77: =IF(A77="","",IFERROR(INDEX(前日確定!$X$26:$X$45,MATCH(A77,前日確定!$B$26:$B$45,0)),""))
B78: =IF(A78="","",IFERROR(INDEX(前日確定!$C$26:$C$45,MATCH(A78,前日確定!$B$26:$B$45,0)),"作業が見つかりません")) | C78: =IF(A78="","",IFERROR(INDEX(前日確定!$D$26:$D$45,MATCH(A78,前日確定!$B$26:$B$45,0)),"")) | D78: =IF(B78="","",COUNTIF(B$26:B78,B78)) | E78: =IF(A78="","",IFERROR(IF(INDEX(前日確定!$Y$26:$Y$45,MATCH(A78,前日確定!$B$26:$B$45,0))="","",INDEX(前日確定!$Y$26:$Y$45,MATCH(A78,前日確定!$B$26:$B$45,0))),"")) | F78: =IF(A78="","",IFERROR(INDEX(前日確定!$R$26:$R$45,MATCH(A78,前日確定!$B$26:$B$45,0)),"")) | I78: =IF(A78="","",IF(D78=1,E78,IFERROR(INDEX($AA$26:$AA$77,MATCH(AC78,$Z$26:$Z$77,0)),""))) | K78: =IF(A78="","",IF(D78=1,F78,IFERROR(INDEX($AB$26:$AB$77,MATCH(AC78,$Z$26:$Z$77,0)),""))) | Z78: =IF(B78="","",B78&"#"&D78) | AA78: =IF(A78="","",IF(J78="",I78,IF(J78<1,AD78+J78,J78))) | AB78: =IF(A78="","",IF(COUNTA(L78:Q78)=0,K78,_xlfn.TEXTJOIN("・",TRUE(),L78:Q78))) | AC78: =IF(B78="","",B78&"#"&(D78-1)) | AD78: =IF(A78="","",IFERROR(INDEX(前日確定!$X$26:$X$45,MATCH(A78,前日確定!$B$26:$B$45,0)),""))
B79: =IF(A79="","",IFERROR(INDEX(前日確定!$C$26:$C$45,MATCH(A79,前日確定!$B$26:$B$45,0)),"作業が見つかりません")) | C79: =IF(A79="","",IFERROR(INDEX(前日確定!$D$26:$D$45,MATCH(A79,前日確定!$B$26:$B$45,0)),"")) | D79: =IF(B79="","",COUNTIF(B$26:B79,B79)) | E79: =IF(A79="","",IFERROR(IF(INDEX(前日確定!$Y$26:$Y$45,MATCH(A79,前日確定!$B$26:$B$45,0))="","",INDEX(前日確定!$Y$26:$Y$45,MATCH(A79,前日確定!$B$26:$B$45,0))),"")) | F79: =IF(A79="","",IFERROR(INDEX(前日確定!$R$26:$R$45,MATCH(A79,前日確定!$B$26:$B$45,0)),"")) | I79: =IF(A79="","",IF(D79=1,E79,IFERROR(INDEX($AA$26:$AA$78,MATCH(AC79,$Z$26:$Z$78,0)),""))) | K79: =IF(A79="","",IF(D79=1,F79,IFERROR(INDEX($AB$26:$AB$78,MATCH(AC79,$Z$26:$Z$78,0)),""))) | Z79: =IF(B79="","",B79&"#"&D79) | AA79: =IF(A79="","",IF(J79="",I79,IF(J79<1,AD79+J79,J79))) | AB79: =IF(A79="","",IF(COUNTA(L79:Q79)=0,K79,_xlfn.TEXTJOIN("・",TRUE(),L79:Q79))) | AC79: =IF(B79="","",B79&"#"&(D79-1)) | AD79: =IF(A79="","",IFERROR(INDEX(前日確定!$X$26:$X$45,MATCH(A79,前日確定!$B$26:$B$45,0)),""))
B80: =IF(A80="","",IFERROR(INDEX(前日確定!$C$26:$C$45,MATCH(A80,前日確定!$B$26:$B$45,0)),"作業が見つかりません")) | C80: =IF(A80="","",IFERROR(INDEX(前日確定!$D$26:$D$45,MATCH(A80,前日確定!$B$26:$B$45,0)),"")) | D80: =IF(B80="","",COUNTIF(B$26:B80,B80)) | E80: =IF(A80="","",IFERROR(IF(INDEX(前日確定!$Y$26:$Y$45,MATCH(A80,前日確定!$B$26:$B$45,0))="","",INDEX(前日確定!$Y$26:$Y$45,MATCH(A80,前日確定!$B$26:$B$45,0))),"")) | F80: =IF(A80="","",IFERROR(INDEX(前日確定!$R$26:$R$45,MATCH(A80,前日確定!$B$26:$B$45,0)),"")) | I80: =IF(A80="","",IF(D80=1,E80,IFERROR(INDEX($AA$26:$AA$79,MATCH(AC80,$Z$26:$Z$79,0)),""))) | K80: =IF(A80="","",IF(D80=1,F80,IFERROR(INDEX($AB$26:$AB$79,MATCH(AC80,$Z$26:$Z$79,0)),""))) | Z80: =IF(B80="","",B80&"#"&D80) | AA80: =IF(A80="","",IF(J80="",I80,IF(J80<1,AD80+J80,J80))) | AB80: =IF(A80="","",IF(COUNTA(L80:Q80)=0,K80,_xlfn.TEXTJOIN("・",TRUE(),L80:Q80))) | AC80: =IF(B80="","",B80&"#"&(D80-1)) | AD80: =IF(A80="","",IFERROR(INDEX(前日確定!$X$26:$X$45,MATCH(A80,前日確定!$B$26:$B$45,0)),""))
B81: =IF(A81="","",IFERROR(INDEX(前日確定!$C$26:$C$45,MATCH(A81,前日確定!$B$26:$B$45,0)),"作業が見つかりません")) | C81: =IF(A81="","",IFERROR(INDEX(前日確定!$D$26:$D$45,MATCH(A81,前日確定!$B$26:$B$45,0)),"")) | D81: =IF(B81="","",COUNTIF(B$26:B81,B81)) | E81: =IF(A81="","",IFERROR(IF(INDEX(前日確定!$Y$26:$Y$45,MATCH(A81,前日確定!$B$26:$B$45,0))="","",INDEX(前日確定!$Y$26:$Y$45,MATCH(A81,前日確定!$B$26:$B$45,0))),"")) | F81: =IF(A81="","",IFERROR(INDEX(前日確定!$R$26:$R$45,MATCH(A81,前日確定!$B$26:$B$45,0)),"")) | I81: =IF(A81="","",IF(D81=1,E81,IFERROR(INDEX($AA$26:$AA$80,MATCH(AC81,$Z$26:$Z$80,0)),""))) | K81: =IF(A81="","",IF(D81=1,F81,IFERROR(INDEX($AB$26:$AB$80,MATCH(AC81,$Z$26:$Z$80,0)),""))) | Z81: =IF(B81="","",B81&"#"&D81) | AA81: =IF(A81="","",IF(J81="",I81,IF(J81<1,AD81+J81,J81))) | AB81: =IF(A81="","",IF(COUNTA(L81:Q81)=0,K81,_xlfn.TEXTJOIN("・",TRUE(),L81:Q81))) | AC81: =IF(B81="","",B81&"#"&(D81-1)) | AD81: =IF(A81="","",IFERROR(INDEX(前日確定!$X$26:$X$45,MATCH(A81,前日確定!$B$26:$B$45,0)),""))
B82: =IF(A82="","",IFERROR(INDEX(前日確定!$C$26:$C$45,MATCH(A82,前日確定!$B$26:$B$45,0)),"作業が見つかりません")) | C82: =IF(A82="","",IFERROR(INDEX(前日確定!$D$26:$D$45,MATCH(A82,前日確定!$B$26:$B$45,0)),"")) | D82: =IF(B82="","",COUNTIF(B$26:B82,B82)) | E82: =IF(A82="","",IFERROR(IF(INDEX(前日確定!$Y$26:$Y$45,MATCH(A82,前日確定!$B$26:$B$45,0))="","",INDEX(前日確定!$Y$26:$Y$45,MATCH(A82,前日確定!$B$26:$B$45,0))),"")) | F82: =IF(A82="","",IFERROR(INDEX(前日確定!$R$26:$R$45,MATCH(A82,前日確定!$B$26:$B$45,0)),"")) | I82: =IF(A82="","",IF(D82=1,E82,IFERROR(INDEX($AA$26:$AA$81,MATCH(AC82,$Z$26:$Z$81,0)),""))) | K82: =IF(A82="","",IF(D82=1,F82,IFERROR(INDEX($AB$26:$AB$81,MATCH(AC82,$Z$26:$Z$81,0)),""))) | Z82: =IF(B82="","",B82&"#"&D82) | AA82: =IF(A82="","",IF(J82="",I82,IF(J82<1,AD82+J82,J82))) | AB82: =IF(A82="","",IF(COUNTA(L82:Q82)=0,K82,_xlfn.TEXTJOIN("・",TRUE(),L82:Q82))) | AC82: =IF(B82="","",B82&"#"&(D82-1)) | AD82: =IF(A82="","",IFERROR(INDEX(前日確定!$X$26:$X$45,MATCH(A82,前日確定!$B$26:$B$45,0)),""))
B83: =IF(A83="","",IFERROR(INDEX(前日確定!$C$26:$C$45,MATCH(A83,前日確定!$B$26:$B$45,0)),"作業が見つかりません")) | C83: =IF(A83="","",IFERROR(INDEX(前日確定!$D$26:$D$45,MATCH(A83,前日確定!$B$26:$B$45,0)),"")) | D83: =IF(B83="","",COUNTIF(B$26:B83,B83)) | E83: =IF(A83="","",IFERROR(IF(INDEX(前日確定!$Y$26:$Y$45,MATCH(A83,前日確定!$B$26:$B$45,0))="","",INDEX(前日確定!$Y$26:$Y$45,MATCH(A83,前日確定!$B$26:$B$45,0))),"")) | F83: =IF(A83="","",IFERROR(INDEX(前日確定!$R$26:$R$45,MATCH(A83,前日確定!$B$26:$B$45,0)),"")) | I83: =IF(A83="","",IF(D83=1,E83,IFERROR(INDEX($AA$26:$AA$82,MATCH(AC83,$Z$26:$Z$82,0)),""))) | K83: =IF(A83="","",IF(D83=1,F83,IFERROR(INDEX($AB$26:$AB$82,MATCH(AC83,$Z$26:$Z$82,0)),""))) | Z83: =IF(B83="","",B83&"#"&D83) | AA83: =IF(A83="","",IF(J83="",I83,IF(J83<1,AD83+J83,J83))) | AB83: =IF(A83="","",IF(COUNTA(L83:Q83)=0,K83,_xlfn.TEXTJOIN("・",TRUE(),L83:Q83))) | AC83: =IF(B83="","",B83&"#"&(D83-1)) | AD83: =IF(A83="","",IFERROR(INDEX(前日確定!$X$26:$X$45,MATCH(A83,前日確定!$B$26:$B$45,0)),""))
B84: =IF(A84="","",IFERROR(INDEX(前日確定!$C$26:$C$45,MATCH(A84,前日確定!$B$26:$B$45,0)),"作業が見つかりません")) | C84: =IF(A84="","",IFERROR(INDEX(前日確定!$D$26:$D$45,MATCH(A84,前日確定!$B$26:$B$45,0)),"")) | D84: =IF(B84="","",COUNTIF(B$26:B84,B84)) | E84: =IF(A84="","",IFERROR(IF(INDEX(前日確定!$Y$26:$Y$45,MATCH(A84,前日確定!$B$26:$B$45,0))="","",INDEX(前日確定!$Y$26:$Y$45,MATCH(A84,前日確定!$B$26:$B$45,0))),"")) | F84: =IF(A84="","",IFERROR(INDEX(前日確定!$R$26:$R$45,MATCH(A84,前日確定!$B$26:$B$45,0)),"")) | I84: =IF(A84="","",IF(D84=1,E84,IFERROR(INDEX($AA$26:$AA$83,MATCH(AC84,$Z$26:$Z$83,0)),""))) | K84: =IF(A84="","",IF(D84=1,F84,IFERROR(INDEX($AB$26:$AB$83,MATCH(AC84,$Z$26:$Z$83,0)),""))) | Z84: =IF(B84="","",B84&"#"&D84) | AA84: =IF(A84="","",IF(J84="",I84,IF(J84<1,AD84+J84,J84))) | AB84: =IF(A84="","",IF(COUNTA(L84:Q84)=0,K84,_xlfn.TEXTJOIN("・",TRUE(),L84:Q84))) | AC84: =IF(B84="","",B84&"#"&(D84-1)) | AD84: =IF(A84="","",IFERROR(INDEX(前日確定!$X$26:$X$45,MATCH(A84,前日確定!$B$26:$B$45,0)),""))
B85: =IF(A85="","",IFERROR(INDEX(前日確定!$C$26:$C$45,MATCH(A85,前日確定!$B$26:$B$45,0)),"作業が見つかりません")) | C85: =IF(A85="","",IFERROR(INDEX(前日確定!$D$26:$D$45,MATCH(A85,前日確定!$B$26:$B$45,0)),"")) | D85: =IF(B85="","",COUNTIF(B$26:B85,B85)) | E85: =IF(A85="","",IFERROR(IF(INDEX(前日確定!$Y$26:$Y$45,MATCH(A85,前日確定!$B$26:$B$45,0))="","",INDEX(前日確定!$Y$26:$Y$45,MATCH(A85,前日確定!$B$26:$B$45,0))),"")) | F85: =IF(A85="","",IFERROR(INDEX(前日確定!$R$26:$R$45,MATCH(A85,前日確定!$B$26:$B$45,0)),"")) | I85: =IF(A85="","",IF(D85=1,E85,IFERROR(INDEX($AA$26:$AA$84,MATCH(AC85,$Z$26:$Z$84,0)),""))) | K85: =IF(A85="","",IF(D85=1,F85,IFERROR(INDEX($AB$26:$AB$84,MATCH(AC85,$Z$26:$Z$84,0)),""))) | Z85: =IF(B85="","",B85&"#"&D85) | AA85: =IF(A85="","",IF(J85="",I85,IF(J85<1,AD85+J85,J85))) | AB85: =IF(A85="","",IF(COUNTA(L85:Q85)=0,K85,_xlfn.TEXTJOIN("・",TRUE(),L85:Q85))) | AC85: =IF(B85="","",B85&"#"&(D85-1)) | AD85: =IF(A85="","",IFERROR(INDEX(前日確定!$X$26:$X$45,MATCH(A85,前日確定!$B$26:$B$45,0)),""))

Sheet 入渠
A1: 入渠（作業に使えない期間）
A2: 誰が：上田（製鉄曳船）・西日本海運担当者（西日本海運）、他社は分かる範囲 何を見て：入渠の記録 どこへ：A6から1隻・1回ごとに1行
A3: 集計先：「集計」の入渠で使えない船数・供給可能船の確認
A5: 船名【入力・選択】 | B5: 会社【自動】 | C5: 入渠開始日【入力】 | D5: 作業復帰日【入力】 | E5: 情報元【入力】 | F5: 確認状況【入力・選択】 | G5: 対象日に使えない【自動】 | H5: 集計船名【自動】
B6: =IF(A6="","",IFERROR(IF(IFERROR(INDEX(マスター!$C$6:$C$125,MATCH(A6,マスター!$N$6:$N$125,0)),NA())="","未確認",IFERROR(INDEX(マスター!$C$6:$C$125,MATCH(A6,マスター!$N$6:$N$125,0)),NA())),"マスター未登録")) | G6: =IF(OR(A6="",C6=""),"",IF(AND(集計!$C$5>=C6,OR(D6="",集計!$C$5<D6)),"○","")) | H6: =IF(A6="","",IFERROR(INDEX(マスター!$K$6:$K$125,MATCH(A6,マスター!$N$6:$N$125,0)),A6))
B7: =IF(A7="","",IFERROR(IF(IFERROR(INDEX(マスター!$C$6:$C$125,MATCH(A7,マスター!$N$6:$N$125,0)),NA())="","未確認",IFERROR(INDEX(マスター!$C$6:$C$125,MATCH(A7,マスター!$N$6:$N$125,0)),NA())),"マスター未登録")) | G7: =IF(OR(A7="",C7=""),"",IF(AND(集計!$C$5>=C7,OR(D7="",集計!$C$5<D7)),"○","")) | H7: =IF(A7="","",IFERROR(INDEX(マスター!$K$6:$K$125,MATCH(A7,マスター!$N$6:$N$125,0)),A7))
B8: =IF(A8="","",IFERROR(IF(IFERROR(INDEX(マスター!$C$6:$C$125,MATCH(A8,マスター!$N$6:$N$125,0)),NA())="","未確認",IFERROR(INDEX(マスター!$C$6:$C$125,MATCH(A8,マスター!$N$6:$N$125,0)),NA())),"マスター未登録")) | G8: =IF(OR(A8="",C8=""),"",IF(AND(集計!$C$5>=C8,OR(D8="",集計!$C$5<D8)),"○","")) | H8: =IF(A8="","",IFERROR(INDEX(マスター!$K$6:$K$125,MATCH(A8,マスター!$N$6:$N$125,0)),A8))
B9: =IF(A9="","",IFERROR(IF(IFERROR(INDEX(マスター!$C$6:$C$125,MATCH(A9,マスター!$N$6:$N$125,0)),NA())="","未確認",IFERROR(INDEX(マスター!$C$6:$C$125,MATCH(A9,マスター!$N$6:$N$125,0)),NA())),"マスター未登録")) | G9: =IF(OR(A9="",C9=""),"",IF(AND(集計!$C$5>=C9,OR(D9="",集計!$C$5<D9)),"○","")) | H9: =IF(A9="","",IFERROR(INDEX(マスター!$K$6:$K$125,MATCH(A9,マスター!$N$6:$N$125,0)),A9))
B10: =IF(A10="","",IFERROR(IF(IFERROR(INDEX(マスター!$C$6:$C$125,MATCH(A10,マスター!$N$6:$N$125,0)),NA())="","未確認",IFERROR(INDEX(マスター!$C$6:$C$125,MATCH(A10,マスター!$N$6:$N$125,0)),NA())),"マスター未登録")) | G10: =IF(OR(A10="",C10=""),"",IF(AND(集計!$C$5>=C10,OR(D10="",集計!$C$5<D10)),"○","")) | H10: =IF(A10="","",IFERROR(INDEX(マスター!$K$6:$K$125,MATCH(A10,マスター!$N$6:$N$125,0)),A10))
B11: =IF(A11="","",IFERROR(IF(IFERROR(INDEX(マスター!$C$6:$C$125,MATCH(A11,マスター!$N$6:$N$125,0)),NA())="","未確認",IFERROR(INDEX(マスター!$C$6:$C$125,MATCH(A11,マスター!$N$6:$N$125,0)),NA())),"マスター未登録")) | G11: =IF(OR(A11="",C11=""),"",IF(AND(集計!$C$5>=C11,OR(D11="",集計!$C$5<D11)),"○","")) | H11: =IF(A11="","",IFERROR(INDEX(マスター!$K$6:$K$125,MATCH(A11,マスター!$N$6:$N$125,0)),A11))
B12: =IF(A12="","",IFERROR(IF(IFERROR(INDEX(マスター!$C$6:$C$125,MATCH(A12,マスター!$N$6:$N$125,0)),NA())="","未確認",IFERROR(INDEX(マスター!$C$6:$C$125,MATCH(A12,マスター!$N$6:$N$125,0)),NA())),"マスター未登録")) | G12: =IF(OR(A12="",C12=""),"",IF(AND(集計!$C$5>=C12,OR(D12="",集計!$C$5<D12)),"○","")) | H12: =IF(A12="","",IFERROR(INDEX(マスター!$K$6:$K$125,MATCH(A12,マスター!$N$6:$N$125,0)),A12))
B13: =IF(A13="","",IFERROR(IF(IFERROR(INDEX(マスター!$C$6:$C$125,MATCH(A13,マスター!$N$6:$N$125,0)),NA())="","未確認",IFERROR(INDEX(マスター!$C$6:$C$125,MATCH(A13,マスター!$N$6:$N$125,0)),NA())),"マスター未登録")) | G13: =IF(OR(A13="",C13=""),"",IF(AND(集計!$C$5>=C13,OR(D13="",集計!$C$5<D13)),"○","")) | H13: =IF(A13="","",IFERROR(INDEX(マスター!$K$6:$K$125,MATCH(A13,マスター!$N$6:$N$125,0)),A13))
B14: =IF(A14="","",IFERROR(IF(IFERROR(INDEX(マスター!$C$6:$C$125,MATCH(A14,マスター!$N$6:$N$125,0)),NA())="","未確認",IFERROR(INDEX(マスター!$C$6:$C$125,MATCH(A14,マスター!$N$6:$N$125,0)),NA())),"マスター未登録")) | G14: =IF(OR(A14="",C14=""),"",IF(AND(集計!$C$5>=C14,OR(D14="",集計!$C$5<D14)),"○","")) | H14: =IF(A14="","",IFERROR(INDEX(マスター!$K$6:$K$125,MATCH(A14,マスター!$N$6:$N$125,0)),A14))
B15: =IF(A15="","",IFERROR(IF(IFERROR(INDEX(マスター!$C$6:$C$125,MATCH(A15,マスター!$N$6:$N$125,0)),NA())="","未確認",IFERROR(INDEX(マスター!$C$6:$C$125,MATCH(A15,マスター!$N$6:$N$125,0)),NA())),"マスター未登録")) | G15: =IF(OR(A15="",C15=""),"",IF(AND(集計!$C$5>=C15,OR(D15="",集計!$C$5<D15)),"○","")) | H15: =IF(A15="","",IFERROR(INDEX(マスター!$K$6:$K$125,MATCH(A15,マスター!$N$6:$N$125,0)),A15))
B16: =IF(A16="","",IFERROR(IF(IFERROR(INDEX(マスター!$C$6:$C$125,MATCH(A16,マスター!$N$6:$N$125,0)),NA())="","未確認",IFERROR(INDEX(マスター!$C$6:$C$125,MATCH(A16,マスター!$N$6:$N$125,0)),NA())),"マスター未登録")) | G16: =IF(OR(A16="",C16=""),"",IF(AND(集計!$C$5>=C16,OR(D16="",集計!$C$5<D16)),"○","")) | H16: =IF(A16="","",IFERROR(INDEX(マスター!$K$6:$K$125,MATCH(A16,マスター!$N$6:$N$125,0)),A16))
B17: =IF(A17="","",IFERROR(IF(IFERROR(INDEX(マスター!$C$6:$C$125,MATCH(A17,マスター!$N$6:$N$125,0)),NA())="","未確認",IFERROR(INDEX(マスター!$C$6:$C$125,MATCH(A17,マスター!$N$6:$N$125,0)),NA())),"マスター未登録")) | G17: =IF(OR(A17="",C17=""),"",IF(AND(集計!$C$5>=C17,OR(D17="",集計!$C$5<D17)),"○","")) | H17: =IF(A17="","",IFERROR(INDEX(マスター!$K$6:$K$125,MATCH(A17,マスター!$N$6:$N$125,0)),A17))
... B55: =IF(A55="","",IFERROR(IF(IFERROR(INDEX(マスター!$C$6:$C$125,MATCH(A55,マスター!$N$6:$N$125,0)),NA())="","未確認",IFERROR(INDEX(マスター!$C$6:$C$125,MATCH(A55,マスター!$N$6:$N$125,0)),NA())),"マスター未登録")) | G55: =IF(OR(A55="",C55=""),"",IF(AND(集計!$C$5>=C55,OR(D55="",集計!$C$5<D55)),"○","")) | H55: =IF(A55="","",IFERROR(INDEX(マスター!$K$6:$K$125,MATCH(A55,マスター!$N$6:$N$125,0)),A55))

Sheet 他港作業
A1: 他港作業（西日本海運の全他港作業。関豊丸・長豊丸に限定しない）
A2: 誰が：西日本海運担当者 何を見て：西日本海運の作業記録 どこへ：A6から1作業ごとに1行。実時刻が分からない場合は「時刻の確認状況」で区別
A3: 集計先：「集計」の他港作業で拘束された船数・供給可能船の確認
A5: 船名【入力・選択】 | B5: 会社【自動】 | C5: 作業港【入力】 | D5: 基地発日時【入力】 | E5: 基地着日時【入力】 | F5: 時刻の確認状況【入力・選択】 | G5: 情報元【入力】 | H5: 確認者【入力】 | I5: 対象日に拘束【自動】 | J5: 会社の確認【自動】 | K5: 集計船名【自動】 | L5: 基地発（対象日0時からの分）【自動】 | M5: 基地着（分）【自動】
B6: =IF(A6="","",IFERROR(IF(IFERROR(INDEX(マスター!$C$6:$C$125,MATCH(A6,マスター!$N$6:$N$125,0)),NA())="","未確認",IFERROR(INDEX(マスター!$C$6:$C$125,MATCH(A6,マスター!$N$6:$N$125,0)),NA())),"マスター未登録")) | I6: =IF(OR(A6="",D6=""),"",IF(AND(D6<集計!$C$5+1,OR(E6="",E6>集計!$C$5)),"○","")) | J6: =IF(A6="","",IF(B6="西日本海運","","西日本海運以外の船です（確認してください）")) | K6: =IF(A6="","",IFERROR(INDEX(マスター!$K$6:$K$125,MATCH(A6,マスター!$N$6:$N$125,0)),A6)) | L6: =IF(OR(A6="",D6=""),"",ROUND((D6-集計!$C$5)*1440,0)) | M6: =IF(OR(A6="",E6=""),"",ROUND((E6-集計!$C$5)*1440,0))
B7: =IF(A7="","",IFERROR(IF(IFERROR(INDEX(マスター!$C$6:$C$125,MATCH(A7,マスター!$N$6:$N$125,0)),NA())="","未確認",IFERROR(INDEX(マスター!$C$6:$C$125,MATCH(A7,マスター!$N$6:$N$125,0)),NA())),"マスター未登録")) | I7: =IF(OR(A7="",D7=""),"",IF(AND(D7<集計!$C$5+1,OR(E7="",E7>集計!$C$5)),"○","")) | J7: =IF(A7="","",IF(B7="西日本海運","","西日本海運以外の船です（確認してください）")) | K7: =IF(A7="","",IFERROR(INDEX(マスター!$K$6:$K$125,MATCH(A7,マスター!$N$6:$N$125,0)),A7)) | L7: =IF(OR(A7="",D7=""),"",ROUND((D7-集計!$C$5)*1440,0)) | M7: =IF(OR(A7="",E7=""),"",ROUND((E7-集計!$C$5)*1440,0))
B8: =IF(A8="","",IFERROR(IF(IFERROR(INDEX(マスター!$C$6:$C$125,MATCH(A8,マスター!$N$6:$N$125,0)),NA())="","未確認",IFERROR(INDEX(マスター!$C$6:$C$125,MATCH(A8,マスター!$N$6:$N$125,0)),NA())),"マスター未登録")) | I8: =IF(OR(A8="",D8=""),"",IF(AND(D8<集計!$C$5+1,OR(E8="",E8>集計!$C$5)),"○","")) | J8: =IF(A8="","",IF(B8="西日本海運","","西日本海運以外の船です（確認してください）")) | K8: =IF(A8="","",IFERROR(INDEX(マスター!$K$6:$K$125,MATCH(A8,マスター!$N$6:$N$125,0)),A8)) | L8: =IF(OR(A8="",D8=""),"",ROUND((D8-集計!$C$5)*1440,0)) | M8: =IF(OR(A8="",E8=""),"",ROUND((E8-集計!$C$5)*1440,0))
B9: =IF(A9="","",IFERROR(IF(IFERROR(INDEX(マスター!$C$6:$C$125,MATCH(A9,マスター!$N$6:$N$125,0)),NA())="","未確認",IFERROR(INDEX(マスター!$C$6:$C$125,MATCH(A9,マスター!$N$6:$N$125,0)),NA())),"マスター未登録")) | I9: =IF(OR(A9="",D9=""),"",IF(AND(D9<集計!$C$5+1,OR(E9="",E9>集計!$C$5)),"○","")) | J9: =IF(A9="","",IF(B9="西日本海運","","西日本海運以外の船です（確認してください）")) | K9: =IF(A9="","",IFERROR(INDEX(マスター!$K$6:$K$125,MATCH(A9,マスター!$N$6:$N$125,0)),A9)) | L9: =IF(OR(A9="",D9=""),"",ROUND((D9-集計!$C$5)*1440,0)) | M9: =IF(OR(A9="",E9=""),"",ROUND((E9-集計!$C$5)*1440,0))
B10: =IF(A10="","",IFERROR(IF(IFERROR(INDEX(マスター!$C$6:$C$125,MATCH(A10,マスター!$N$6:$N$125,0)),NA())="","未確認",IFERROR(INDEX(マスター!$C$6:$C$125,MATCH(A10,マスター!$N$6:$N$125,0)),NA())),"マスター未登録")) | I10: =IF(OR(A10="",D10=""),"",IF(AND(D10<集計!$C$5+1,OR(E10="",E10>集計!$C$5)),"○","")) | J10: =IF(A10="","",IF(B10="西日本海運","","西日本海運以外の船です（確認してください）")) | K10: =IF(A10="","",IFERROR(INDEX(マスター!$K$6:$K$125,MATCH(A10,マスター!$N$6:$N$125,0)),A10)) | L10: =IF(OR(A10="",D10=""),"",ROUND((D10-集計!$C$5)*1440,0)) | M10: =IF(OR(A10="",E10=""),"",ROUND((E10-集計!$C$5)*1440,0))
B11: =IF(A11="","",IFERROR(IF(IFERROR(INDEX(マスター!$C$6:$C$125,MATCH(A11,マスター!$N$6:$N$125,0)),NA())="","未確認",IFERROR(INDEX(マスター!$C$6:$C$125,MATCH(A11,マスター!$N$6:$N$125,0)),NA())),"マスター未登録")) | I11: =IF(OR(A11="",D11=""),"",IF(AND(D11<集計!$C$5+1,OR(E11="",E11>集計!$C$5)),"○","")) | J11: =IF(A11="","",IF(B11="西日本海運","","西日本海運以外の船です（確認してください）")) | K11: =IF(A11="","",IFERROR(INDEX(マスター!$K$6:$K$125,MATCH(A11,マスター!$N$6:$N$125,0)),A11)) | L11: =IF(OR(A11="",D11=""),"",ROUND((D11-集計!$C$5)*1440,0)) | M11: =IF(OR(A11="",E11=""),"",ROUND((E11-集計!$C$5)*1440,0))
B12: =IF(A12="","",IFERROR(IF(IFERROR(INDEX(マスター!$C$6:$C$125,MATCH(A12,マスター!$N$6:$N$125,0)),NA())="","未確認",IFERROR(INDEX(マスター!$C$6:$C$125,MATCH(A12,マスター!$N$6:$N$125,0)),NA())),"マスター未登録")) | I12: =IF(OR(A12="",D12=""),"",IF(AND(D12<集計!$C$5+1,OR(E12="",E12>集計!$C$5)),"○","")) | J12: =IF(A12="","",IF(B12="西日本海運","","西日本海運以外の船です（確認してください）")) | K12: =IF(A12="","",IFERROR(INDEX(マスター!$K$6:$K$125,MATCH(A12,マスター!$N$6:$N$125,0)),A12)) | L12: =IF(OR(A12="",D12=""),"",ROUND((D12-集計!$C$5)*1440,0)) | M12: =IF(OR(A12="",E12=""),"",ROUND((E12-集計!$C$5)*1440,0))
B13: =IF(A13="","",IFERROR(IF(IFERROR(INDEX(マスター!$C$6:$C$125,MATCH(A13,マスター!$N$6:$N$125,0)),NA())="","未確認",IFERROR(INDEX(マスター!$C$6:$C$125,MATCH(A13,マスター!$N$6:$N$125,0)),NA())),"マスター未登録")) | I13: =IF(OR(A13="",D13=""),"",IF(AND(D13<集計!$C$5+1,OR(E13="",E13>集計!$C$5)),"○","")) | J13: =IF(A13="","",IF(B13="西日本海運","","西日本海運以外の船です（確認してください）")) | K13: =IF(A13="","",IFERROR(INDEX(マスター!$K$6:$K$125,MATCH(A13,マスター!$N$6:$N$125,0)),A13)) | L13: =IF(OR(A13="",D13=""),"",ROUND((D13-集計!$C$5)*1440,0)) | M13: =IF(OR(A13="",E13=""),"",ROUND((E13-集計!$C$5)*1440,0))
B14: =IF(A14="","",IFERROR(IF(IFERROR(INDEX(マスター!$C$6:$C$125,MATCH(A14,マスター!$N$6:$N$125,0)),NA())="","未確認",IFERROR(INDEX(マスター!$C$6:$C$125,MATCH(A14,マスター!$N$6:$N$125,0)),NA())),"マスター未登録")) | I14: =IF(OR(A14="",D14=""),"",IF(AND(D14<集計!$C$5+1,OR(E14="",E14>集計!$C$5)),"○","")) | J14: =IF(A14="","",IF(B14="西日本海運","","西日本海運以外の船です（確認してください）")) | K14: =IF(A14="","",IFERROR(INDEX(マスター!$K$6:$K$125,MATCH(A14,マスター!$N$6:$N$125,0)),A14)) | L14: =IF(OR(A14="",D14=""),"",ROUND((D14-集計!$C$5)*1440,0)) | M14: =IF(OR(A14="",E14=""),"",ROUND((E14-集計!$C$5)*1440,0))
B15: =IF(A15="","",IFERROR(IF(IFERROR(INDEX(マスター!$C$6:$C$125,MATCH(A15,マスター!$N$6:$N$125,0)),NA())="","未確認",IFERROR(INDEX(マスター!$C$6:$C$125,MATCH(A15,マスター!$N$6:$N$125,0)),NA())),"マスター未登録")) | I15: =IF(OR(A15="",D15=""),"",IF(AND(D15<集計!$C$5+1,OR(E15="",E15>集計!$C$5)),"○","")) | J15: =IF(A15="","",IF(B15="西日本海運","","西日本海運以外の船です（確認してください）")) | K15: =IF(A15="","",IFERROR(INDEX(マスター!$K$6:$K$125,MATCH(A15,マスター!$N$6:$N$125,0)),A15)) | L15: =IF(OR(A15="",D15=""),"",ROUND((D15-集計!$C$5)*1440,0)) | M15: =IF(OR(A15="",E15=""),"",ROUND((E15-集計!$C$5)*1440,0))
B16: =IF(A16="","",IFERROR(IF(IFERROR(INDEX(マスター!$C$6:$C$125,MATCH(A16,マスター!$N$6:$N$125,0)),NA())="","未確認",IFERROR(INDEX(マスター!$C$6:$C$125,MATCH(A16,マスター!$N$6:$N$125,0)),NA())),"マスター未登録")) | I16: =IF(OR(A16="",D16=""),"",IF(AND(D16<集計!$C$5+1,OR(E16="",E16>集計!$C$5)),"○","")) | J16: =IF(A16="","",IF(B16="西日本海運","","西日本海運以外の船です（確認してください）")) | K16: =IF(A16="","",IFERROR(INDEX(マスター!$K$6:$K$125,MATCH(A16,マスター!$N$6:$N$125,0)),A16)) | L16: =IF(OR(A16="",D16=""),"",ROUND((D16-集計!$C$5)*1440,0)) | M16: =IF(OR(A16="",E16=""),"",ROUND((E16-集計!$C$5)*1440,0))
B17: =IF(A17="","",IFERROR(IF(IFERROR(INDEX(マスター!$C$6:$C$125,MATCH(A17,マスター!$N$6:$N$125,0)),NA())="","未確認",IFERROR(INDEX(マスター!$C$6:$C$125,MATCH(A17,マスター!$N$6:$N$125,0)),NA())),"マスター未登録")) | I17: =IF(OR(A17="",D17=""),"",IF(AND(D17<集計!$C$5+1,OR(E17="",E17>集計!$C$5)),"○","")) | J17: =IF(A17="","",IF(B17="西日本海運","","西日本海運以外の船です（確認してください）")) | K17: =IF(A17="","",IFERROR(INDEX(マスター!$K$6:$K$125,MATCH(A17,マスター!$N$6:$N$125,0)),A17)) | L17: =IF(OR(A17="",D17=""),"",ROUND((D17-集計!$C$5)*1440,0)) | M17: =IF(OR(A17="",E17=""),"",ROUND((E17-集計!$C$5)*1440,0))
... B55: =IF(A55="","",IFERROR(IF(IFERROR(INDEX(マスター!$C$6:$C$125,MATCH(A55,マスター!$N$6:$N$125,0)),NA())="","未確認",IFERROR(INDEX(マスター!$C$6:$C$125,MATCH(A55,マスター!$N$6:$N$125,0)),NA())),"マスター未登録")) | I55: =IF(OR(A55="",D55=""),"",IF(AND(D55<集計!$C$5+1,OR(E55="",E55>集計!$C$5)),"○","")) | J55: =IF(A55="","",IF(B55="西日本海運","","西日本海運以外の船です（確認してください）")) | K55: =IF(A55="","",IFERROR(INDEX(マスター!$K$6:$K$125,MATCH(A55,マスター!$N$6:$N$125,0)),A55)) | L55: =IF(OR(A55="",D55=""),"",ROUND((D55-集計!$C$5)*1440,0)) | M55: =IF(OR(A55="",E55=""),"",ROUND((E55-集計!$C$5)*1440,0))

Sheet 他社配置
A1: 他社配置（若松・関門等の他社の体制）
A2: 誰が：上田（分かる範囲） 何を見て：他社の配置・入渠・他港作業・応援依頼への回答 どこへ：A6から会社・船ごとに1行。依頼への対応可否が分からなければ空欄（＝未確認）
A3: 集計先：「集計」の他社配置・供給可能船の確認。対応可否が空欄の船は供給可能に数えません。2025年の配置は将来の応援確約ではありません。
A5: 会社【入力・選択】 | B5: 船名【入力・選択】 | C5: 配置港【入力】 | D5: 対象期間の開始日【入力】 | E5: 対象期間の終了日【入力】 | F5: 依頼への対応可否【入力・選択】（空欄＝未確認） | G5: 入渠・他港拘束（分かれば）【入力】 | H5: 情報元【入力】 | I5: 確認日【入力】 | J5: 対象日に配置【自動】 | K5: 船名と会社の一致【自動】 | L5: 集計船名【自動】
J6: =IF(OR(B6="",D6=""),"",IF(AND(集計!$C$5>=D6,OR(E6="",集計!$C$5<=E6)),"○","")) | K6: =IF(OR(A6="",B6=""),"",IF(IFERROR(IFERROR(INDEX(マスター!$C$6:$C$125,MATCH(B6,マスター!$N$6:$N$125,0)),NA())&"","")=A6,"","マスターの会社と異なります")) | L6: =IF(B6="","",IFERROR(INDEX(マスター!$K$6:$K$125,MATCH(B6,マスター!$N$6:$N$125,0)),B6))
J7: =IF(OR(B7="",D7=""),"",IF(AND(集計!$C$5>=D7,OR(E7="",集計!$C$5<=E7)),"○","")) | K7: =IF(OR(A7="",B7=""),"",IF(IFERROR(IFERROR(INDEX(マスター!$C$6:$C$125,MATCH(B7,マスター!$N$6:$N$125,0)),NA())&"","")=A7,"","マスターの会社と異なります")) | L7: =IF(B7="","",IFERROR(INDEX(マスター!$K$6:$K$125,MATCH(B7,マスター!$N$6:$N$125,0)),B7))
J8: =IF(OR(B8="",D8=""),"",IF(AND(集計!$C$5>=D8,OR(E8="",集計!$C$5<=E8)),"○","")) | K8: =IF(OR(A8="",B8=""),"",IF(IFERROR(IFERROR(INDEX(マスター!$C$6:$C$125,MATCH(B8,マスター!$N$6:$N$125,0)),NA())&"","")=A8,"","マスターの会社と異なります")) | L8: =IF(B8="","",IFERROR(INDEX(マスター!$K$6:$K$125,MATCH(B8,マスター!$N$6:$N$125,0)),B8))
J9: =IF(OR(B9="",D9=""),"",IF(AND(集計!$C$5>=D9,OR(E9="",集計!$C$5<=E9)),"○","")) | K9: =IF(OR(A9="",B9=""),"",IF(IFERROR(IFERROR(INDEX(マスター!$C$6:$C$125,MATCH(B9,マスター!$N$6:$N$125,0)),NA())&"","")=A9,"","マスターの会社と異なります")) | L9: =IF(B9="","",IFERROR(INDEX(マスター!$K$6:$K$125,MATCH(B9,マスター!$N$6:$N$125,0)),B9))
J10: =IF(OR(B10="",D10=""),"",IF(AND(集計!$C$5>=D10,OR(E10="",集計!$C$5<=E10)),"○","")) | K10: =IF(OR(A10="",B10=""),"",IF(IFERROR(IFERROR(INDEX(マスター!$C$6:$C$125,MATCH(B10,マスター!$N$6:$N$125,0)),NA())&"","")=A10,"","マスターの会社と異なります")) | L10: =IF(B10="","",IFERROR(INDEX(マスター!$K$6:$K$125,MATCH(B10,マスター!$N$6:$N$125,0)),B10))
J11: =IF(OR(B11="",D11=""),"",IF(AND(集計!$C$5>=D11,OR(E11="",集計!$C$5<=E11)),"○","")) | K11: =IF(OR(A11="",B11=""),"",IF(IFERROR(IFERROR(INDEX(マスター!$C$6:$C$125,MATCH(B11,マスター!$N$6:$N$125,0)),NA())&"","")=A11,"","マスターの会社と異なります")) | L11: =IF(B11="","",IFERROR(INDEX(マスター!$K$6:$K$125,MATCH(B11,マスター!$N$6:$N$125,0)),B11))
J12: =IF(OR(B12="",D12=""),"",IF(AND(集計!$C$5>=D12,OR(E12="",集計!$C$5<=E12)),"○","")) | K12: =IF(OR(A12="",B12=""),"",IF(IFERROR(IFERROR(INDEX(マスター!$C$6:$C$125,MATCH(B12,マスター!$N$6:$N$125,0)),NA())&"","")=A12,"","マスターの会社と異なります")) | L12: =IF(B12="","",IFERROR(INDEX(マスター!$K$6:$K$125,MATCH(B12,マスター!$N$6:$N$125,0)),B12))
J13: =IF(OR(B13="",D13=""),"",IF(AND(集計!$C$5>=D13,OR(E13="",集計!$C$5<=E13)),"○","")) | K13: =IF(OR(A13="",B13=""),"",IF(IFERROR(IFERROR(INDEX(マスター!$C$6:$C$125,MATCH(B13,マスター!$N$6:$N$125,0)),NA())&"","")=A13,"","マスターの会社と異なります")) | L13: =IF(B13="","",IFERROR(INDEX(マスター!$K$6:$K$125,MATCH(B13,マスター!$N$6:$N$125,0)),B13))
J14: =IF(OR(B14="",D14=""),"",IF(AND(集計!$C$5>=D14,OR(E14="",集計!$C$5<=E14)),"○","")) | K14: =IF(OR(A14="",B14=""),"",IF(IFERROR(IFERROR(INDEX(マスター!$C$6:$C$125,MATCH(B14,マスター!$N$6:$N$125,0)),NA())&"","")=A14,"","マスターの会社と異なります")) | L14: =IF(B14="","",IFERROR(INDEX(マスター!$K$6:$K$125,MATCH(B14,マスター!$N$6:$N$125,0)),B14))
J15: =IF(OR(B15="",D15=""),"",IF(AND(集計!$C$5>=D15,OR(E15="",集計!$C$5<=E15)),"○","")) | K15: =IF(OR(A15="",B15=""),"",IF(IFERROR(IFERROR(INDEX(マスター!$C$6:$C$125,MATCH(B15,マスター!$N$6:$N$125,0)),NA())&"","")=A15,"","マスターの会社と異なります")) | L15: =IF(B15="","",IFERROR(INDEX(マスター!$K$6:$K$125,MATCH(B15,マスター!$N$6:$N$125,0)),B15))
J16: =IF(OR(B16="",D16=""),"",IF(AND(集計!$C$5>=D16,OR(E16="",集計!$C$5<=E16)),"○","")) | K16: =IF(OR(A16="",B16=""),"",IF(IFERROR(IFERROR(INDEX(マスター!$C$6:$C$125,MATCH(B16,マスター!$N$6:$N$125,0)),NA())&"","")=A16,"","マスターの会社と異なります")) | L16: =IF(B16="","",IFERROR(INDEX(マスター!$K$6:$K$125,MATCH(B16,マスター!$N$6:$N$125,0)),B16))
J17: =IF(OR(B17="",D17=""),"",IF(AND(集計!$C$5>=D17,OR(E17="",集計!$C$5<=E17)),"○","")) | K17: =IF(OR(A17="",B17=""),"",IF(IFERROR(IFERROR(INDEX(マスター!$C$6:$C$125,MATCH(B17,マスター!$N$6:$N$125,0)),NA())&"","")=A17,"","マスターの会社と異なります")) | L17: =IF(B17="","",IFERROR(INDEX(マスター!$K$6:$K$125,MATCH(B17,マスター!$N$6:$N$125,0)),B17))
... J55: =IF(OR(B55="",D55=""),"",IF(AND(集計!$C$5>=D55,OR(E55="",集計!$C$5<=E55)),"○","")) | K55: =IF(OR(A55="",B55=""),"",IF(IFERROR(IFERROR(INDEX(マスター!$C$6:$C$125,MATCH(B55,マスター!$N$6:$N$125,0)),NA())&"","")=A55,"","マスターの会社と異なります")) | L55: =IF(B55="","",IFERROR(INDEX(マスター!$K$6:$K$125,MATCH(B55,マスター!$N$6:$N$125,0)),B55))

Sheet 標準時間
A1: 標準時間（基地発から基地着までの見込み）
A2: 誰が：八幡タグ＝上田、西日本海運タグ＝西日本海運担当者 何を見て：運航の実態 どこへ：A6から会社・基地港・バース・作業内容ごとに1行（LNG入港・出港・警戒は分ける）
A3: 集計先：今後の標準時間による推計（実測とは区別して表示）。右の上田資料の目安は起点が未確認のため参考表示のみ。
P4: 参考：上田資料「1作業平均使用曳船隻数・曳船拘束時間集計」（基地出発～基地帰着の目安と記載。基地港・起点の詳細は未確認。入力欄ではありません）
A5: 会社【入力・選択】 | B5: 基地港【入力・選択】 | C5: バース【入力】 | D5: 作業内容【入力・選択】 | E5: 予定時刻の基準【入力・選択】 | F5: 基地から現場への移動（分）【入力】 | G5: 作業（分）【入力】 | H5: 帰航（分）【入力】 | I5: 合計（分）【自動】 | J5: 適用開始日【入力】 | K5: 適用終了日【入力】 | L5: 確認者【入力】 | M5: 情報元【入力】 | N5: 確認状況【入力・選択】 | P5: 区分 | Q5: 平均使用隻数 | R5: 標準的な拘束時間 | S5: 最大の拘束時間
I6: =IF(COUNT(F6:H6)=0,"",SUM(F6:H6)) | P6: LNG | Q6: 5.0隻 | R6: 入港 六連 回頭5.0H／連れ船4.0H、出港2.0H | S6: 入港6.0H、出港2.5H
I7: =IF(COUNT(F7:H7)=0,"",SUM(F7:H7)) | P7: 副原料 | Q7: 1.8隻 | R7: 入港2.5H、出港1.0H | S7: 入港3.5H、出港1.0H
I8: =IF(COUNT(F8:H8)=0,"",SUM(F8:H8)) | P8: 安瀬石炭 | Q8: 3.6隻 | R8: 入港 六連 回頭3.0H／連れ船2.5H／部埼3.0H、出港2.0H | S8: 入港4.5H、出港2.0H
I9: =IF(COUNT(F9:H9)=0,"",SUM(F9:H9)) | P9: 内浦 | Q9: 1.7隻 | R9: 入港2.0H、出港1.5H | S9: 入港3.0H、出港2.0H
I10: =IF(COUNT(F10:H10)=0,"",SUM(F10:H10)) | P10: 八幡 | Q10: 1.9隻 | R10: 入港1.5H、出港1.0H | S10: 入港2.0H、出港2.0H
I11: =IF(COUNT(F11:H11)=0,"",SUM(F11:H11)) | P11: 鋼材シフト（日本製鉄作業） | Q11: 2.0隻 | R11: シフト2.0H | S11: シフト2.5H
I12: =IF(COUNT(F12:H12)=0,"",SUM(F12:H12))
I13: =IF(COUNT(F13:H13)=0,"",SUM(F13:H13))
I14: =IF(COUNT(F14:H14)=0,"",SUM(F14:H14))
I15: =IF(COUNT(F15:H15)=0,"",SUM(F15:H15))
I16: =IF(COUNT(F16:H16)=0,"",SUM(F16:H16))
I17: =IF(COUNT(F17:H17)=0,"",SUM(F17:H17))
I18: =IF(COUNT(F18:H18)=0,"",SUM(F18:H18))
I19: =IF(COUNT(F19:H19)=0,"",SUM(F19:H19))
I20: =IF(COUNT(F20:H20)=0,"",SUM(F20:H20))
I21: =IF(COUNT(F21:H21)=0,"",SUM(F21:H21))
I22: =IF(COUNT(F22:H22)=0,"",SUM(F22:H22))
I23: =IF(COUNT(F23:H23)=0,"",SUM(F23:H23))
... I55: =IF(COUNT(F55:H55)=0,"",SUM(F55:H55))

Sheet マスター
A1: マスター（会社・船名・基地港・品名・選択肢）
A2: 誰が：上田・各担当者 何を見て：要目表・元帳・予定表 どこへ：各表の最後の行の下の空き行へ追加（空行を空けずに続けて入力）
A3: 集計先：全シートの選択肢（▼）、実績の会社判定、集計の会社別・供給可能船・高炉原料を除く集計。正式船名を入れると同じ船として1隻に数えます。
A4: ※ 船は正式船名が分かるまで元帳の記号のまま使います。「常駐側の供給数に数える」は、同じ船を二重に数えないため、現在は元帳で使われている記号（T・S・Y・M・P・関・長）に○を付けています。グリーンシッピングの応援船が4隻あった場合は、船名を確認のうえ空き行へ追加してください。 | Q4: ※ 会社・基地港・品名を追加すると、選択肢と「集計」へ反映されます。品名の高炉原料区分は初期値で要確認です。
A5: 選択名（元帳・予定表の表記）【入力】 | B5: 正式船名【入力】 | C5: 会社【入力・選択】 | D5: 船の種類【入力・選択】 | E5: 基地港【入力・選択】 | F5: 常駐側の供給数に数える【入力・○】 | G5: 適用開始日【入力】 | H5: 適用終了日【入力】 | I5: 情報元【入力】 | J5: 確認状況【入力・選択】 | K5: 集計船名【自動】 | L5: 会社区分【自動】 | M5: 対象日に有効【自動】 | N5: 照合名【自動】 | O5: 同一船の先頭【自動】 | Q5: 会社名【入力】 | R5: 会社区分【入力・選択】 | S5: 情報元【入力】 | T5: 確認状況【入力・選択】 | V5: 基地港【入力】 | X5: 品名（元帳の表記）【入力】 | Y5: 高炉原料区分【入力・選択】 | Z5: 安瀬（按分配船）【入力・○】 | AA5: 情報元【入力】 | AB5: 確認状況【入力・選択】 | AD5: 確認状況【入力】 | AE5: 照合の状況【入力】 | AF5: 取消しの時点【入力】 | AG5: 変更・取消しの理由【入力】 | AH5: 時間調整【入力】 | AI5: 呼出の理由【入力】 | AJ5: 作業内容【入力】 | AK5: 予定時刻の基準【入力】 | AL5: 船の種類【入力】 | AM5: 時刻の確認状況【入力】 | AN5: 会社区分【入力】 | AO5: その日の変更確認【入力】 | AP5: 高炉原料区分【入力】 | AQ5: 実際の出勤・待機【入力】 | AR5: 依頼への対応可否【入力】
A6: 八幡丸 | B6: 八幡丸 | C6: 製鉄曳船 | D6: タグ | E6: 未確認 | I6: 00_作成条件.md | J6: 要確認（基地港・元帳記号との対応） | K6: =IF(A6="","",IF(B6="",A6,B6)) -> 八幡丸 | L6: =IF(A6="","",IF(C6="","未確認",IFERROR(INDEX(マスター!$R$6:$R$45,MATCH(C6,マスター!$Q$6:$Q$45,0)),"未確認"))) -> 製鉄曳船 | M6: =IF(A6="","",IF(AND(OR(G6="",G6<=集計!$C$5),OR(H6="",H6>=集計!$C$5)),"○","")) -> ○ | N6: =IF(M6="○",A6,"") -> 八幡丸 | O6: =IF(OR(K6="",M6<>"○"),"",IF(COUNTIFS(K$6:K6,K6,M$6:M6,"○")=1,"○","")) -> ○ | Q6: 製鉄曳船 | R6: 製鉄曳船 | S6: 00_作成条件.md | T6: 確認済み | V6: 門司港 | X6: 鋼材 | Y6: 高炉原料以外 | AA6: 初期値（要確認） | AB6: 未確認 | AD6: 未確認 | AE6: 未確認 | AF6: 前日 | AG6: 強風・荒天 | AH6: あり | AI6: 常駐船が他作業で不足 | AJ6: 入港 | AK6: 本船POB | AL6: タグ | AM6: 実時刻 | AN6: 製鉄曳船 | AO6: 未確認 | AP6: 高炉原料 | AQ6: 出勤して待機 | AR6: 可
A7: 鐵豊丸 | B7: 鐵豊丸 | C7: 製鉄曳船 | D7: タグ | E7: 未確認 | I7: 00_作成条件.md | J7: 要確認（基地港・元帳記号との対応） | K7: =IF(A7="","",IF(B7="",A7,B7)) -> 鐵豊丸 | L7: =IF(A7="","",IF(C7="","未確認",IFERROR(INDEX(マスター!$R$6:$R$45,MATCH(C7,マスター!$Q$6:$Q$45,0)),"未確認"))) -> 製鉄曳船 | M7: =IF(A7="","",IF(AND(OR(G7="",G7<=集計!$C$5),OR(H7="",H7>=集計!$C$5)),"○","")) -> ○ | N7: =IF(M7="○",A7,"") -> 鐵豊丸 | O7: =IF(OR(K7="",M7<>"○"),"",IF(COUNTIFS(K$6:K7,K7,M$6:M7,"○")=1,"○","")) -> ○ | Q7: 西日本海運 | R7: 西日本海運 | S7: 00_作成条件.md | T7: 確認済み | V7: 戸畑 | X7: LNG | Y7: 高炉原料以外 | AA7: 初期値（要確認） | AB7: 未確認 | AD7: 確認済み | AE7: 予定表と照合済み | AF7: 当日・基地発前 | AG7: 視界不良 | AH7: なし | AI7: 入渠中の船の代わり | AJ7: 出港 | AK7: 着岸 | AL7: 通船・警戒船 | AM7: 予定・推定 | AN7: 西日本海運 | AO7: 変更なしと確認済み | AP7: 高炉原料以外 | AQ7: 出勤して作業 | AR7: 不可
A8: 新豊丸 | B8: 新豊丸 | C8: 製鉄曳船 | D8: タグ | E8: 未確認 | I8: 00_作成条件.md | J8: 要確認（基地港・元帳記号との対応） | K8: =IF(A8="","",IF(B8="",A8,B8)) -> 新豊丸 | L8: =IF(A8="","",IF(C8="","未確認",IFERROR(INDEX(マスター!$R$6:$R$45,MATCH(C8,マスター!$Q$6:$Q$45,0)),"未確認"))) -> 製鉄曳船 | M8: =IF(A8="","",IF(AND(OR(G8="",G8<=集計!$C$5),OR(H8="",H8>=集計!$C$5)),"○","")) -> ○ | N8: =IF(M8="○",A8,"") -> 新豊丸 | O8: =IF(OR(K8="",M8<>"○"),"",IF(COUNTIFS(K$6:K8,K8,M$6:M8,"○")=1,"○","")) -> ○ | Q8: シーゲートコーポレーション | R8: 他社 | S8: 00_作成条件.md／要目表2026.8 | T8: 未確認 | V8: 八幡 | X8: 鉱石 | Y8: 高炉原料 | AA8: 初期値（要確認） | AB8: 未確認 | AD8: 要確認（正式船名・会社） | AE8: 予定表に記載なし | AF8: 当日・基地発後 | AG8: 本船都合 | AH8: 不明 | AI8: 他港作業中の船の代わり | AJ8: 転錨・シフト | AK8: 離岸 | AL8: 未確認 | AM8: 不明 | AN8: 他社 | AO8: 変更あり（下の表に入力） | AP8: 未確認 | AQ8: 出勤取消し
A9: 八豊丸 | B9: 八豊丸 | C9: 製鉄曳船 | D9: タグ | E9: 未確認 | I9: 00_作成条件.md | J9: 要確認（基地港・元帳記号との対応） | K9: =IF(A9="","",IF(B9="",A9,B9)) -> 八豊丸 | L9: =IF(A9="","",IF(C9="","未確認",IFERROR(INDEX(マスター!$R$6:$R$45,MATCH(C9,マスター!$Q$6:$Q$45,0)),"未確認"))) -> 製鉄曳船 | M9: =IF(A9="","",IF(AND(OR(G9="",G9<=集計!$C$5),OR(H9="",H9>=集計!$C$5)),"○","")) -> ○ | N9: =IF(M9="○",A9,"") -> 八豊丸 | O9: =IF(OR(K9="",M9<>"○"),"",IF(COUNTIFS(K$6:K9,K9,M$6:M9,"○")=1,"○","")) -> ○ | Q9: グリーンシッピング | R9: 他社 | S9: 00_作成条件.md／要目表2026.8 | T9: 未確認 | V9: 若松 | X9: 石炭 | Y9: 高炉原料 | AA9: 初期値（要確認）。発電用等の区別は未確認 | AB9: 未確認 | AD9: 要確認（基地港・元帳記号との対応） | AE9: 予定表なし | AF9: 不明 | AG9: 荷役都合 | AI9: 乗組員の出勤手配の不足 | AJ9: LNG入港 | AK9: 作業開始 | AN9: 未確認 | AQ9: 不明
A10: 松豊丸 | B10: 松豊丸 | C10: 製鉄曳船 | D10: タグ | E10: 未確認 | I10: 00_作成条件.md | J10: 要確認（基地港・元帳記号との対応） | K10: =IF(A10="","",IF(B10="",A10,B10)) -> 松豊丸 | L10: =IF(A10="","",IF(C10="","未確認",IFERROR(INDEX(マスター!$R$6:$R$45,MATCH(C10,マスター!$Q$6:$Q$45,0)),"未確認"))) -> 製鉄曳船 | M10: =IF(A10="","",IF(AND(OR(G10="",G10<=集計!$C$5),OR(H10="",H10>=集計!$C$5)),"○","")) -> ○ | N10: =IF(M10="○",A10,"") -> 松豊丸 | O10: =IF(OR(K10="",M10<>"○"),"",IF(COUNTIFS(K$6:K10,K10,M$6:M10,"○")=1,"○","")) -> ○ | Q10: 日鉄物流 | R10: 他社 | S10: 00_作成条件.md／要目表2026.8 | T10: 未確認 | V10: 未確認 | X10: 支給炭 | Y10: 未確認 | Z10: ○ | AA10: 既存集計の安瀬34と支給炭入港34が一致（要確認） | AB10: 未確認 | AD10: 要確認（元帳記号との対応） | AG10: 代理店・荷主都合 | AI10: その他 | AJ10: LNG出港 | AK10: 基地発
A11: T | C11: 製鉄曳船 | D11: タグ | E11: 未確認 | F11: ○ | I11: 元帳R7年度の記号。会社は既存集計（西日本G 2,744）との照合上の扱い | J11: 要確認（正式船名・会社） | K11: =IF(A11="","",IF(B11="",A11,B11)) -> T | L11: =IF(A11="","",IF(C11="","未確認",IFERROR(INDEX(マスター!$R$6:$R$45,MATCH(C11,マスター!$Q$6:$Q$45,0)),"未確認"))) -> 製鉄曳船 | M11: =IF(A11="","",IF(AND(OR(G11="",G11<=集計!$C$5),OR(H11="",H11>=集計!$C$5)),"○","")) -> ○ | N11: =IF(M11="○",A11,"") -> T | O11: =IF(OR(K11="",M11<>"○"),"",IF(COUNTIFS(K$6:K11,K11,M$6:M11,"○")=1,"○","")) -> ○ | Q11: 春風海運 | R11: 他社 | S11: 00_作成条件.md | T11: 確認済み | X11: 副原料 | Y11: 未確認 | AA11: 将来の取扱い未確認 | AB11: 未確認 | AD11: 要確認（2025年度の所属） | AG11: バース都合 | AI11: 不明 | AJ11: LNG警戒 | AK11: 未確認
A12: S | C12: 製鉄曳船 | D12: タグ | E12: 未確認 | F12: ○ | I12: 同上 | J12: 要確認（正式船名・会社） | K12: =IF(A12="","",IF(B12="",A12,B12)) -> S | L12: =IF(A12="","",IF(C12="","未確認",IFERROR(INDEX(マスター!$R$6:$R$45,MATCH(C12,マスター!$Q$6:$Q$45,0)),"未確認"))) -> 製鉄曳船 | M12: =IF(A12="","",IF(AND(OR(G12="",G12<=集計!$C$5),OR(H12="",H12>=集計!$C$5)),"○","")) -> ○ | N12: =IF(M12="○",A12,"") -> S | O12: =IF(OR(K12="",M12<>"○"),"",IF(COUNTIFS(K$6:K12,K12,M$6:M12,"○")=1,"○","")) -> ○ | Q12: 矢野海運 | R12: 他社 | S12: 00_作成条件.md（船名は未確認） | T12: 未確認 | X12: 内航 | Y12: 未確認 | AA12: 未確認 | AB12: 未確認 | AD12: 要確認（種類・会社） | AG12: タグの都合 | AJ12: LNGエスコート
A13: Y | C13: 製鉄曳船 | D13: タグ | E13: 未確認 | F13: ○ | I13: 同上 | J13: 要確認（正式船名・会社） | K13: =IF(A13="","",IF(B13="",A13,B13)) -> Y | L13: =IF(A13="","",IF(C13="","未確認",IFERROR(INDEX(マスター!$R$6:$R$45,MATCH(C13,マスター!$Q$6:$Q$45,0)),"未確認"))) -> 製鉄曳船 | M13: =IF(A13="","",IF(AND(OR(G13="",G13<=集計!$C$5),OR(H13="",H13>=集計!$C$5)),"○","")) -> ○ | N13: =IF(M13="○",A13,"") -> Y | O13: =IF(OR(K13="",M13<>"○"),"",IF(COUNTIFS(K$6:K13,K13,M$6:M13,"○")=1,"○","")) -> ○ | Q13: 洞海マリン | R13: 他社 | S13: 00_作成条件.md（船名は未確認） | T13: 未確認 | X13: その他 | Y13: 未確認 | AA13: 未確認 | AB13: 未確認 | AG13: その他 | AJ13: その他
A14: M | C14: 製鉄曳船 | D14: タグ | E14: 未確認 | F14: ○ | I14: 同上 | J14: 要確認（正式船名・会社） | K14: =IF(A14="","",IF(B14="",A14,B14)) -> M | L14: =IF(A14="","",IF(C14="","未確認",IFERROR(INDEX(マスター!$R$6:$R$45,MATCH(C14,マスター!$Q$6:$Q$45,0)),"未確認"))) -> 製鉄曳船 | M14: =IF(A14="","",IF(AND(OR(G14="",G14<=集計!$C$5),OR(H14="",H14>=集計!$C$5)),"○","")) -> ○ | N14: =IF(M14="○",A14,"") -> M | O14: =IF(OR(K14="",M14<>"○"),"",IF(COUNTIFS(K$6:K14,K14,M$6:M14,"○")=1,"○","")) -> ○ | Q14: 福島海運 | R14: 他社 | S14: 00_作成条件.md（船名は未確認） | T14: 未確認 | AG14: 不明
A15: P | C15: 製鉄曳船 | D15: タグ | E15: 未確認 | F15: ○ | I15: 同上 | J15: 要確認（正式船名・会社） | K15: =IF(A15="","",IF(B15="",A15,B15)) -> P | L15: =IF(A15="","",IF(C15="","未確認",IFERROR(INDEX(マスター!$R$6:$R$45,MATCH(C15,マスター!$Q$6:$Q$45,0)),"未確認"))) -> 製鉄曳船 | M15: =IF(A15="","",IF(AND(OR(G15="",G15<=集計!$C$5),OR(H15="",H15>=集計!$C$5)),"○","")) -> ○ | N15: =IF(M15="○",A15,"") -> P | O15: =IF(OR(K15="",M15<>"○"),"",IF(COUNTIFS(K$6:K15,K15,M$6:M15,"○")=1,"○","")) -> ○ | Q15: 試験会社 | R15: 他社 | T15: 確認済み
A16: 関豊丸 | B16: 関豊丸 | C16: 西日本海運 | D16: タグ | E16: 門司港 | I16: 00_作成条件.md／要目表2026.8 | J16: 要確認（元帳記号との対応） | K16: =IF(A16="","",IF(B16="",A16,B16)) -> 関豊丸 | L16: =IF(A16="","",IF(C16="","未確認",IFERROR(INDEX(マスター!$R$6:$R$45,MATCH(C16,マスター!$Q$6:$Q$45,0)),"未確認"))) -> 西日本海運 | M16: =IF(A16="","",IF(AND(OR(G16="",G16<=集計!$C$5),OR(H16="",H16>=集計!$C$5)),"○","")) -> ○ | N16: =IF(M16="○",A16,"") -> 関豊丸 | O16: =IF(OR(K16="",M16<>"○"),"",IF(COUNTIFS(K$6:K16,K16,M$6:M16,"○")=1,"○","")) -> ○
A17: 長豊丸 | B17: 長豊丸 | C17: 西日本海運 | D17: タグ | E17: 門司港 | I17: 00_作成条件.md／要目表2026.8 | J17: 要確認（元帳記号との対応） | K17: =IF(A17="","",IF(B17="",A17,B17)) -> 長豊丸 | L17: =IF(A17="","",IF(C17="","未確認",IFERROR(INDEX(マスター!$R$6:$R$45,MATCH(C17,マスター!$Q$6:$Q$45,0)),"未確認"))) -> 西日本海運 | M17: =IF(A17="","",IF(AND(OR(G17="",G17<=集計!$C$5),OR(H17="",H17>=集計!$C$5)),"○","")) -> ○ | N17: =IF(M17="○",A17,"") -> 長豊丸 | O17: =IF(OR(K17="",M17<>"○"),"",IF(COUNTIFS(K$6:K17,K17,M$6:M17,"○")=1,"○","")) -> ○
A18: 関 | C18: 西日本海運 | D18: タグ | E18: 未確認 | F18: ○ | I18: 元帳R7年度の記号。会社は既存集計との照合上の扱い | J18: 要確認（正式船名・会社） | K18: =IF(A18="","",IF(B18="",A18,B18)) -> 関 | L18: =IF(A18="","",IF(C18="","未確認",IFERROR(INDEX(マスター!$R$6:$R$45,MATCH(C18,マスター!$Q$6:$Q$45,0)),"未確認"))) -> 西日本海運 | M18: =IF(A18="","",IF(AND(OR(G18="",G18<=集計!$C$5),OR(H18="",H18>=集計!$C$5)),"○","")) -> ○ | N18: =IF(M18="○",A18,"") -> 関 | O18: =IF(OR(K18="",M18<>"○"),"",IF(COUNTIFS(K$6:K18,K18,M$6:M18,"○")=1,"○","")) -> ○
A19: 長 | C19: 西日本海運 | D19: タグ | E19: 未確認 | F19: ○ | I19: 同上 | J19: 要確認（正式船名・会社） | K19: =IF(A19="","",IF(B19="",A19,B19)) -> 長 | L19: =IF(A19="","",IF(C19="","未確認",IFERROR(INDEX(マスター!$R$6:$R$45,MATCH(C19,マスター!$Q$6:$Q$45,0)),"未確認"))) -> 西日本海運 | M19: =IF(A19="","",IF(AND(OR(G19="",G19<=集計!$C$5),OR(H19="",H19>=集計!$C$5)),"○","")) -> ○ | N19: =IF(M19="○",A19,"") -> 長 | O19: =IF(OR(K19="",M19<>"○"),"",IF(COUNTIFS(K$6:K19,K19,M$6:M19,"○")=1,"○","")) -> ○
A20: かざし丸 | B20: かざし丸 | C20: シーゲートコーポレーション | D20: タグ | E20: 門司港 | I20: 要目表2026.8（2025年度の所属は未確認） | J20: 要確認（2025年度の所属） | K20: =IF(A20="","",IF(B20="",A20,B20)) -> かざし丸 | L20: =IF(A20="","",IF(C20="","未確認",IFERROR(INDEX(マスター!$R$6:$R$45,MATCH(C20,マスター!$Q$6:$Q$45,0)),"未確認"))) -> 他社 | M20: =IF(A20="","",IF(AND(OR(G20="",G20<=集計!$C$5),OR(H20="",H20>=集計!$C$5)),"○","")) -> ○ | N20: =IF(M20="○",A20,"") -> かざし丸 | O20: =IF(OR(K20="",M20<>"○"),"",IF(COUNTIFS(K$6:K20,K20,M$6:M20,"○")=1,"○","")) -> ○
A21: 鷲羽丸 | B21: 鷲羽丸 | C21: シーゲートコーポレーション | D21: タグ | E21: 門司港 | I21: 要目表2026.8（2025年度の所属は未確認） | J21: 要確認（2025年度の所属） | K21: =IF(A21="","",IF(B21="",A21,B21)) -> 鷲羽丸 | L21: =IF(A21="","",IF(C21="","未確認",IFERROR(INDEX(マスター!$R$6:$R$45,MATCH(C21,マスター!$Q$6:$Q$45,0)),"未確認"))) -> 他社 | M21: =IF(A21="","",IF(AND(OR(G21="",G21<=集計!$C$5),OR(H21="",H21>=集計!$C$5)),"○","")) -> ○ | N21: =IF(M21="○",A21,"") -> 鷲羽丸 | O21: =IF(OR(K21="",M21<>"○"),"",IF(COUNTIFS(K$6:K21,K21,M$6:M21,"○")=1,"○","")) -> ○
A22: むさし丸2 | B22: むさし丸2 | C22: グリーンシッピング | D22: タグ | E22: 門司港 | I22: 要目表2026.8（2025年度の所属は未確認） | J22: 要確認（2025年度の所属） | K22: =IF(A22="","",IF(B22="",A22,B22)) -> むさし丸2 | L22: =IF(A22="","",IF(C22="","未確認",IFERROR(INDEX(マスター!$R$6:$R$45,MATCH(C22,マスター!$Q$6:$Q$45,0)),"未確認"))) -> 他社 | M22: =IF(A22="","",IF(AND(OR(G22="",G22<=集計!$C$5),OR(H22="",H22>=集計!$C$5)),"○","")) -> ○ | N22: =IF(M22="○",A22,"") -> むさし丸2 | O22: =IF(OR(K22="",M22<>"○"),"",IF(COUNTIFS(K$6:K22,K22,M$6:M22,"○")=1,"○","")) -> ○
A23: かなで | B23: かなで | C23: グリーンシッピング | D23: タグ | E23: 門司港 | I23: 要目表2026.8（2025年度の所属は未確認） | J23: 要確認（2025年度の所属） | K23: =IF(A23="","",IF(B23="",A23,B23)) -> かなで | L23: =IF(A23="","",IF(C23="","未確認",IFERROR(INDEX(マスター!$R$6:$R$45,MATCH(C23,マスター!$Q$6:$Q$45,0)),"未確認"))) -> 他社 | M23: =IF(A23="","",IF(AND(OR(G23="",G23<=集計!$C$5),OR(H23="",H23>=集計!$C$5)),"○","")) -> ○ | N23: =IF(M23="○",A23,"") -> かなで | O23: =IF(OR(K23="",M23<>"○"),"",IF(COUNTIFS(K$6:K23,K23,M$6:M23,"○")=1,"○","")) -> ○
A24: かいせい | B24: かいせい | C24: 日鉄物流 | D24: タグ | E24: 門司港 | I24: 要目表2026.8（2025年度の所属は未確認） | J24: 要確認（2025年度の所属） | K24: =IF(A24="","",IF(B24="",A24,B24)) -> かいせい | L24: =IF(A24="","",IF(C24="","未確認",IFERROR(INDEX(マスター!$R$6:$R$45,MATCH(C24,マスター!$Q$6:$Q$45,0)),"未確認"))) -> 他社 | M24: =IF(A24="","",IF(AND(OR(G24="",G24<=集計!$C$5),OR(H24="",H24>=集計!$C$5)),"○","")) -> ○ | N24: =IF(M24="○",A24,"") -> かいせい | O24: =IF(OR(K24="",M24<>"○"),"",IF(COUNTIFS(K$6:K24,K24,M$6:M24,"○")=1,"○","")) -> ○
A25: 春風 | B25: 春風 | C25: 春風海運 | D25: タグ | E25: 門司港 | I25: 00_作成条件.md（ユーザー指定） | J25: 確認済み | K25: =IF(A25="","",IF(B25="",A25,B25)) -> 春風 | L25: =IF(A25="","",IF(C25="","未確認",IFERROR(INDEX(マスター!$R$6:$R$45,MATCH(C25,マスター!$Q$6:$Q$45,0)),"未確認"))) -> 他社 | M25: =IF(A25="","",IF(AND(OR(G25="",G25<=集計!$C$5),OR(H25="",H25>=集計!$C$5)),"○","")) -> ○ | N25: =IF(M25="○",A25,"") -> 春風 | O25: =IF(OR(K25="",M25<>"○"),"",IF(COUNTIFS(K$6:K25,K25,M$6:M25,"○")=1,"○","")) -> ○
A26: 栄春 | B26: 栄春 | C26: 春風海運 | D26: タグ | E26: 門司港 | I26: 00_作成条件.md（ユーザー指定） | J26: 確認済み | K26: =IF(A26="","",IF(B26="",A26,B26)) -> 栄春 | L26: =IF(A26="","",IF(C26="","未確認",IFERROR(INDEX(マスター!$R$6:$R$45,MATCH(C26,マスター!$Q$6:$Q$45,0)),"未確認"))) -> 他社 | M26: =IF(A26="","",IF(AND(OR(G26="",G26<=集計!$C$5),OR(H26="",H26>=集計!$C$5)),"○","")) -> ○ | N26: =IF(M26="○",A26,"") -> 栄春 | O26: =IF(OR(K26="",M26<>"○"),"",IF(COUNTIFS(K$6:K26,K26,M$6:M26,"○")=1,"○","")) -> ○
A27: 双美 | B27: 双美 | C27: 春風海運 | D27: タグ | E27: 門司港 | I27: 00_作成条件.md（ユーザー指定） | J27: 確認済み | K27: =IF(A27="","",IF(B27="",A27,B27)) -> 双美 | L27: =IF(A27="","",IF(C27="","未確認",IFERROR(INDEX(マスター!$R$6:$R$45,MATCH(C27,マスター!$Q$6:$Q$45,0)),"未確認"))) -> 他社 | M27: =IF(A27="","",IF(AND(OR(G27="",G27<=集計!$C$5),OR(H27="",H27>=集計!$C$5)),"○","")) -> ○ | N27: =IF(M27="○",A27,"") -> 双美 | O27: =IF(OR(K27="",M27<>"○"),"",IF(COUNTIFS(K$6:K27,K27,M$6:M27,"○")=1,"○","")) -> ○
A28: 春幸 | B28: 春幸 | C28: 春風海運 | D28: タグ | E28: 門司港 | I28: 00_作成条件.md（ユーザー指定） | J28: 確認済み | K28: =IF(A28="","",IF(B28="",A28,B28)) -> 春幸 | L28: =IF(A28="","",IF(C28="","未確認",IFERROR(INDEX(マスター!$R$6:$R$45,MATCH(C28,マスター!$Q$6:$Q$45,0)),"未確認"))) -> 他社 | M28: =IF(A28="","",IF(AND(OR(G28="",G28<=集計!$C$5),OR(H28="",H28>=集計!$C$5)),"○","")) -> ○ | N28: =IF(M28="○",A28,"") -> 春幸 | O28: =IF(OR(K28="",M28<>"○"),"",IF(COUNTIFS(K$6:K28,K28,M$6:M28,"○")=1,"○","")) -> ○
A29: さくら | D29: タグ | E29: 未確認 | I29: 元帳R7年度（S列「洞」は参考。会社は推定しない） | J29: 要確認（正式船名・会社） | K29: =IF(A29="","",IF(B29="",A29,B29)) -> さくら | L29: =IF(A29="","",IF(C29="","未確認",IFERROR(INDEX(マスター!$R$6:$R$45,MATCH(C29,マスター!$Q$6:$Q$45,0)),"未確認"))) -> 未確認 | M29: =IF(A29="","",IF(AND(OR(G29="",G29<=集計!$C$5),OR(H29="",H29>=集計!$C$5)),"○","")) -> ○ | N29: =IF(M29="○",A29,"") -> さくら | O29: =IF(OR(K29="",M29<>"○"),"",IF(COUNTIFS(K$6:K29,K29,M$6:M29,"○")=1,"○","")) -> ○
A30: みさき | D30: タグ | E30: 未確認 | I30: 元帳R7年度（S列「洞」は参考。会社は推定しない） | J30: 要確認（正式船名・会社） | K30: =IF(A30="","",IF(B30="",A30,B30)) -> みさき | L30: =IF(A30="","",IF(C30="","未確認",IFERROR(INDEX(マスター!$R$6:$R$45,MATCH(C30,マスター!$Q$6:$Q$45,0)),"未確認"))) -> 未確認 | M30: =IF(A30="","",IF(AND(OR(G30="",G30<=集計!$C$5),OR(H30="",H30>=集計!$C$5)),"○","")) -> ○ | N30: =IF(M30="○",A30,"") -> みさき | O30: =IF(OR(K30="",M30<>"○"),"",IF(COUNTIFS(K$6:K30,K30,M$6:M30,"○")=1,"○","")) -> ○
A31: 竜山 | D31: タグ | E31: 未確認 | I31: 元帳R7年度（S列「矢」は参考。会社は推定しない） | J31: 要確認（正式船名・会社） | K31: =IF(A31="","",IF(B31="",A31,B31)) -> 竜山 | L31: =IF(A31="","",IF(C31="","未確認",IFERROR(INDEX(マスター!$R$6:$R$45,MATCH(C31,マスター!$Q$6:$Q$45,0)),"未確認"))) -> 未確認 | M31: =IF(A31="","",IF(AND(OR(G31="",G31<=集計!$C$5),OR(H31="",H31>=集計!$C$5)),"○","")) -> ○ | N31: =IF(M31="○",A31,"") -> 竜山 | O31: =IF(OR(K31="",M31<>"○"),"",IF(COUNTIFS(K$6:K31,K31,M$6:M31,"○")=1,"○","")) -> ○
A32: 竜峰 | D32: タグ | E32: 未確認 | I32: 元帳R7年度（S列「矢」は参考。会社は推定しない） | J32: 要確認（正式船名・会社） | K32: =IF(A32="","",IF(B32="",A32,B32)) -> 竜峰 | L32: =IF(A32="","",IF(C32="","未確認",IFERROR(INDEX(マスター!$R$6:$R$45,MATCH(C32,マスター!$Q$6:$Q$45,0)),"未確認"))) -> 未確認 | M32: =IF(A32="","",IF(AND(OR(G32="",G32<=集計!$C$5),OR(H32="",H32>=集計!$C$5)),"○","")) -> ○ | N32: =IF(M32="○",A32,"") -> 竜峰 | O32: =IF(OR(K32="",M32<>"○"),"",IF(COUNTIFS(K$6:K32,K32,M$6:M32,"○")=1,"○","")) -> ○
A33: 竜昇 | D33: タグ | E33: 未確認 | I33: 元帳R7年度（S列「矢」は参考。会社は推定しない） | J33: 要確認（正式船名・会社） | K33: =IF(A33="","",IF(B33="",A33,B33)) -> 竜昇 | L33: =IF(A33="","",IF(C33="","未確認",IFERROR(INDEX(マスター!$R$6:$R$45,MATCH(C33,マスター!$Q$6:$Q$45,0)),"未確認"))) -> 未確認 | M33: =IF(A33="","",IF(AND(OR(G33="",G33<=集計!$C$5),OR(H33="",H33>=集計!$C$5)),"○","")) -> ○ | N33: =IF(M33="○",A33,"") -> 竜昇 | O33: =IF(OR(K33="",M33<>"○"),"",IF(COUNTIFS(K$6:K33,K33,M$6:M33,"○")=1,"○","")) -> ○
A34: 竜海 | D34: タグ | E34: 未確認 | I34: 元帳R7年度（S列「矢」は参考。会社は推定しない） | J34: 要確認（正式船名・会社） | K34: =IF(A34="","",IF(B34="",A34,B34)) -> 竜海 | L34: =IF(A34="","",IF(C34="","未確認",IFERROR(INDEX(マスター!$R$6:$R$45,MATCH(C34,マスター!$Q$6:$Q$45,0)),"未確認"))) -> 未確認 | M34: =IF(A34="","",IF(AND(OR(G34="",G34<=集計!$C$5),OR(H34="",H34>=集計!$C$5)),"○","")) -> ○ | N34: =IF(M34="○",A34,"") -> 竜海 | O34: =IF(OR(K34="",M34<>"○"),"",IF(COUNTIFS(K$6:K34,K34,M$6:M34,"○")=1,"○","")) -> ○
A35: 慶鳳丸 | D35: タグ | E35: 未確認 | I35: 元帳R7年度 | J35: 要確認（正式船名・会社） | K35: =IF(A35="","",IF(B35="",A35,B35)) -> 慶鳳丸 | L35: =IF(A35="","",IF(C35="","未確認",IFERROR(INDEX(マスター!$R$6:$R$45,MATCH(C35,マスター!$Q$6:$Q$45,0)),"未確認"))) -> 未確認 | M35: =IF(A35="","",IF(AND(OR(G35="",G35<=集計!$C$5),OR(H35="",H35>=集計!$C$5)),"○","")) -> ○ | N35: =IF(M35="○",A35,"") -> 慶鳳丸 | O35: =IF(OR(K35="",M35<>"○"),"",IF(COUNTIFS(K$6:K35,K35,M$6:M35,"○")=1,"○","")) -> ○
A36: 秀豊 | D36: タグ | E36: 未確認 | I36: 元帳R7年度（秀豊丸と同一船かは未確認） | J36: 要確認（正式船名・会社） | K36: =IF(A36="","",IF(B36="",A36,B36)) -> 秀豊 | L36: =IF(A36="","",IF(C36="","未確認",IFERROR(INDEX(マスター!$R$6:$R$45,MATCH(C36,マスター!$Q$6:$Q$45,0)),"未確認"))) -> 未確認 | M36: =IF(A36="","",IF(AND(OR(G36="",G36<=集計!$C$5),OR(H36="",H36>=集計!$C$5)),"○","")) -> ○ | N36: =IF(M36="○",A36,"") -> 秀豊 | O36: =IF(OR(K36="",M36<>"○"),"",IF(COUNTIFS(K$6:K36,K36,M$6:M36,"○")=1,"○","")) -> ○
A37: 秀豊丸 | D37: タグ | E37: 未確認 | I37: 元帳R7年度（秀豊と同一船かは未確認） | J37: 要確認（正式船名・会社） | K37: =IF(A37="","",IF(B37="",A37,B37)) -> 秀豊丸 | L37: =IF(A37="","",IF(C37="","未確認",IFERROR(INDEX(マスター!$R$6:$R$45,MATCH(C37,マスター!$Q$6:$Q$45,0)),"未確認"))) -> 未確認 | M37: =IF(A37="","",IF(AND(OR(G37="",G37<=集計!$C$5),OR(H37="",H37>=集計!$C$5)),"○","")) -> ○ | N37: =IF(M37="○",A37,"") -> 秀豊丸 | O37: =IF(OR(K37="",M37<>"○"),"",IF(COUNTIFS(K$6:K37,K37,M$6:M37,"○")=1,"○","")) -> ○
A38: まんじゅ | D38: 未確認 | E38: 未確認 | I38: 元帳R7年度。LNGエスコートのみ・時刻空欄。既存集計では除外とみられる | J38: 要確認（種類・会社） | K38: =IF(A38="","",IF(B38="",A38,B38)) -> まんじゅ | L38: =IF(A38="","",IF(C38="","未確認",IFERROR(INDEX(マスター!$R$6:$R$45,MATCH(C38,マスター!$Q$6:$Q$45,0)),"未確認"))) -> 未確認 | M38: =IF(A38="","",IF(AND(OR(G38="",G38<=集計!$C$5),OR(H38="",H38>=集計!$C$5)),"○","")) -> ○ | N38: =IF(M38="○",A38,"") -> まんじゅ | O38: =IF(OR(K38="",M38<>"○"),"",IF(COUNTIFS(K$6:K38,K38,M$6:M38,"○")=1,"○","")) -> ○
A39: せいじゅ | D39: 未確認 | E39: 未確認 | I39: 元帳R7年度。LNGエスコートのみ・時刻空欄。既存集計では除外とみられる | J39: 要確認（種類・会社） | K39: =IF(A39="","",IF(B39="",A39,B39)) -> せいじゅ | L39: =IF(A39="","",IF(C39="","未確認",IFERROR(INDEX(マスター!$R$6:$R$45,MATCH(C39,マスター!$Q$6:$Q$45,0)),"未確認"))) -> 未確認 | M39: =IF(A39="","",IF(AND(OR(G39="",G39<=集計!$C$5),OR(H39="",H39>=集計!$C$5)),"○","")) -> ○ | N39: =IF(M39="○",A39,"") -> せいじゅ | O39: =IF(OR(K39="",M39<>"○"),"",IF(COUNTIFS(K$6:K39,K39,M$6:M39,"○")=1,"○","")) -> ○
A40: 試験A船 | C40: 試験会社 | D40: タグ | E40: 門司港 | J40: 確認済み | K40: =IF(A40="","",IF(B40="",A40,B40)) -> 試験A船 | L40: =IF(A40="","",IF(C40="","未確認",IFERROR(INDEX(マスター!$R$6:$R$45,MATCH(C40,マスター!$Q$6:$Q$45,0)),"未確認"))) -> 他社 | M40: =IF(A40="","",IF(AND(OR(G40="",G40<=集計!$C$5),OR(H40="",H40>=集計!$C$5)),"○","")) -> ○ | N40: =IF(M40="○",A40,"") -> 試験A船 | O40: =IF(OR(K40="",M40<>"○"),"",IF(COUNTIFS(K$6:K40,K40,M$6:M40,"○")=1,"○","")) -> ○
A41: 試験B船 | C41: 試験会社 | D41: タグ | E41: 門司港 | J41: 確認済み | K41: =IF(A41="","",IF(B41="",A41,B41)) -> 試験B船 | L41: =IF(A41="","",IF(C41="","未確認",IFERROR(INDEX(マスター!$R$6:$R$45,MATCH(C41,マスター!$Q$6:$Q$45,0)),"未確認"))) -> 他社 | M41: =IF(A41="","",IF(AND(OR(G41="",G41<=集計!$C$5),OR(H41="",H41>=集計!$C$5)),"○","")) -> ○ | N41: =IF(M41="○",A41,"") -> 試験B船 | O41: =IF(OR(K41="",M41<>"○"),"",IF(COUNTIFS(K$6:K41,K41,M$6:M41,"○")=1,"○","")) -> ○
A42: 試験C船 | C42: 試験会社 | D42: タグ | E42: 門司港 | J42: 確認済み | K42: =IF(A42="","",IF(B42="",A42,B42)) -> 試験C船 | L42: =IF(A42="","",IF(C42="","未確認",IFERROR(INDEX(マスター!$R$6:$R$45,MATCH(C42,マスター!$Q$6:$Q$45,0)),"未確認"))) -> 他社 | M42: =IF(A42="","",IF(AND(OR(G42="",G42<=集計!$C$5),OR(H42="",H42>=集計!$C$5)),"○","")) -> ○ | N42: =IF(M42="○",A42,"") -> 試験C船 | O42: =IF(OR(K42="",M42<>"○"),"",IF(COUNTIFS(K$6:K42,K42,M$6:M42,"○")=1,"○","")) -> ○
K43: =IF(A43="","",IF(B43="",A43,B43)) | L43: =IF(A43="","",IF(C43="","未確認",IFERROR(INDEX(マスター!$R$6:$R$45,MATCH(C43,マスター!$Q$6:$Q$45,0)),"未確認"))) | M43: =IF(A43="","",IF(AND(OR(G43="",G43<=集計!$C$5),OR(H43="",H43>=集計!$C$5)),"○","")) | N43: =IF(M43="○",A43,"") | O43: =IF(OR(K43="",M43<>"○"),"",IF(COUNTIFS(K$6:K43,K43,M$6:M43,"○")=1,"○",""))
K44: =IF(A44="","",IF(B44="",A44,B44)) | L44: =IF(A44="","",IF(C44="","未確認",IFERROR(INDEX(マスター!$R$6:$R$45,MATCH(C44,マスター!$Q$6:$Q$45,0)),"未確認"))) | M44: =IF(A44="","",IF(AND(OR(G44="",G44<=集計!$C$5),OR(H44="",H44>=集計!$C$5)),"○","")) | N44: =IF(M44="○",A44,"") | O44: =IF(OR(K44="",M44<>"○"),"",IF(COUNTIFS(K$6:K44,K44,M$6:M44,"○")=1,"○",""))
K45: =IF(A45="","",IF(B45="",A45,B45)) | L45: =IF(A45="","",IF(C45="","未確認",IFERROR(INDEX(マスター!$R$6:$R$45,MATCH(C45,マスター!$Q$6:$Q$45,0)),"未確認"))) | M45: =IF(A45="","",IF(AND(OR(G45="",G45<=集計!$C$5),OR(H45="",H45>=集計!$C$5)),"○","")) | N45: =IF(M45="○",A45,"") | O45: =IF(OR(K45="",M45<>"○"),"",IF(COUNTIFS(K$6:K45,K45,M$6:M45,"○")=1,"○",""))
K46: =IF(A46="","",IF(B46="",A46,B46)) | L46: =IF(A46="","",IF(C46="","未確認",IFERROR(INDEX(マスター!$R$6:$R$45,MATCH(C46,マスター!$Q$6:$Q$45,0)),"未確認"))) | M46: =IF(A46="","",IF(AND(OR(G46="",G46<=集計!$C$5),OR(H46="",H46>=集計!$C$5)),"○","")) | N46: =IF(M46="○",A46,"") | O46: =IF(OR(K46="",M46<>"○"),"",IF(COUNTIFS(K$6:K46,K46,M$6:M46,"○")=1,"○",""))
K47: =IF(A47="","",IF(B47="",A47,B47)) | L47: =IF(A47="","",IF(C47="","未確認",IFERROR(INDEX(マスター!$R$6:$R$45,MATCH(C47,マスター!$Q$6:$Q$45,0)),"未確認"))) | M47: =IF(A47="","",IF(AND(OR(G47="",G47<=集計!$C$5),OR(H47="",H47>=集計!$C$5)),"○","")) | N47: =IF(M47="○",A47,"") | O47: =IF(OR(K47="",M47<>"○"),"",IF(COUNTIFS(K$6:K47,K47,M$6:M47,"○")=1,"○",""))
K48: =IF(A48="","",IF(B48="",A48,B48)) | L48: =IF(A48="","",IF(C48="","未確認",IFERROR(INDEX(マスター!$R$6:$R$45,MATCH(C48,マスター!$Q$6:$Q$45,0)),"未確認"))) | M48: =IF(A48="","",IF(AND(OR(G48="",G48<=集計!$C$5),OR(H48="",H48>=集計!$C$5)),"○","")) | N48: =IF(M48="○",A48,"") | O48: =IF(OR(K48="",M48<>"○"),"",IF(COUNTIFS(K$6:K48,K48,M$6:M48,"○")=1,"○",""))
K49: =IF(A49="","",IF(B49="",A49,B49)) | L49: =IF(A49="","",IF(C49="","未確認",IFERROR(INDEX(マスター!$R$6:$R$45,MATCH(C49,マスター!$Q$6:$Q$45,0)),"未確認"))) | M49: =IF(A49="","",IF(AND(OR(G49="",G49<=集計!$C$5),OR(H49="",H49>=集計!$C$5)),"○","")) | N49: =IF(M49="○",A49,"") | O49: =IF(OR(K49="",M49<>"○"),"",IF(COUNTIFS(K$6:K49,K49,M$6:M49,"○")=1,"○",""))
K50: =IF(A50="","",IF(B50="",A50,B50)) | L50: =IF(A50="","",IF(C50="","未確認",IFERROR(INDEX(マスター!$R$6:$R$45,MATCH(C50,マスター!$Q$6:$Q$45,0)),"未確認"))) | M50: =IF(A50="","",IF(AND(OR(G50="",G50<=集計!$C$5),OR(H50="",H50>=集計!$C$5)),"○","")) | N50: =IF(M50="○",A50,"") | O50: =IF(OR(K50="",M50<>"○"),"",IF(COUNTIFS(K$6:K50,K50,M$6:M50,"○")=1,"○",""))
K51: =IF(A51="","",IF(B51="",A51,B51)) | L51: =IF(A51="","",IF(C51="","未確認",IFERROR(INDEX(マスター!$R$6:$R$45,MATCH(C51,マスター!$Q$6:$Q$45,0)),"未確認"))) | M51: =IF(A51="","",IF(AND(OR(G51="",G51<=集計!$C$5),OR(H51="",H51>=集計!$C$5)),"○","")) | N51: =IF(M51="○",A51,"") | O51: =IF(OR(K51="",M51<>"○"),"",IF(COUNTIFS(K$6:K51,K51,M$6:M51,"○")=1,"○",""))
K52: =IF(A52="","",IF(B52="",A52,B52)) | L52: =IF(A52="","",IF(C52="","未確認",IFERROR(INDEX(マスター!$R$6:$R$45,MATCH(C52,マスター!$Q$6:$Q$45,0)),"未確認"))) | M52: =IF(A52="","",IF(AND(OR(G52="",G52<=集計!$C$5),OR(H52="",H52>=集計!$C$5)),"○","")) | N52: =IF(M52="○",A52,"") | O52: =IF(OR(K52="",M52<>"○"),"",IF(COUNTIFS(K$6:K52,K52,M$6:M52,"○")=1,"○",""))
K53: =IF(A53="","",IF(B53="",A53,B53)) | L53: =IF(A53="","",IF(C53="","未確認",IFERROR(INDEX(マスター!$R$6:$R$45,MATCH(C53,マスター!$Q$6:$Q$45,0)),"未確認"))) | M53: =IF(A53="","",IF(AND(OR(G53="",G53<=集計!$C$5),OR(H53="",H53>=集計!$C$5)),"○","")) | N53: =IF(M53="○",A53,"") | O53: =IF(OR(K53="",M53<>"○"),"",IF(COUNTIFS(K$6:K53,K53,M$6:M53,"○")=1,"○",""))
K54: =IF(A54="","",IF(B54="",A54,B54)) | L54: =IF(A54="","",IF(C54="","未確認",IFERROR(INDEX(マスター!$R$6:$R$45,MATCH(C54,マスター!$Q$6:$Q$45,0)),"未確認"))) | M54: =IF(A54="","",IF(AND(OR(G54="",G54<=集計!$C$5),OR(H54="",H54>=集計!$C$5)),"○","")) | N54: =IF(M54="○",A54,"") | O54: =IF(OR(K54="",M54<>"○"),"",IF(COUNTIFS(K$6:K54,K54,M$6:M54,"○")=1,"○",""))
... K125: =IF(A125="","",IF(B125="",A125,B125)) | L125: =IF(A125="","",IF(C125="","未確認",IFERROR(INDEX(マスター!$R$6:$R$45,MATCH(C125,マスター!$Q$6:$Q$45,0)),"未確認"))) | M125: =IF(A125="","",IF(AND(OR(G125="",G125<=集計!$C$5),OR(H125="",H125>=集計!$C$5)),"○","")) | N125: =IF(M125="○",A125,"") | O125: =IF(OR(K125="",M125<>"○"),"",IF(COUNTIFS(K$6:K125,K125,M$6:M125,"○")=1,"○",""))

Sheet 集計
A1: 集計（自動表示。入力できるのは C7 の確認する時刻だけ）
A2: 誰が：全員が見る 何を見て：各シートの入力結果 どこへ：入力欄は C7（供給可能船を確認する時刻。空欄なら最大同時の時刻）のみ
A3: この試作は入力と集計のつながりを試すものです。3隻と4隻の比較の結論や、4隻の必要性を示すものではありません。
B5: 対象日 | C5: =前日確定!$C$6 -> 45962 | D5: 取込時に設定（実績が0件の日も保持）
B6: 時刻の扱い | C6: 候補・時刻要確認 | D6: 元帳の作業時間が基地発・基地着か未確認のため、同時稼働は候補
B7: 供給可能船を確認する時刻【入力】 | D7: 空欄なら最大同時の時刻（右の「供給可能船の確認」へ反映）
B8: ■ 実績（元帳） | F8: ■ 時間帯別の最大同時稼働（候補） | M8: ■ 供給可能船の確認（確認する時刻に、入渠中・他港作業中・作業中・未確認の船を除く）
B9: 作業件数 | C9: =COUNTIF(実績!$C$6:$C$505,"○") -> 3 | D9: 元帳の1作業（タグ別行ではない） | F9: 時台 | G9: 全体【自動】 | H9: 本船作業数【自動】 | I9: 製鉄曳船（要確認）【自動】 | J9: 西日本海運【自動】 | K9: 高炉原料を除く【自動】 | M9: 確認する時刻【自動】 | N9: =IF(C7<>"",C7,IF(C14=0,"",INDEX(_計算!$B$6:$B$293,MATCH(C14,_計算!$DS$6:$DS$293,0)))) -> 0.39583333 | O9: =IF(N9="","",ROUND(N9*1440,0)) -> 570 | P9: =IF(O9="",1,MIN(288,INT(O9/5)+1)) -> 115
B10: 延べタグ（タグ欄の行数） | C10: =COUNTA(実績!$R$6:$R$505) -> 4 | D10: 取消し記載の行も含む | F10: 0時 | G10: =MAX(_計算!DS6:DS17) -> 0 | H10: =MAX(_計算!DT6:DT17) -> 0 | I10: =MAX(_計算!DU6:DU17) -> 0 | J10: =MAX(_計算!DV6:DV17) -> 0 | K10: =MAX(_計算2!DS6:DS17) -> 0 | M10: 供給可能（待機） | N10: =COUNTIF($P$22:$P$141,M10) -> 7
B11: うち取消しの記載がある行 | C11: =COUNTIF(実績!$U$6:$U$505,"○") -> 0 | D11: 同時稼働には含めない | F11: 1時 | G11: =MAX(_計算!DS18:DS29) -> 0 | H11: =MAX(_計算!DT18:DT29) -> 0 | I11: =MAX(_計算!DU18:DU29) -> 0 | J11: =MAX(_計算!DV18:DV29) -> 0 | K11: =MAX(_計算2!DS18:DS29) -> 0 | M11: 供給可能（他社・対応可） | N11: =COUNTIF($P$22:$P$141,M11) -> 0
B12: うち時刻がない行 | C12: =COUNTIF(実績!$V$6:$V$505,"時刻なし*") -> 0 | D12: 同時稼働には含めない | F12: 2時 | G12: =MAX(_計算!DS30:DS41) -> 0 | H12: =MAX(_計算!DT30:DT41) -> 0 | I12: =MAX(_計算!DU30:DU41) -> 0 | J12: =MAX(_計算!DV30:DV41) -> 0 | K12: =MAX(_計算2!DS30:DS41) -> 0 | M12: 作業中 | N12: =COUNTIF($P$22:$P$141,M12) -> 3
B13: 同時稼働に含めた行 | C13: =COUNTIF(実績!$AK$6:$AK$505,"○") -> 4 | D13: 取消し・時刻なし・通船等を除く | F13: 3時 | G13: =MAX(_計算!DS42:DS53) -> 0 | H13: =MAX(_計算!DT42:DT53) -> 0 | I13: =MAX(_計算!DU42:DU53) -> 0 | J13: =MAX(_計算!DV42:DV53) -> 0 | K13: =MAX(_計算2!DS42:DS53) -> 0 | M13: 入渠中 | N13: =COUNTIF($P$22:$P$141,M13) -> 0
B14: 最大同時稼働隻数（候補） | C14: =MAX(_計算!$DS$6:$DS$293) -> 3 | D14: 同じ船は1隻。複数本船の作業を重ねた5分刻みの最大 | F14: 4時 | G14: =MAX(_計算!DS54:DS65) -> 0 | H14: =MAX(_計算!DT54:DT65) -> 0 | I14: =MAX(_計算!DU54:DU65) -> 0 | J14: =MAX(_計算!DV54:DV65) -> 0 | K14: =MAX(_計算2!DS54:DS65) -> 0 | M14: 他港作業中 | N14: =COUNTIF($P$22:$P$141,M14) -> 0
B15: 最初にその隻数となった時刻 | C15: =IF(C14=0,"—",INDEX(_計算!$B$6:$B$293,MATCH(C14,_計算!$DS$6:$DS$293,0))) -> 0.39583333 | F15: 5時 | G15: =MAX(_計算!DS66:DS77) -> 0 | H15: =MAX(_計算!DT66:DT77) -> 0 | I15: =MAX(_計算!DU66:DU77) -> 0 | J15: =MAX(_計算!DV66:DV77) -> 0 | K15: =MAX(_計算2!DS66:DS77) -> 0 | M15: 対応不可 | N15: =COUNTIF($P$22:$P$141,M15) -> 0
B16: その時刻に作業中の本船作業数 | C16: =IF(C14=0,0,INDEX(_計算!$DT$6:$DT$293,MATCH(C14,_計算!$DS$6:$DS$293,0))) -> 3 | D16: 1本船だけで3隻以上か、複数本船の重なりかを区別 | F16: 6時 | G16: =MAX(_計算!DS78:DS89) -> 0 | H16: =MAX(_計算!DT78:DT89) -> 0 | I16: =MAX(_計算!DU78:DU89) -> 0 | J16: =MAX(_計算!DV78:DV89) -> 0 | K16: =MAX(_計算2!DS78:DS89) -> 0 | M16: 未確認（他社の対応可否が空欄） | N16: =COUNTIF($P$22:$P$141,M16) -> 9
B17: 同時3隻以上の時間（分） | C17: =COUNTIF(_計算!$DS$6:$DS$293,">=3")*5 -> 30 | F17: 7時 | G17: =MAX(_計算!DS90:DS101) -> 0 | H17: =MAX(_計算!DT90:DT101) -> 0 | I17: =MAX(_計算!DU90:DU101) -> 0 | J17: =MAX(_計算!DV90:DV101) -> 0 | K17: =MAX(_計算2!DS90:DS101) -> 0 | M17: 未確認（会社未確認） | N17: =COUNTIF($P$22:$P$141,M17) -> 11
B18: うち複数本船の重なり（分） | C18: =SUMPRODUCT((_計算!$DS$6:$DS$293>=3)*(_計算!$DT$6:$DT$293>=2))*5 -> 30 | F18: 8時 | G18: =MAX(_計算!DS102:DS113) -> 0 | H18: =MAX(_計算!DT102:DT113) -> 0 | I18: =MAX(_計算!DU102:DU113) -> 0 | J18: =MAX(_計算!DV102:DV113) -> 0 | K18: =MAX(_計算2!DS102:DS113) -> 0 | M18: 対象外（記号との対応未確認） | N18: =COUNTIF($P$22:$P$141,M18) -> 7
B19: うち1本船のみ（分） | C19: =SUMPRODUCT((_計算!$DS$6:$DS$293>=3)*(_計算!$DT$6:$DT$293<2))*5 -> 0 | F19: 9時 | G19: =MAX(_計算!DS114:DS125) -> 3 | H19: =MAX(_計算!DT114:DT125) -> 3 | I19: =MAX(_計算!DU114:DU125) -> 0 | J19: =MAX(_計算!DV114:DV125) -> 0 | K19: =MAX(_計算2!DS114:DS125) -> 3 | M19: 対象外（通船・警戒船） | N19: =COUNTIF($P$22:$P$141,M19) -> 0
B20: 同時4隻以上の時間（分） | C20: =COUNTIF(_計算!$DS$6:$DS$293,">=4")*5 -> 0 | F20: 10時 | G20: =MAX(_計算!DS126:DS137) -> 1 | H20: =MAX(_計算!DT126:DT137) -> 1 | I20: =MAX(_計算!DU126:DU137) -> 0 | J20: =MAX(_計算!DV126:DV137) -> 0 | K20: =MAX(_計算2!DS126:DS137) -> 1 | M20: ※ 常駐側は、マスターで「常駐側の供給数に数える」に○の船。他社は「他社配置」で対応可否が「可」の船だけを供給可能に数え、空欄は未確認。乗組員の出勤は別（前日確定）。
B21: 同時5隻以上の時間（分） | C21: =COUNTIF(_計算!$DS$6:$DS$293,">=5")*5 -> 0 | F21: 11時 | G21: =MAX(_計算!DS138:DS149) -> 0 | H21: =MAX(_計算!DT138:DT149) -> 0 | I21: =MAX(_計算!DU138:DU149) -> 0 | J21: =MAX(_計算!DV138:DV149) -> 0 | K21: =MAX(_計算2!DS138:DS149) -> 0 | M21: 船（集計船名）【自動】 | N21: 会社【自動】 | O21: 会社区分【自動】 | P21: 状態【自動】
B22: 製鉄曳船（会社要確認）の最大同時 | C22: =MAX(_計算!$DU$6:$DU$293) -> 0 | D22: マスターで会社区分が「製鉄曳船」の船 | F22: 12時 | G22: =MAX(_計算!DS150:DS161) -> 0 | H22: =MAX(_計算!DT150:DT161) -> 0 | I22: =MAX(_計算!DU150:DU161) -> 0 | J22: =MAX(_計算!DV150:DV161) -> 0 | K22: =MAX(_計算2!DS150:DS161) -> 0 | M22: =IF(マスター!$O$6<>"○","",マスター!$K$6) -> 八幡丸 | N22: =IF(M22="","",IF(マスター!$C$6="","未確認",マスター!$C$6)) -> 製鉄曳船 | O22: =IF(M22="","",マスター!$L$6) -> 製鉄曳船 | P22: =IF(M22="","",IF(マスター!$D$6="通船・警戒船","対象外（通船・警戒船）",IF(COUNTIFS(入渠!$H$6:$H$55,M22,入渠!$G$6:$G$55,"○")>0,"入渠中",IF(AND($O$9<>"",COUNTIFS(他港作業!$K$6:$K$55,M22,他港作業!$L$6:$L$55,"<="&$O$9,他港作業!$M$6:$M$55,">"&$O$9)+COUNTIFS(他港作業!$K$6:$K$55,M22,他港作業!$L$6:$L$55,"<="&$O$9,他港作業!$E$6:$E$55,"")>0),"他港作業中",IF(INDEX(_計算!$C$6:$DR$293,$P$9,1)=1,"作業中",IF(O22="未確認","未確認（会社未確認）",IF(OR(O22="製鉄曳船",O22="西日本海運"),IF(マスター!$F$6="○","供給可能（待機）","対象外（記号との対応未確認）"),IF(COUNTIFS(他社配置!$L$6:$L$55,M22,他社配置!$J$6:$J$55,"○",他社配置!$F$6:$F$55,"可")>0,"供給可能（他社・対応可）",IF(COUNTIFS(他社配置!$L$6:$L$55,M22,他社配置!$J$6:$J$55,"○",他社配置!$F$6:$F$55,"不可")>0,"対応不可","未確認（他社の対応可否が空欄）"))))))))) -> 対象外（記号との対応未確認）
B23: 西日本海運の最大同時 | C23: =MAX(_計算!$DV$6:$DV$293) -> 0 | F23: 13時 | G23: =MAX(_計算!DS162:DS173) -> 0 | H23: =MAX(_計算!DT162:DT173) -> 0 | I23: =MAX(_計算!DU162:DU173) -> 0 | J23: =MAX(_計算!DV162:DV173) -> 0 | K23: =MAX(_計算2!DS162:DS173) -> 0 | M23: =IF(マスター!$O$7<>"○","",マスター!$K$7) -> 鐵豊丸 | N23: =IF(M23="","",IF(マスター!$C$7="","未確認",マスター!$C$7)) -> 製鉄曳船 | O23: =IF(M23="","",マスター!$L$7) -> 製鉄曳船 | P23: =IF(M23="","",IF(マスター!$D$7="通船・警戒船","対象外（通船・警戒船）",IF(COUNTIFS(入渠!$H$6:$H$55,M23,入渠!$G$6:$G$55,"○")>0,"入渠中",IF(AND($O$9<>"",COUNTIFS(他港作業!$K$6:$K$55,M23,他港作業!$L$6:$L$55,"<="&$O$9,他港作業!$M$6:$M$55,">"&$O$9)+COUNTIFS(他港作業!$K$6:$K$55,M23,他港作業!$L$6:$L$55,"<="&$O$9,他港作業!$E$6:$E$55,"")>0),"他港作業中",IF(INDEX(_計算!$C$6:$DR$293,$P$9,2)=1,"作業中",IF(O23="未確認","未確認（会社未確認）",IF(OR(O23="製鉄曳船",O23="西日本海運"),IF(マスター!$F$7="○","供給可能（待機）","対象外（記号との対応未確認）"),IF(COUNTIFS(他社配置!$L$6:$L$55,M23,他社配置!$J$6:$J$55,"○",他社配置!$F$6:$F$55,"可")>0,"供給可能（他社・対応可）",IF(COUNTIFS(他社配置!$L$6:$L$55,M23,他社配置!$J$6:$J$55,"○",他社配置!$F$6:$F$55,"不可")>0,"対応不可","未確認（他社の対応可否が空欄）"))))))))) -> 対象外（記号との対応未確認）
B24: 重複配船の警告がある行 | C24: =COUNTIF(実績!$AH$6:$AH$505,"重複配船*") -> 0 | D24: 同じ船が同じ時間に別作業 | F24: 14時 | G24: =MAX(_計算!DS174:DS185) -> 0 | H24: =MAX(_計算!DT174:DT185) -> 0 | I24: =MAX(_計算!DU174:DU185) -> 0 | J24: =MAX(_計算!DV174:DV185) -> 0 | K24: =MAX(_計算2!DS174:DS185) -> 0 | M24: =IF(マスター!$O$8<>"○","",マスター!$K$8) -> 新豊丸 | N24: =IF(M24="","",IF(マスター!$C$8="","未確認",マスター!$C$8)) -> 製鉄曳船 | O24: =IF(M24="","",マスター!$L$8) -> 製鉄曳船 | P24: =IF(M24="","",IF(マスター!$D$8="通船・警戒船","対象外（通船・警戒船）",IF(COUNTIFS(入渠!$H$6:$H$55,M24,入渠!$G$6:$G$55,"○")>0,"入渠中",IF(AND($O$9<>"",COUNTIFS(他港作業!$K$6:$K$55,M24,他港作業!$L$6:$L$55,"<="&$O$9,他港作業!$M$6:$M$55,">"&$O$9)+COUNTIFS(他港作業!$K$6:$K$55,M24,他港作業!$L$6:$L$55,"<="&$O$9,他港作業!$E$6:$E$55,"")>0),"他港作業中",IF(INDEX(_計算!$C$6:$DR$293,$P$9,3)=1,"作業中",IF(O24="未確認","未確認（会社未確認）",IF(OR(O24="製鉄曳船",O24="西日本海運"),IF(マスター!$F$8="○","供給可能（待機）","対象外（記号との対応未確認）"),IF(COUNTIFS(他社配置!$L$6:$L$55,M24,他社配置!$J$6:$J$55,"○",他社配置!$F$6:$F$55,"可")>0,"供給可能（他社・対応可）",IF(COUNTIFS(他社配置!$L$6:$L$55,M24,他社配置!$J$6:$J$55,"○",他社配置!$F$6:$F$55,"不可")>0,"対応不可","未確認（他社の対応可否が空欄）"))))))))) -> 対象外（記号との対応未確認）
B25: 同一記録の重複がある行 | C25: =COUNTIF(実績!$AH$6:$AH$505,"同一記録*") -> 2 | D25: 1隻として数えている | F25: 15時 | G25: =MAX(_計算!DS186:DS197) -> 0 | H25: =MAX(_計算!DT186:DT197) -> 0 | I25: =MAX(_計算!DU186:DU197) -> 0 | J25: =MAX(_計算!DV186:DV197) -> 0 | K25: =MAX(_計算2!DS186:DS197) -> 0 | M25: =IF(マスター!$O$9<>"○","",マスター!$K$9) -> 八豊丸 | N25: =IF(M25="","",IF(マスター!$C$9="","未確認",マスター!$C$9)) -> 製鉄曳船 | O25: =IF(M25="","",マスター!$L$9) -> 製鉄曳船 | P25: =IF(M25="","",IF(マスター!$D$9="通船・警戒船","対象外（通船・警戒船）",IF(COUNTIFS(入渠!$H$6:$H$55,M25,入渠!$G$6:$G$55,"○")>0,"入渠中",IF(AND($O$9<>"",COUNTIFS(他港作業!$K$6:$K$55,M25,他港作業!$L$6:$L$55,"<="&$O$9,他港作業!$M$6:$M$55,">"&$O$9)+COUNTIFS(他港作業!$K$6:$K$55,M25,他港作業!$L$6:$L$55,"<="&$O$9,他港作業!$E$6:$E$55,"")>0),"他港作業中",IF(INDEX(_計算!$C$6:$DR$293,$P$9,4)=1,"作業中",IF(O25="未確認","未確認（会社未確認）",IF(OR(O25="製鉄曳船",O25="西日本海運"),IF(マスター!$F$9="○","供給可能（待機）","対象外（記号との対応未確認）"),IF(COUNTIFS(他社配置!$L$6:$L$55,M25,他社配置!$J$6:$J$55,"○",他社配置!$F$6:$F$55,"可")>0,"供給可能（他社・対応可）",IF(COUNTIFS(他社配置!$L$6:$L$55,M25,他社配置!$J$6:$J$55,"○",他社配置!$F$6:$F$55,"不可")>0,"対応不可","未確認（他社の対応可否が空欄）"))))))))) -> 対象外（記号との対応未確認）
B26: マスター未登録の行 | C26: =COUNTIF(実績!$X$6:$X$505,"マスター未登録") -> 0 | D26: マスターへ追加すると解消 | F26: 16時 | G26: =MAX(_計算!DS198:DS209) -> 0 | H26: =MAX(_計算!DT198:DT209) -> 0 | I26: =MAX(_計算!DU198:DU209) -> 0 | J26: =MAX(_計算!DV198:DV209) -> 0 | K26: =MAX(_計算2!DS198:DS209) -> 0 | M26: =IF(マスター!$O$10<>"○","",マスター!$K$10) -> 松豊丸 | N26: =IF(M26="","",IF(マスター!$C$10="","未確認",マスター!$C$10)) -> 製鉄曳船 | O26: =IF(M26="","",マスター!$L$10) -> 製鉄曳船 | P26: =IF(M26="","",IF(マスター!$D$10="通船・警戒船","対象外（通船・警戒船）",IF(COUNTIFS(入渠!$H$6:$H$55,M26,入渠!$G$6:$G$55,"○")>0,"入渠中",IF(AND($O$9<>"",COUNTIFS(他港作業!$K$6:$K$55,M26,他港作業!$L$6:$L$55,"<="&$O$9,他港作業!$M$6:$M$55,">"&$O$9)+COUNTIFS(他港作業!$K$6:$K$55,M26,他港作業!$L$6:$L$55,"<="&$O$9,他港作業!$E$6:$E$55,"")>0),"他港作業中",IF(INDEX(_計算!$C$6:$DR$293,$P$9,5)=1,"作業中",IF(O26="未確認","未確認（会社未確認）",IF(OR(O26="製鉄曳船",O26="西日本海運"),IF(マスター!$F$10="○","供給可能（待機）","対象外（記号との対応未確認）"),IF(COUNTIFS(他社配置!$L$6:$L$55,M26,他社配置!$J$6:$J$55,"○",他社配置!$F$6:$F$55,"可")>0,"供給可能（他社・対応可）",IF(COUNTIFS(他社配置!$L$6:$L$55,M26,他社配置!$J$6:$J$55,"○",他社配置!$F$6:$F$55,"不可")>0,"対応不可","未確認（他社の対応可否が空欄）"))))))))) -> 対象外（記号との対応未確認）
B27: 船名・会社が確認済みでない行 | C27: =COUNTA(実績!$R$6:$R$505)-COUNTIF(実績!$Z$6:$Z$505,"確認済み") -> 0 | D27: 未確認として残している | F27: 17時 | G27: =MAX(_計算!DS210:DS221) -> 0 | H27: =MAX(_計算!DT210:DT221) -> 0 | I27: =MAX(_計算!DU210:DU221) -> 0 | J27: =MAX(_計算!DV210:DV221) -> 0 | K27: =MAX(_計算2!DS210:DS221) -> 0 | M27: =IF(マスター!$O$11<>"○","",マスター!$K$11) -> T | N27: =IF(M27="","",IF(マスター!$C$11="","未確認",マスター!$C$11)) -> 製鉄曳船 | O27: =IF(M27="","",マスター!$L$11) -> 製鉄曳船 | P27: =IF(M27="","",IF(マスター!$D$11="通船・警戒船","対象外（通船・警戒船）",IF(COUNTIFS(入渠!$H$6:$H$55,M27,入渠!$G$6:$G$55,"○")>0,"入渠中",IF(AND($O$9<>"",COUNTIFS(他港作業!$K$6:$K$55,M27,他港作業!$L$6:$L$55,"<="&$O$9,他港作業!$M$6:$M$55,">"&$O$9)+COUNTIFS(他港作業!$K$6:$K$55,M27,他港作業!$L$6:$L$55,"<="&$O$9,他港作業!$E$6:$E$55,"")>0),"他港作業中",IF(INDEX(_計算!$C$6:$DR$293,$P$9,6)=1,"作業中",IF(O27="未確認","未確認（会社未確認）",IF(OR(O27="製鉄曳船",O27="西日本海運"),IF(マスター!$F$11="○","供給可能（待機）","対象外（記号との対応未確認）"),IF(COUNTIFS(他社配置!$L$6:$L$55,M27,他社配置!$J$6:$J$55,"○",他社配置!$F$6:$F$55,"可")>0,"供給可能（他社・対応可）",IF(COUNTIFS(他社配置!$L$6:$L$55,M27,他社配置!$J$6:$J$55,"○",他社配置!$F$6:$F$55,"不可")>0,"対応不可","未確認（他社の対応可否が空欄）"))))))))) -> 供給可能（待機）
F28: 18時 | G28: =MAX(_計算!DS222:DS233) -> 0 | H28: =MAX(_計算!DT222:DT233) -> 0 | I28: =MAX(_計算!DU222:DU233) -> 0 | J28: =MAX(_計算!DV222:DV233) -> 0 | K28: =MAX(_計算2!DS222:DS233) -> 0 | M28: =IF(マスター!$O$12<>"○","",マスター!$K$12) -> S | N28: =IF(M28="","",IF(マスター!$C$12="","未確認",マスター!$C$12)) -> 製鉄曳船 | O28: =IF(M28="","",マスター!$L$12) -> 製鉄曳船 | P28: =IF(M28="","",IF(マスター!$D$12="通船・警戒船","対象外（通船・警戒船）",IF(COUNTIFS(入渠!$H$6:$H$55,M28,入渠!$G$6:$G$55,"○")>0,"入渠中",IF(AND($O$9<>"",COUNTIFS(他港作業!$K$6:$K$55,M28,他港作業!$L$6:$L$55,"<="&$O$9,他港作業!$M$6:$M$55,">"&$O$9)+COUNTIFS(他港作業!$K$6:$K$55,M28,他港作業!$L$6:$L$55,"<="&$O$9,他港作業!$E$6:$E$55,"")>0),"他港作業中",IF(INDEX(_計算!$C$6:$DR$293,$P$9,7)=1,"作業中",IF(O28="未確認","未確認（会社未確認）",IF(OR(O28="製鉄曳船",O28="西日本海運"),IF(マスター!$F$12="○","供給可能（待機）","対象外（記号との対応未確認）"),IF(COUNTIFS(他社配置!$L$6:$L$55,M28,他社配置!$J$6:$J$55,"○",他社配置!$F$6:$F$55,"可")>0,"供給可能（他社・対応可）",IF(COUNTIFS(他社配置!$L$6:$L$55,M28,他社配置!$J$6:$J$55,"○",他社配置!$F$6:$F$55,"不可")>0,"対応不可","未確認（他社の対応可否が空欄）"))))))))) -> 供給可能（待機）
B29: ■ 高炉原料を除いた集計（全作業の集計とは別に表示） | F29: 19時 | G29: =MAX(_計算!DS234:DS245) -> 0 | H29: =MAX(_計算!DT234:DT245) -> 0 | I29: =MAX(_計算!DU234:DU245) -> 0 | J29: =MAX(_計算!DV234:DV245) -> 0 | K29: =MAX(_計算2!DS234:DS245) -> 0 | M29: =IF(マスター!$O$13<>"○","",マスター!$K$13) -> Y | N29: =IF(M29="","",IF(マスター!$C$13="","未確認",マスター!$C$13)) -> 製鉄曳船 | O29: =IF(M29="","",マスター!$L$13) -> 製鉄曳船 | P29: =IF(M29="","",IF(マスター!$D$13="通船・警戒船","対象外（通船・警戒船）",IF(COUNTIFS(入渠!$H$6:$H$55,M29,入渠!$G$6:$G$55,"○")>0,"入渠中",IF(AND($O$9<>"",COUNTIFS(他港作業!$K$6:$K$55,M29,他港作業!$L$6:$L$55,"<="&$O$9,他港作業!$M$6:$M$55,">"&$O$9)+COUNTIFS(他港作業!$K$6:$K$55,M29,他港作業!$L$6:$L$55,"<="&$O$9,他港作業!$E$6:$E$55,"")>0),"他港作業中",IF(INDEX(_計算!$C$6:$DR$293,$P$9,8)=1,"作業中",IF(O29="未確認","未確認（会社未確認）",IF(OR(O29="製鉄曳船",O29="西日本海運"),IF(マスター!$F$13="○","供給可能（待機）","対象外（記号との対応未確認）"),IF(COUNTIFS(他社配置!$L$6:$L$55,M29,他社配置!$J$6:$J$55,"○",他社配置!$F$6:$F$55,"可")>0,"供給可能（他社・対応可）",IF(COUNTIFS(他社配置!$L$6:$L$55,M29,他社配置!$J$6:$J$55,"○",他社配置!$F$6:$F$55,"不可")>0,"対応不可","未確認（他社の対応可否が空欄）"))))))))) -> 供給可能（待機）
B30: 全作業：延べタグ | C30: =C10 -> 4 | F30: 20時 | G30: =MAX(_計算!DS246:DS257) -> 0 | H30: =MAX(_計算!DT246:DT257) -> 0 | I30: =MAX(_計算!DU246:DU257) -> 0 | J30: =MAX(_計算!DV246:DV257) -> 0 | K30: =MAX(_計算2!DS246:DS257) -> 0 | M30: =IF(マスター!$O$14<>"○","",マスター!$K$14) -> M | N30: =IF(M30="","",IF(マスター!$C$14="","未確認",マスター!$C$14)) -> 製鉄曳船 | O30: =IF(M30="","",マスター!$L$14) -> 製鉄曳船 | P30: =IF(M30="","",IF(マスター!$D$14="通船・警戒船","対象外（通船・警戒船）",IF(COUNTIFS(入渠!$H$6:$H$55,M30,入渠!$G$6:$G$55,"○")>0,"入渠中",IF(AND($O$9<>"",COUNTIFS(他港作業!$K$6:$K$55,M30,他港作業!$L$6:$L$55,"<="&$O$9,他港作業!$M$6:$M$55,">"&$O$9)+COUNTIFS(他港作業!$K$6:$K$55,M30,他港作業!$L$6:$L$55,"<="&$O$9,他港作業!$E$6:$E$55,"")>0),"他港作業中",IF(INDEX(_計算!$C$6:$DR$293,$P$9,9)=1,"作業中",IF(O30="未確認","未確認（会社未確認）",IF(OR(O30="製鉄曳船",O30="西日本海運"),IF(マスター!$F$14="○","供給可能（待機）","対象外（記号との対応未確認）"),IF(COUNTIFS(他社配置!$L$6:$L$55,M30,他社配置!$J$6:$J$55,"○",他社配置!$F$6:$F$55,"可")>0,"供給可能（他社・対応可）",IF(COUNTIFS(他社配置!$L$6:$L$55,M30,他社配置!$J$6:$J$55,"○",他社配置!$F$6:$F$55,"不可")>0,"対応不可","未確認（他社の対応可否が空欄）"))))))))) -> 供給可能（待機）
B31: 高炉原料を除く：延べタグ | C31: =COUNTIFS(実績!$R$6:$R$505,"<>",実績!$AD$6:$AD$505,"<>高炉原料") -> 4 | D31: マスターの品名で「高炉原料」の行を除く | F31: 21時 | G31: =MAX(_計算!DS258:DS269) -> 0 | H31: =MAX(_計算!DT258:DT269) -> 0 | I31: =MAX(_計算!DU258:DU269) -> 0 | J31: =MAX(_計算!DV258:DV269) -> 0 | K31: =MAX(_計算2!DS258:DS269) -> 0 | M31: =IF(マスター!$O$15<>"○","",マスター!$K$15) -> P | N31: =IF(M31="","",IF(マスター!$C$15="","未確認",マスター!$C$15)) -> 製鉄曳船 | O31: =IF(M31="","",マスター!$L$15) -> 製鉄曳船 | P31: =IF(M31="","",IF(マスター!$D$15="通船・警戒船","対象外（通船・警戒船）",IF(COUNTIFS(入渠!$H$6:$H$55,M31,入渠!$G$6:$G$55,"○")>0,"入渠中",IF(AND($O$9<>"",COUNTIFS(他港作業!$K$6:$K$55,M31,他港作業!$L$6:$L$55,"<="&$O$9,他港作業!$M$6:$M$55,">"&$O$9)+COUNTIFS(他港作業!$K$6:$K$55,M31,他港作業!$L$6:$L$55,"<="&$O$9,他港作業!$E$6:$E$55,"")>0),"他港作業中",IF(INDEX(_計算!$C$6:$DR$293,$P$9,10)=1,"作業中",IF(O31="未確認","未確認（会社未確認）",IF(OR(O31="製鉄曳船",O31="西日本海運"),IF(マスター!$F$15="○","供給可能（待機）","対象外（記号との対応未確認）"),IF(COUNTIFS(他社配置!$L$6:$L$55,M31,他社配置!$J$6:$J$55,"○",他社配置!$F$6:$F$55,"可")>0,"供給可能（他社・対応可）",IF(COUNTIFS(他社配置!$L$6:$L$55,M31,他社配置!$J$6:$J$55,"○",他社配置!$F$6:$F$55,"不可")>0,"対応不可","未確認（他社の対応可否が空欄）"))))))))) -> 供給可能（待機）
B32: うち高炉原料区分が未確認の行 | C32: =COUNTIFS(実績!$R$6:$R$505,"<>",実績!$AD$6:$AD$505,"未確認") -> 0 | D32: 除外していない。将来の扱いは別ケースで確認 | F32: 22時 | G32: =MAX(_計算!DS270:DS281) -> 0 | H32: =MAX(_計算!DT270:DT281) -> 0 | I32: =MAX(_計算!DU270:DU281) -> 0 | J32: =MAX(_計算!DV270:DV281) -> 0 | K32: =MAX(_計算2!DS270:DS281) -> 0 | M32: =IF(マスター!$O$16<>"○","",マスター!$K$16) -> 関豊丸 | N32: =IF(M32="","",IF(マスター!$C$16="","未確認",マスター!$C$16)) -> 西日本海運 | O32: =IF(M32="","",マスター!$L$16) -> 西日本海運 | P32: =IF(M32="","",IF(マスター!$D$16="通船・警戒船","対象外（通船・警戒船）",IF(COUNTIFS(入渠!$H$6:$H$55,M32,入渠!$G$6:$G$55,"○")>0,"入渠中",IF(AND($O$9<>"",COUNTIFS(他港作業!$K$6:$K$55,M32,他港作業!$L$6:$L$55,"<="&$O$9,他港作業!$M$6:$M$55,">"&$O$9)+COUNTIFS(他港作業!$K$6:$K$55,M32,他港作業!$L$6:$L$55,"<="&$O$9,他港作業!$E$6:$E$55,"")>0),"他港作業中",IF(INDEX(_計算!$C$6:$DR$293,$P$9,11)=1,"作業中",IF(O32="未確認","未確認（会社未確認）",IF(OR(O32="製鉄曳船",O32="西日本海運"),IF(マスター!$F$16="○","供給可能（待機）","対象外（記号との対応未確認）"),IF(COUNTIFS(他社配置!$L$6:$L$55,M32,他社配置!$J$6:$J$55,"○",他社配置!$F$6:$F$55,"可")>0,"供給可能（他社・対応可）",IF(COUNTIFS(他社配置!$L$6:$L$55,M32,他社配置!$J$6:$J$55,"○",他社配置!$F$6:$F$55,"不可")>0,"対応不可","未確認（他社の対応可否が空欄）"))))))))) -> 対象外（記号との対応未確認）
B33: 全作業：最大同時稼働（候補） | C33: =C14 -> 3 | F33: 23時 | G33: =MAX(_計算!DS282:DS293) -> 0 | H33: =MAX(_計算!DT282:DT293) -> 0 | I33: =MAX(_計算!DU282:DU293) -> 0 | J33: =MAX(_計算!DV282:DV293) -> 0 | K33: =MAX(_計算2!DS282:DS293) -> 0 | M33: =IF(マスター!$O$17<>"○","",マスター!$K$17) -> 長豊丸 | N33: =IF(M33="","",IF(マスター!$C$17="","未確認",マスター!$C$17)) -> 西日本海運 | O33: =IF(M33="","",マスター!$L$17) -> 西日本海運 | P33: =IF(M33="","",IF(マスター!$D$17="通船・警戒船","対象外（通船・警戒船）",IF(COUNTIFS(入渠!$H$6:$H$55,M33,入渠!$G$6:$G$55,"○")>0,"入渠中",IF(AND($O$9<>"",COUNTIFS(他港作業!$K$6:$K$55,M33,他港作業!$L$6:$L$55,"<="&$O$9,他港作業!$M$6:$M$55,">"&$O$9)+COUNTIFS(他港作業!$K$6:$K$55,M33,他港作業!$L$6:$L$55,"<="&$O$9,他港作業!$E$6:$E$55,"")>0),"他港作業中",IF(INDEX(_計算!$C$6:$DR$293,$P$9,12)=1,"作業中",IF(O33="未確認","未確認（会社未確認）",IF(OR(O33="製鉄曳船",O33="西日本海運"),IF(マスター!$F$17="○","供給可能（待機）","対象外（記号との対応未確認）"),IF(COUNTIFS(他社配置!$L$6:$L$55,M33,他社配置!$J$6:$J$55,"○",他社配置!$F$6:$F$55,"可")>0,"供給可能（他社・対応可）",IF(COUNTIFS(他社配置!$L$6:$L$55,M33,他社配置!$J$6:$J$55,"○",他社配置!$F$6:$F$55,"不可")>0,"対応不可","未確認（他社の対応可否が空欄）"))))))))) -> 対象外（記号との対応未確認）
B34: 高炉原料を除く：最大同時稼働（候補） | C34: =MAX(_計算2!$DS$6:$DS$293) -> 3 | M34: =IF(マスター!$O$18<>"○","",マスター!$K$18) -> 関 | N34: =IF(M34="","",IF(マスター!$C$18="","未確認",マスター!$C$18)) -> 西日本海運 | O34: =IF(M34="","",マスター!$L$18) -> 西日本海運 | P34: =IF(M34="","",IF(マスター!$D$18="通船・警戒船","対象外（通船・警戒船）",IF(COUNTIFS(入渠!$H$6:$H$55,M34,入渠!$G$6:$G$55,"○")>0,"入渠中",IF(AND($O$9<>"",COUNTIFS(他港作業!$K$6:$K$55,M34,他港作業!$L$6:$L$55,"<="&$O$9,他港作業!$M$6:$M$55,">"&$O$9)+COUNTIFS(他港作業!$K$6:$K$55,M34,他港作業!$L$6:$L$55,"<="&$O$9,他港作業!$E$6:$E$55,"")>0),"他港作業中",IF(INDEX(_計算!$C$6:$DR$293,$P$9,13)=1,"作業中",IF(O34="未確認","未確認（会社未確認）",IF(OR(O34="製鉄曳船",O34="西日本海運"),IF(マスター!$F$18="○","供給可能（待機）","対象外（記号との対応未確認）"),IF(COUNTIFS(他社配置!$L$6:$L$55,M34,他社配置!$J$6:$J$55,"○",他社配置!$F$6:$F$55,"可")>0,"供給可能（他社・対応可）",IF(COUNTIFS(他社配置!$L$6:$L$55,M34,他社配置!$J$6:$J$55,"○",他社配置!$F$6:$F$55,"不可")>0,"対応不可","未確認（他社の対応可否が空欄）"))))))))) -> 供給可能（待機）
M35: =IF(マスター!$O$19<>"○","",マスター!$K$19) -> 長 | N35: =IF(M35="","",IF(マスター!$C$19="","未確認",マスター!$C$19)) -> 西日本海運 | O35: =IF(M35="","",マスター!$L$19) -> 西日本海運 | P35: =IF(M35="","",IF(マスター!$D$19="通船・警戒船","対象外（通船・警戒船）",IF(COUNTIFS(入渠!$H$6:$H$55,M35,入渠!$G$6:$G$55,"○")>0,"入渠中",IF(AND($O$9<>"",COUNTIFS(他港作業!$K$6:$K$55,M35,他港作業!$L$6:$L$55,"<="&$O$9,他港作業!$M$6:$M$55,">"&$O$9)+COUNTIFS(他港作業!$K$6:$K$55,M35,他港作業!$L$6:$L$55,"<="&$O$9,他港作業!$E$6:$E$55,"")>0),"他港作業中",IF(INDEX(_計算!$C$6:$DR$293,$P$9,14)=1,"作業中",IF(O35="未確認","未確認（会社未確認）",IF(OR(O35="製鉄曳船",O35="西日本海運"),IF(マスター!$F$19="○","供給可能（待機）","対象外（記号との対応未確認）"),IF(COUNTIFS(他社配置!$L$6:$L$55,M35,他社配置!$J$6:$J$55,"○",他社配置!$F$6:$F$55,"可")>0,"供給可能（他社・対応可）",IF(COUNTIFS(他社配置!$L$6:$L$55,M35,他社配置!$J$6:$J$55,"○",他社配置!$F$6:$F$55,"不可")>0,"対応不可","未確認（他社の対応可否が空欄）"))))))))) -> 供給可能（待機）
B36: ■ 会社区分別（実績） | F36: ■ 会社別（マスターの会社一覧から自動） | M36: =IF(マスター!$O$20<>"○","",マスター!$K$20) -> かざし丸 | N36: =IF(M36="","",IF(マスター!$C$20="","未確認",マスター!$C$20)) -> シーゲートコーポレーション | O36: =IF(M36="","",マスター!$L$20) -> 他社 | P36: =IF(M36="","",IF(マスター!$D$20="通船・警戒船","対象外（通船・警戒船）",IF(COUNTIFS(入渠!$H$6:$H$55,M36,入渠!$G$6:$G$55,"○")>0,"入渠中",IF(AND($O$9<>"",COUNTIFS(他港作業!$K$6:$K$55,M36,他港作業!$L$6:$L$55,"<="&$O$9,他港作業!$M$6:$M$55,">"&$O$9)+COUNTIFS(他港作業!$K$6:$K$55,M36,他港作業!$L$6:$L$55,"<="&$O$9,他港作業!$E$6:$E$55,"")>0),"他港作業中",IF(INDEX(_計算!$C$6:$DR$293,$P$9,15)=1,"作業中",IF(O36="未確認","未確認（会社未確認）",IF(OR(O36="製鉄曳船",O36="西日本海運"),IF(マスター!$F$20="○","供給可能（待機）","対象外（記号との対応未確認）"),IF(COUNTIFS(他社配置!$L$6:$L$55,M36,他社配置!$J$6:$J$55,"○",他社配置!$F$6:$F$55,"可")>0,"供給可能（他社・対応可）",IF(COUNTIFS(他社配置!$L$6:$L$55,M36,他社配置!$J$6:$J$55,"○",他社配置!$F$6:$F$55,"不可")>0,"対応不可","未確認（他社の対応可否が空欄）"))))))))) -> 未確認（他社の対応可否が空欄）
B37: 会社区分【自動】 | C37: 延べタグ【自動】 | D37: 稼働した船数【自動】 | F37: 会社【自動】 | G37: 会社区分【自動】 | H37: 延べタグ【自動】 | I37: 稼働した船数【自動】 | M37: =IF(マスター!$O$21<>"○","",マスター!$K$21) -> 鷲羽丸 | N37: =IF(M37="","",IF(マスター!$C$21="","未確認",マスター!$C$21)) -> シーゲートコーポレーション | O37: =IF(M37="","",マスター!$L$21) -> 他社 | P37: =IF(M37="","",IF(マスター!$D$21="通船・警戒船","対象外（通船・警戒船）",IF(COUNTIFS(入渠!$H$6:$H$55,M37,入渠!$G$6:$G$55,"○")>0,"入渠中",IF(AND($O$9<>"",COUNTIFS(他港作業!$K$6:$K$55,M37,他港作業!$L$6:$L$55,"<="&$O$9,他港作業!$M$6:$M$55,">"&$O$9)+COUNTIFS(他港作業!$K$6:$K$55,M37,他港作業!$L$6:$L$55,"<="&$O$9,他港作業!$E$6:$E$55,"")>0),"他港作業中",IF(INDEX(_計算!$C$6:$DR$293,$P$9,16)=1,"作業中",IF(O37="未確認","未確認（会社未確認）",IF(OR(O37="製鉄曳船",O37="西日本海運"),IF(マスター!$F$21="○","供給可能（待機）","対象外（記号との対応未確認）"),IF(COUNTIFS(他社配置!$L$6:$L$55,M37,他社配置!$J$6:$J$55,"○",他社配置!$F$6:$F$55,"可")>0,"供給可能（他社・対応可）",IF(COUNTIFS(他社配置!$L$6:$L$55,M37,他社配置!$J$6:$J$55,"○",他社配置!$F$6:$F$55,"不可")>0,"対応不可","未確認（他社の対応可否が空欄）"))))))))) -> 未確認（他社の対応可否が空欄）
B38: 製鉄曳船 | C38: =COUNTIF(実績!$Y$6:$Y$505,B38) -> 0 | D38: =SUMIF(_計算!$C$2:$DR$2,B38,_計算!$C$4:$DR$4) -> 0 | F38: =IF(マスター!$Q$6="","",マスター!$Q$6) -> 製鉄曳船 | G38: =IF(F38="","",マスター!$R$6) -> 製鉄曳船 | H38: =IF(F38="","",COUNTIF(実績!$X$6:$X$505,F38)) -> 0 | I38: =IF(F38="","",SUMIF(_計算!$C$1:$DR$1,F38,_計算!$C$4:$DR$4)) -> 0 | M38: =IF(マスター!$O$22<>"○","",マスター!$K$22) -> むさし丸2 | N38: =IF(M38="","",IF(マスター!$C$22="","未確認",マスター!$C$22)) -> グリーンシッピング | O38: =IF(M38="","",マスター!$L$22) -> 他社 | P38: =IF(M38="","",IF(マスター!$D$22="通船・警戒船","対象外（通船・警戒船）",IF(COUNTIFS(入渠!$H$6:$H$55,M38,入渠!$G$6:$G$55,"○")>0,"入渠中",IF(AND($O$9<>"",COUNTIFS(他港作業!$K$6:$K$55,M38,他港作業!$L$6:$L$55,"<="&$O$9,他港作業!$M$6:$M$55,">"&$O$9)+COUNTIFS(他港作業!$K$6:$K$55,M38,他港作業!$L$6:$L$55,"<="&$O$9,他港作業!$E$6:$E$55,"")>0),"他港作業中",IF(INDEX(_計算!$C$6:$DR$293,$P$9,17)=1,"作業中",IF(O38="未確認","未確認（会社未確認）",IF(OR(O38="製鉄曳船",O38="西日本海運"),IF(マスター!$F$22="○","供給可能（待機）","対象外（記号との対応未確認）"),IF(COUNTIFS(他社配置!$L$6:$L$55,M38,他社配置!$J$6:$J$55,"○",他社配置!$F$6:$F$55,"可")>0,"供給可能（他社・対応可）",IF(COUNTIFS(他社配置!$L$6:$L$55,M38,他社配置!$J$6:$J$55,"○",他社配置!$F$6:$F$55,"不可")>0,"対応不可","未確認（他社の対応可否が空欄）"))))))))) -> 未確認（他社の対応可否が空欄）
B39: 西日本海運 | C39: =COUNTIF(実績!$Y$6:$Y$505,B39) -> 0 | D39: =SUMIF(_計算!$C$2:$DR$2,B39,_計算!$C$4:$DR$4) -> 0 | F39: =IF(マスター!$Q$7="","",マスター!$Q$7) -> 西日本海運 | G39: =IF(F39="","",マスター!$R$7) -> 西日本海運 | H39: =IF(F39="","",COUNTIF(実績!$X$6:$X$505,F39)) -> 0 | I39: =IF(F39="","",SUMIF(_計算!$C$1:$DR$1,F39,_計算!$C$4:$DR$4)) -> 0 | M39: =IF(マスター!$O$23<>"○","",マスター!$K$23) -> かなで | N39: =IF(M39="","",IF(マスター!$C$23="","未確認",マスター!$C$23)) -> グリーンシッピング | O39: =IF(M39="","",マスター!$L$23) -> 他社 | P39: =IF(M39="","",IF(マスター!$D$23="通船・警戒船","対象外（通船・警戒船）",IF(COUNTIFS(入渠!$H$6:$H$55,M39,入渠!$G$6:$G$55,"○")>0,"入渠中",IF(AND($O$9<>"",COUNTIFS(他港作業!$K$6:$K$55,M39,他港作業!$L$6:$L$55,"<="&$O$9,他港作業!$M$6:$M$55,">"&$O$9)+COUNTIFS(他港作業!$K$6:$K$55,M39,他港作業!$L$6:$L$55,"<="&$O$9,他港作業!$E$6:$E$55,"")>0),"他港作業中",IF(INDEX(_計算!$C$6:$DR$293,$P$9,18)=1,"作業中",IF(O39="未確認","未確認（会社未確認）",IF(OR(O39="製鉄曳船",O39="西日本海運"),IF(マスター!$F$23="○","供給可能（待機）","対象外（記号との対応未確認）"),IF(COUNTIFS(他社配置!$L$6:$L$55,M39,他社配置!$J$6:$J$55,"○",他社配置!$F$6:$F$55,"可")>0,"供給可能（他社・対応可）",IF(COUNTIFS(他社配置!$L$6:$L$55,M39,他社配置!$J$6:$J$55,"○",他社配置!$F$6:$F$55,"不可")>0,"対応不可","未確認（他社の対応可否が空欄）"))))))))) -> 未確認（他社の対応可否が空欄）
B40: 他社 | C40: =COUNTIF(実績!$Y$6:$Y$505,B40) -> 4 | D40: =SUMIF(_計算!$C$2:$DR$2,B40,_計算!$C$4:$DR$4) -> 3 | F40: =IF(マスター!$Q$8="","",マスター!$Q$8) -> シーゲートコーポレーション | G40: =IF(F40="","",マスター!$R$8) -> 他社 | H40: =IF(F40="","",COUNTIF(実績!$X$6:$X$505,F40)) -> 0 | I40: =IF(F40="","",SUMIF(_計算!$C$1:$DR$1,F40,_計算!$C$4:$DR$4)) -> 0 | M40: =IF(マスター!$O$24<>"○","",マスター!$K$24) -> かいせい | N40: =IF(M40="","",IF(マスター!$C$24="","未確認",マスター!$C$24)) -> 日鉄物流 | O40: =IF(M40="","",マスター!$L$24) -> 他社 | P40: =IF(M40="","",IF(マスター!$D$24="通船・警戒船","対象外（通船・警戒船）",IF(COUNTIFS(入渠!$H$6:$H$55,M40,入渠!$G$6:$G$55,"○")>0,"入渠中",IF(AND($O$9<>"",COUNTIFS(他港作業!$K$6:$K$55,M40,他港作業!$L$6:$L$55,"<="&$O$9,他港作業!$M$6:$M$55,">"&$O$9)+COUNTIFS(他港作業!$K$6:$K$55,M40,他港作業!$L$6:$L$55,"<="&$O$9,他港作業!$E$6:$E$55,"")>0),"他港作業中",IF(INDEX(_計算!$C$6:$DR$293,$P$9,19)=1,"作業中",IF(O40="未確認","未確認（会社未確認）",IF(OR(O40="製鉄曳船",O40="西日本海運"),IF(マスター!$F$24="○","供給可能（待機）","対象外（記号との対応未確認）"),IF(COUNTIFS(他社配置!$L$6:$L$55,M40,他社配置!$J$6:$J$55,"○",他社配置!$F$6:$F$55,"可")>0,"供給可能（他社・対応可）",IF(COUNTIFS(他社配置!$L$6:$L$55,M40,他社配置!$J$6:$J$55,"○",他社配置!$F$6:$F$55,"不可")>0,"対応不可","未確認（他社の対応可否が空欄）"))))))))) -> 未確認（他社の対応可否が空欄）
B41: 未確認 | C41: =COUNTIF(実績!$Y$6:$Y$505,B41) -> 0 | D41: =SUMIF(_計算!$C$2:$DR$2,B41,_計算!$C$4:$DR$4) -> 0 | F41: =IF(マスター!$Q$9="","",マスター!$Q$9) -> グリーンシッピング | G41: =IF(F41="","",マスター!$R$9) -> 他社 | H41: =IF(F41="","",COUNTIF(実績!$X$6:$X$505,F41)) -> 0 | I41: =IF(F41="","",SUMIF(_計算!$C$1:$DR$1,F41,_計算!$C$4:$DR$4)) -> 0 | M41: =IF(マスター!$O$25<>"○","",マスター!$K$25) -> 春風 | N41: =IF(M41="","",IF(マスター!$C$25="","未確認",マスター!$C$25)) -> 春風海運 | O41: =IF(M41="","",マスター!$L$25) -> 他社 | P41: =IF(M41="","",IF(マスター!$D$25="通船・警戒船","対象外（通船・警戒船）",IF(COUNTIFS(入渠!$H$6:$H$55,M41,入渠!$G$6:$G$55,"○")>0,"入渠中",IF(AND($O$9<>"",COUNTIFS(他港作業!$K$6:$K$55,M41,他港作業!$L$6:$L$55,"<="&$O$9,他港作業!$M$6:$M$55,">"&$O$9)+COUNTIFS(他港作業!$K$6:$K$55,M41,他港作業!$L$6:$L$55,"<="&$O$9,他港作業!$E$6:$E$55,"")>0),"他港作業中",IF(INDEX(_計算!$C$6:$DR$293,$P$9,20)=1,"作業中",IF(O41="未確認","未確認（会社未確認）",IF(OR(O41="製鉄曳船",O41="西日本海運"),IF(マスター!$F$25="○","供給可能（待機）","対象外（記号との対応未確認）"),IF(COUNTIFS(他社配置!$L$6:$L$55,M41,他社配置!$J$6:$J$55,"○",他社配置!$F$6:$F$55,"可")>0,"供給可能（他社・対応可）",IF(COUNTIFS(他社配置!$L$6:$L$55,M41,他社配置!$J$6:$J$55,"○",他社配置!$F$6:$F$55,"不可")>0,"対応不可","未確認（他社の対応可否が空欄）"))))))))) -> 未確認（他社の対応可否が空欄）
B42: マスター未登録 | C42: =COUNTIF(実績!$Y$6:$Y$505,B42) -> 0 | D42: — | F42: =IF(マスター!$Q$10="","",マスター!$Q$10) -> 日鉄物流 | G42: =IF(F42="","",マスター!$R$10) -> 他社 | H42: =IF(F42="","",COUNTIF(実績!$X$6:$X$505,F42)) -> 0 | I42: =IF(F42="","",SUMIF(_計算!$C$1:$DR$1,F42,_計算!$C$4:$DR$4)) -> 0 | M42: =IF(マスター!$O$26<>"○","",マスター!$K$26) -> 栄春 | N42: =IF(M42="","",IF(マスター!$C$26="","未確認",マスター!$C$26)) -> 春風海運 | O42: =IF(M42="","",マスター!$L$26) -> 他社 | P42: =IF(M42="","",IF(マスター!$D$26="通船・警戒船","対象外（通船・警戒船）",IF(COUNTIFS(入渠!$H$6:$H$55,M42,入渠!$G$6:$G$55,"○")>0,"入渠中",IF(AND($O$9<>"",COUNTIFS(他港作業!$K$6:$K$55,M42,他港作業!$L$6:$L$55,"<="&$O$9,他港作業!$M$6:$M$55,">"&$O$9)+COUNTIFS(他港作業!$K$6:$K$55,M42,他港作業!$L$6:$L$55,"<="&$O$9,他港作業!$E$6:$E$55,"")>0),"他港作業中",IF(INDEX(_計算!$C$6:$DR$293,$P$9,21)=1,"作業中",IF(O42="未確認","未確認（会社未確認）",IF(OR(O42="製鉄曳船",O42="西日本海運"),IF(マスター!$F$26="○","供給可能（待機）","対象外（記号との対応未確認）"),IF(COUNTIFS(他社配置!$L$6:$L$55,M42,他社配置!$J$6:$J$55,"○",他社配置!$F$6:$F$55,"可")>0,"供給可能（他社・対応可）",IF(COUNTIFS(他社配置!$L$6:$L$55,M42,他社配置!$J$6:$J$55,"○",他社配置!$F$6:$F$55,"不可")>0,"対応不可","未確認（他社の対応可否が空欄）"))))))))) -> 未確認（他社の対応可否が空欄）
F43: =IF(マスター!$Q$11="","",マスター!$Q$11) -> 春風海運 | G43: =IF(F43="","",マスター!$R$11) -> 他社 | H43: =IF(F43="","",COUNTIF(実績!$X$6:$X$505,F43)) -> 0 | I43: =IF(F43="","",SUMIF(_計算!$C$1:$DR$1,F43,_計算!$C$4:$DR$4)) -> 0 | M43: =IF(マスター!$O$27<>"○","",マスター!$K$27) -> 双美 | N43: =IF(M43="","",IF(マスター!$C$27="","未確認",マスター!$C$27)) -> 春風海運 | O43: =IF(M43="","",マスター!$L$27) -> 他社 | P43: =IF(M43="","",IF(マスター!$D$27="通船・警戒船","対象外（通船・警戒船）",IF(COUNTIFS(入渠!$H$6:$H$55,M43,入渠!$G$6:$G$55,"○")>0,"入渠中",IF(AND($O$9<>"",COUNTIFS(他港作業!$K$6:$K$55,M43,他港作業!$L$6:$L$55,"<="&$O$9,他港作業!$M$6:$M$55,">"&$O$9)+COUNTIFS(他港作業!$K$6:$K$55,M43,他港作業!$L$6:$L$55,"<="&$O$9,他港作業!$E$6:$E$55,"")>0),"他港作業中",IF(INDEX(_計算!$C$6:$DR$293,$P$9,22)=1,"作業中",IF(O43="未確認","未確認（会社未確認）",IF(OR(O43="製鉄曳船",O43="西日本海運"),IF(マスター!$F$27="○","供給可能（待機）","対象外（記号との対応未確認）"),IF(COUNTIFS(他社配置!$L$6:$L$55,M43,他社配置!$J$6:$J$55,"○",他社配置!$F$6:$F$55,"可")>0,"供給可能（他社・対応可）",IF(COUNTIFS(他社配置!$L$6:$L$55,M43,他社配置!$J$6:$J$55,"○",他社配置!$F$6:$F$55,"不可")>0,"対応不可","未確認（他社の対応可否が空欄）"))))))))) -> 未確認（他社の対応可否が空欄）
B44: 安瀬候補のタグ（按分配船・応援に含めない） | C44: =COUNTIFS(実績!$AB$6:$AB$505,"安瀬*",実績!$Y$6:$Y$505,"<>製鉄曳船",実績!$Y$6:$Y$505,"<>西日本海運") -> 0 | D44: 品名マスターで安瀬に○の品名（要確認） | F44: =IF(マスター!$Q$12="","",マスター!$Q$12) -> 矢野海運 | G44: =IF(F44="","",マスター!$R$12) -> 他社 | H44: =IF(F44="","",COUNTIF(実績!$X$6:$X$505,F44)) -> 0 | I44: =IF(F44="","",SUMIF(_計算!$C$1:$DR$1,F44,_計算!$C$4:$DR$4)) -> 0 | M44: =IF(マスター!$O$28<>"○","",マスター!$K$28) -> 春幸 | N44: =IF(M44="","",IF(マスター!$C$28="","未確認",マスター!$C$28)) -> 春風海運 | O44: =IF(M44="","",マスター!$L$28) -> 他社 | P44: =IF(M44="","",IF(マスター!$D$28="通船・警戒船","対象外（通船・警戒船）",IF(COUNTIFS(入渠!$H$6:$H$55,M44,入渠!$G$6:$G$55,"○")>0,"入渠中",IF(AND($O$9<>"",COUNTIFS(他港作業!$K$6:$K$55,M44,他港作業!$L$6:$L$55,"<="&$O$9,他港作業!$M$6:$M$55,">"&$O$9)+COUNTIFS(他港作業!$K$6:$K$55,M44,他港作業!$L$6:$L$55,"<="&$O$9,他港作業!$E$6:$E$55,"")>0),"他港作業中",IF(INDEX(_計算!$C$6:$DR$293,$P$9,23)=1,"作業中",IF(O44="未確認","未確認（会社未確認）",IF(OR(O44="製鉄曳船",O44="西日本海運"),IF(マスター!$F$28="○","供給可能（待機）","対象外（記号との対応未確認）"),IF(COUNTIFS(他社配置!$L$6:$L$55,M44,他社配置!$J$6:$J$55,"○",他社配置!$F$6:$F$55,"可")>0,"供給可能（他社・対応可）",IF(COUNTIFS(他社配置!$L$6:$L$55,M44,他社配置!$J$6:$J$55,"○",他社配置!$F$6:$F$55,"不可")>0,"対応不可","未確認（他社の対応可否が空欄）"))))))))) -> 未確認（他社の対応可否が空欄）
B45: 応援候補のタグ（他社・会社未確認。安瀬候補を除く） | C45: =COUNTIFS(実績!$AB$6:$AB$505,"",実績!$Y$6:$Y$505,"他社")+COUNTIFS(実績!$AB$6:$AB$505,"",実績!$Y$6:$Y$505,"未確認") -> 4 | D45: 実績で参加していないことを「応援不可」とは扱わない | F45: =IF(マスター!$Q$13="","",マスター!$Q$13) -> 洞海マリン | G45: =IF(F45="","",マスター!$R$13) -> 他社 | H45: =IF(F45="","",COUNTIF(実績!$X$6:$X$505,F45)) -> 0 | I45: =IF(F45="","",SUMIF(_計算!$C$1:$DR$1,F45,_計算!$C$4:$DR$4)) -> 0 | M45: =IF(マスター!$O$29<>"○","",マスター!$K$29) -> さくら | N45: =IF(M45="","",IF(マスター!$C$29="","未確認",マスター!$C$29)) -> 未確認 | O45: =IF(M45="","",マスター!$L$29) -> 未確認 | P45: =IF(M45="","",IF(マスター!$D$29="通船・警戒船","対象外（通船・警戒船）",IF(COUNTIFS(入渠!$H$6:$H$55,M45,入渠!$G$6:$G$55,"○")>0,"入渠中",IF(AND($O$9<>"",COUNTIFS(他港作業!$K$6:$K$55,M45,他港作業!$L$6:$L$55,"<="&$O$9,他港作業!$M$6:$M$55,">"&$O$9)+COUNTIFS(他港作業!$K$6:$K$55,M45,他港作業!$L$6:$L$55,"<="&$O$9,他港作業!$E$6:$E$55,"")>0),"他港作業中",IF(INDEX(_計算!$C$6:$DR$293,$P$9,24)=1,"作業中",IF(O45="未確認","未確認（会社未確認）",IF(OR(O45="製鉄曳船",O45="西日本海運"),IF(マスター!$F$29="○","供給可能（待機）","対象外（記号との対応未確認）"),IF(COUNTIFS(他社配置!$L$6:$L$55,M45,他社配置!$J$6:$J$55,"○",他社配置!$F$6:$F$55,"可")>0,"供給可能（他社・対応可）",IF(COUNTIFS(他社配置!$L$6:$L$55,M45,他社配置!$J$6:$J$55,"○",他社配置!$F$6:$F$55,"不可")>0,"対応不可","未確認（他社の対応可否が空欄）"))))))))) -> 未確認（会社未確認）
F46: =IF(マスター!$Q$14="","",マスター!$Q$14) -> 福島海運 | G46: =IF(F46="","",マスター!$R$14) -> 他社 | H46: =IF(F46="","",COUNTIF(実績!$X$6:$X$505,F46)) -> 0 | I46: =IF(F46="","",SUMIF(_計算!$C$1:$DR$1,F46,_計算!$C$4:$DR$4)) -> 0 | M46: =IF(マスター!$O$30<>"○","",マスター!$K$30) -> みさき | N46: =IF(M46="","",IF(マスター!$C$30="","未確認",マスター!$C$30)) -> 未確認 | O46: =IF(M46="","",マスター!$L$30) -> 未確認 | P46: =IF(M46="","",IF(マスター!$D$30="通船・警戒船","対象外（通船・警戒船）",IF(COUNTIFS(入渠!$H$6:$H$55,M46,入渠!$G$6:$G$55,"○")>0,"入渠中",IF(AND($O$9<>"",COUNTIFS(他港作業!$K$6:$K$55,M46,他港作業!$L$6:$L$55,"<="&$O$9,他港作業!$M$6:$M$55,">"&$O$9)+COUNTIFS(他港作業!$K$6:$K$55,M46,他港作業!$L$6:$L$55,"<="&$O$9,他港作業!$E$6:$E$55,"")>0),"他港作業中",IF(INDEX(_計算!$C$6:$DR$293,$P$9,25)=1,"作業中",IF(O46="未確認","未確認（会社未確認）",IF(OR(O46="製鉄曳船",O46="西日本海運"),IF(マスター!$F$30="○","供給可能（待機）","対象外（記号との対応未確認）"),IF(COUNTIFS(他社配置!$L$6:$L$55,M46,他社配置!$J$6:$J$55,"○",他社配置!$F$6:$F$55,"可")>0,"供給可能（他社・対応可）",IF(COUNTIFS(他社配置!$L$6:$L$55,M46,他社配置!$J$6:$J$55,"○",他社配置!$F$6:$F$55,"不可")>0,"対応不可","未確認（他社の対応可否が空欄）"))))))))) -> 未確認（会社未確認）
B47: ■ 予定・出勤手配・同時稼働（それぞれ別の数値） | F47: =IF(マスター!$Q$15="","",マスター!$Q$15) -> 試験会社 | G47: =IF(F47="","",マスター!$R$15) -> 他社 | H47: =IF(F47="","",COUNTIF(実績!$X$6:$X$505,F47)) -> 4 | I47: =IF(F47="","",SUMIF(_計算!$C$1:$DR$1,F47,_計算!$C$4:$DR$4)) -> 3 | M47: =IF(マスター!$O$31<>"○","",マスター!$K$31) -> 竜山 | N47: =IF(M47="","",IF(マスター!$C$31="","未確認",マスター!$C$31)) -> 未確認 | O47: =IF(M47="","",マスター!$L$31) -> 未確認 | P47: =IF(M47="","",IF(マスター!$D$31="通船・警戒船","対象外（通船・警戒船）",IF(COUNTIFS(入渠!$H$6:$H$55,M47,入渠!$G$6:$G$55,"○")>0,"入渠中",IF(AND($O$9<>"",COUNTIFS(他港作業!$K$6:$K$55,M47,他港作業!$L$6:$L$55,"<="&$O$9,他港作業!$M$6:$M$55,">"&$O$9)+COUNTIFS(他港作業!$K$6:$K$55,M47,他港作業!$L$6:$L$55,"<="&$O$9,他港作業!$E$6:$E$55,"")>0),"他港作業中",IF(INDEX(_計算!$C$6:$DR$293,$P$9,26)=1,"作業中",IF(O47="未確認","未確認（会社未確認）",IF(OR(O47="製鉄曳船",O47="西日本海運"),IF(マスター!$F$31="○","供給可能（待機）","対象外（記号との対応未確認）"),IF(COUNTIFS(他社配置!$L$6:$L$55,M47,他社配置!$J$6:$J$55,"○",他社配置!$F$6:$F$55,"可")>0,"供給可能（他社・対応可）",IF(COUNTIFS(他社配置!$L$6:$L$55,M47,他社配置!$J$6:$J$55,"○",他社配置!$F$6:$F$55,"不可")>0,"対応不可","未確認（他社の対応可否が空欄）"))))))))) -> 未確認（会社未確認）
B48: 前日確定の照合状況 | C48: =前日確定!$C$10 -> 未確認 | F48: =IF(マスター!$Q$16="","",マスター!$Q$16) | G48: =IF(F48="","",マスター!$R$16) | H48: =IF(F48="","",COUNTIF(実績!$X$6:$X$505,F48)) | I48: =IF(F48="","",SUMIF(_計算!$C$1:$DR$1,F48,_計算!$C$4:$DR$4)) | M48: =IF(マスター!$O$32<>"○","",マスター!$K$32) -> 竜峰 | N48: =IF(M48="","",IF(マスター!$C$32="","未確認",マスター!$C$32)) -> 未確認 | O48: =IF(M48="","",マスター!$L$32) -> 未確認 | P48: =IF(M48="","",IF(マスター!$D$32="通船・警戒船","対象外（通船・警戒船）",IF(COUNTIFS(入渠!$H$6:$H$55,M48,入渠!$G$6:$G$55,"○")>0,"入渠中",IF(AND($O$9<>"",COUNTIFS(他港作業!$K$6:$K$55,M48,他港作業!$L$6:$L$55,"<="&$O$9,他港作業!$M$6:$M$55,">"&$O$9)+COUNTIFS(他港作業!$K$6:$K$55,M48,他港作業!$L$6:$L$55,"<="&$O$9,他港作業!$E$6:$E$55,"")>0),"他港作業中",IF(INDEX(_計算!$C$6:$DR$293,$P$9,27)=1,"作業中",IF(O48="未確認","未確認（会社未確認）",IF(OR(O48="製鉄曳船",O48="西日本海運"),IF(マスター!$F$32="○","供給可能（待機）","対象外（記号との対応未確認）"),IF(COUNTIFS(他社配置!$L$6:$L$55,M48,他社配置!$J$6:$J$55,"○",他社配置!$F$6:$F$55,"可")>0,"供給可能（他社・対応可）",IF(COUNTIFS(他社配置!$L$6:$L$55,M48,他社配置!$J$6:$J$55,"○",他社配置!$F$6:$F$55,"不可")>0,"対応不可","未確認（他社の対応可否が空欄）"))))))))) -> 未確認（会社未確認）
B49: 前日最終の予定時刻を入力した作業数 | C49: =COUNT(前日確定!$J$26:$J$45) -> 0 | F49: =IF(マスター!$Q$17="","",マスター!$Q$17) | G49: =IF(F49="","",マスター!$R$17) | H49: =IF(F49="","",COUNTIF(実績!$X$6:$X$505,F49)) | I49: =IF(F49="","",SUMIF(_計算!$C$1:$DR$1,F49,_計算!$C$4:$DR$4)) | M49: =IF(マスター!$O$33<>"○","",マスター!$K$33) -> 竜昇 | N49: =IF(M49="","",IF(マスター!$C$33="","未確認",マスター!$C$33)) -> 未確認 | O49: =IF(M49="","",マスター!$L$33) -> 未確認 | P49: =IF(M49="","",IF(マスター!$D$33="通船・警戒船","対象外（通船・警戒船）",IF(COUNTIFS(入渠!$H$6:$H$55,M49,入渠!$G$6:$G$55,"○")>0,"入渠中",IF(AND($O$9<>"",COUNTIFS(他港作業!$K$6:$K$55,M49,他港作業!$L$6:$L$55,"<="&$O$9,他港作業!$M$6:$M$55,">"&$O$9)+COUNTIFS(他港作業!$K$6:$K$55,M49,他港作業!$L$6:$L$55,"<="&$O$9,他港作業!$E$6:$E$55,"")>0),"他港作業中",IF(INDEX(_計算!$C$6:$DR$293,$P$9,28)=1,"作業中",IF(O49="未確認","未確認（会社未確認）",IF(OR(O49="製鉄曳船",O49="西日本海運"),IF(マスター!$F$33="○","供給可能（待機）","対象外（記号との対応未確認）"),IF(COUNTIFS(他社配置!$L$6:$L$55,M49,他社配置!$J$6:$J$55,"○",他社配置!$F$6:$F$55,"可")>0,"供給可能（他社・対応可）",IF(COUNTIFS(他社配置!$L$6:$L$55,M49,他社配置!$J$6:$J$55,"○",他社配置!$F$6:$F$55,"不可")>0,"対応不可","未確認（他社の対応可否が空欄）"))))))))) -> 未確認（会社未確認）
B50: 予定のみ（実績なし）の作業数 | C50: =COUNTIF(前日確定!$A$26:$A$45,"予定のみ") -> 0 | F50: =IF(マスター!$Q$18="","",マスター!$Q$18) | G50: =IF(F50="","",マスター!$R$18) | H50: =IF(F50="","",COUNTIF(実績!$X$6:$X$505,F50)) | I50: =IF(F50="","",SUMIF(_計算!$C$1:$DR$1,F50,_計算!$C$4:$DR$4)) | M50: =IF(マスター!$O$34<>"○","",マスター!$K$34) -> 竜海 | N50: =IF(M50="","",IF(マスター!$C$34="","未確認",マスター!$C$34)) -> 未確認 | O50: =IF(M50="","",マスター!$L$34) -> 未確認 | P50: =IF(M50="","",IF(マスター!$D$34="通船・警戒船","対象外（通船・警戒船）",IF(COUNTIFS(入渠!$H$6:$H$55,M50,入渠!$G$6:$G$55,"○")>0,"入渠中",IF(AND($O$9<>"",COUNTIFS(他港作業!$K$6:$K$55,M50,他港作業!$L$6:$L$55,"<="&$O$9,他港作業!$M$6:$M$55,">"&$O$9)+COUNTIFS(他港作業!$K$6:$K$55,M50,他港作業!$L$6:$L$55,"<="&$O$9,他港作業!$E$6:$E$55,"")>0),"他港作業中",IF(INDEX(_計算!$C$6:$DR$293,$P$9,29)=1,"作業中",IF(O50="未確認","未確認（会社未確認）",IF(OR(O50="製鉄曳船",O50="西日本海運"),IF(マスター!$F$34="○","供給可能（待機）","対象外（記号との対応未確認）"),IF(COUNTIFS(他社配置!$L$6:$L$55,M50,他社配置!$J$6:$J$55,"○",他社配置!$F$6:$F$55,"可")>0,"供給可能（他社・対応可）",IF(COUNTIFS(他社配置!$L$6:$L$55,M50,他社配置!$J$6:$J$55,"○",他社配置!$F$6:$F$55,"不可")>0,"対応不可","未確認（他社の対応可否が空欄）"))))))))) -> 未確認（会社未確認）
B51: 作業予定タグ数（前日確定・延べ） | C51: =SUM(前日確定!$Q$26:$Q$45) -> 0 | F51: =IF(マスター!$Q$19="","",マスター!$Q$19) | G51: =IF(F51="","",マスター!$R$19) | H51: =IF(F51="","",COUNTIF(実績!$X$6:$X$505,F51)) | I51: =IF(F51="","",SUMIF(_計算!$C$1:$DR$1,F51,_計算!$C$4:$DR$4)) | M51: =IF(マスター!$O$35<>"○","",マスター!$K$35) -> 慶鳳丸 | N51: =IF(M51="","",IF(マスター!$C$35="","未確認",マスター!$C$35)) -> 未確認 | O51: =IF(M51="","",マスター!$L$35) -> 未確認 | P51: =IF(M51="","",IF(マスター!$D$35="通船・警戒船","対象外（通船・警戒船）",IF(COUNTIFS(入渠!$H$6:$H$55,M51,入渠!$G$6:$G$55,"○")>0,"入渠中",IF(AND($O$9<>"",COUNTIFS(他港作業!$K$6:$K$55,M51,他港作業!$L$6:$L$55,"<="&$O$9,他港作業!$M$6:$M$55,">"&$O$9)+COUNTIFS(他港作業!$K$6:$K$55,M51,他港作業!$L$6:$L$55,"<="&$O$9,他港作業!$E$6:$E$55,"")>0),"他港作業中",IF(INDEX(_計算!$C$6:$DR$293,$P$9,30)=1,"作業中",IF(O51="未確認","未確認（会社未確認）",IF(OR(O51="製鉄曳船",O51="西日本海運"),IF(マスター!$F$35="○","供給可能（待機）","対象外（記号との対応未確認）"),IF(COUNTIFS(他社配置!$L$6:$L$55,M51,他社配置!$J$6:$J$55,"○",他社配置!$F$6:$F$55,"可")>0,"供給可能（他社・対応可）",IF(COUNTIFS(他社配置!$L$6:$L$55,M51,他社配置!$J$6:$J$55,"○",他社配置!$F$6:$F$55,"不可")>0,"対応不可","未確認（他社の対応可否が空欄）"))))))))) -> 未確認（会社未確認）
B52: 予定タグの船数（重複を除く） | C52: =IF(COUNTA(前日確定!$K$26:$P$45)=0,0,SUMPRODUCT((前日確定!$K$26:$P$45<>"")/COUNTIF(前日確定!$K$26:$P$45,前日確定!$K$26:$P$45&""))) -> 0 | F52: =IF(マスター!$Q$20="","",マスター!$Q$20) | G52: =IF(F52="","",マスター!$R$20) | H52: =IF(F52="","",COUNTIF(実績!$X$6:$X$505,F52)) | I52: =IF(F52="","",SUMIF(_計算!$C$1:$DR$1,F52,_計算!$C$4:$DR$4)) | M52: =IF(マスター!$O$36<>"○","",マスター!$K$36) -> 秀豊 | N52: =IF(M52="","",IF(マスター!$C$36="","未確認",マスター!$C$36)) -> 未確認 | O52: =IF(M52="","",マスター!$L$36) -> 未確認 | P52: =IF(M52="","",IF(マスター!$D$36="通船・警戒船","対象外（通船・警戒船）",IF(COUNTIFS(入渠!$H$6:$H$55,M52,入渠!$G$6:$G$55,"○")>0,"入渠中",IF(AND($O$9<>"",COUNTIFS(他港作業!$K$6:$K$55,M52,他港作業!$L$6:$L$55,"<="&$O$9,他港作業!$M$6:$M$55,">"&$O$9)+COUNTIFS(他港作業!$K$6:$K$55,M52,他港作業!$L$6:$L$55,"<="&$O$9,他港作業!$E$6:$E$55,"")>0),"他港作業中",IF(INDEX(_計算!$C$6:$DR$293,$P$9,31)=1,"作業中",IF(O52="未確認","未確認（会社未確認）",IF(OR(O52="製鉄曳船",O52="西日本海運"),IF(マスター!$F$36="○","供給可能（待機）","対象外（記号との対応未確認）"),IF(COUNTIFS(他社配置!$L$6:$L$55,M52,他社配置!$J$6:$J$55,"○",他社配置!$F$6:$F$55,"可")>0,"供給可能（他社・対応可）",IF(COUNTIFS(他社配置!$L$6:$L$55,M52,他社配置!$J$6:$J$55,"○",他社配置!$F$6:$F$55,"不可")>0,"対応不可","未確認（他社の対応可否が空欄）"))))))))) -> 未確認（会社未確認）
B53: 翌日の出勤手配隻数（前日） | C53: =前日確定!$C$22 -> 0 | F53: =IF(マスター!$Q$21="","",マスター!$Q$21) | G53: =IF(F53="","",マスター!$R$21) | H53: =IF(F53="","",COUNTIF(実績!$X$6:$X$505,F53)) | I53: =IF(F53="","",SUMIF(_計算!$C$1:$DR$1,F53,_計算!$C$4:$DR$4)) | M53: =IF(マスター!$O$37<>"○","",マスター!$K$37) -> 秀豊丸 | N53: =IF(M53="","",IF(マスター!$C$37="","未確認",マスター!$C$37)) -> 未確認 | O53: =IF(M53="","",マスター!$L$37) -> 未確認 | P53: =IF(M53="","",IF(マスター!$D$37="通船・警戒船","対象外（通船・警戒船）",IF(COUNTIFS(入渠!$H$6:$H$55,M53,入渠!$G$6:$G$55,"○")>0,"入渠中",IF(AND($O$9<>"",COUNTIFS(他港作業!$K$6:$K$55,M53,他港作業!$L$6:$L$55,"<="&$O$9,他港作業!$M$6:$M$55,">"&$O$9)+COUNTIFS(他港作業!$K$6:$K$55,M53,他港作業!$L$6:$L$55,"<="&$O$9,他港作業!$E$6:$E$55,"")>0),"他港作業中",IF(INDEX(_計算!$C$6:$DR$293,$P$9,32)=1,"作業中",IF(O53="未確認","未確認（会社未確認）",IF(OR(O53="製鉄曳船",O53="西日本海運"),IF(マスター!$F$37="○","供給可能（待機）","対象外（記号との対応未確認）"),IF(COUNTIFS(他社配置!$L$6:$L$55,M53,他社配置!$J$6:$J$55,"○",他社配置!$F$6:$F$55,"可")>0,"供給可能（他社・対応可）",IF(COUNTIFS(他社配置!$L$6:$L$55,M53,他社配置!$J$6:$J$55,"○",他社配置!$F$6:$F$55,"不可")>0,"対応不可","未確認（他社の対応可否が空欄）"))))))))) -> 未確認（会社未確認）
B54: 実際に出勤・待機した隻数 | C54: =前日確定!$C$23 -> 0 | D54: 前日の手配とは別に入力 | F54: =IF(マスター!$Q$22="","",マスター!$Q$22) | G54: =IF(F54="","",マスター!$R$22) | H54: =IF(F54="","",COUNTIF(実績!$X$6:$X$505,F54)) | I54: =IF(F54="","",SUMIF(_計算!$C$1:$DR$1,F54,_計算!$C$4:$DR$4)) | M54: =IF(マスター!$O$38<>"○","",マスター!$K$38) -> まんじゅ | N54: =IF(M54="","",IF(マスター!$C$38="","未確認",マスター!$C$38)) -> 未確認 | O54: =IF(M54="","",マスター!$L$38) -> 未確認 | P54: =IF(M54="","",IF(マスター!$D$38="通船・警戒船","対象外（通船・警戒船）",IF(COUNTIFS(入渠!$H$6:$H$55,M54,入渠!$G$6:$G$55,"○")>0,"入渠中",IF(AND($O$9<>"",COUNTIFS(他港作業!$K$6:$K$55,M54,他港作業!$L$6:$L$55,"<="&$O$9,他港作業!$M$6:$M$55,">"&$O$9)+COUNTIFS(他港作業!$K$6:$K$55,M54,他港作業!$L$6:$L$55,"<="&$O$9,他港作業!$E$6:$E$55,"")>0),"他港作業中",IF(INDEX(_計算!$C$6:$DR$293,$P$9,33)=1,"作業中",IF(O54="未確認","未確認（会社未確認）",IF(OR(O54="製鉄曳船",O54="西日本海運"),IF(マスター!$F$38="○","供給可能（待機）","対象外（記号との対応未確認）"),IF(COUNTIFS(他社配置!$L$6:$L$55,M54,他社配置!$J$6:$J$55,"○",他社配置!$F$6:$F$55,"可")>0,"供給可能（他社・対応可）",IF(COUNTIFS(他社配置!$L$6:$L$55,M54,他社配置!$J$6:$J$55,"○",他社配置!$F$6:$F$55,"不可")>0,"対応不可","未確認（他社の対応可否が空欄）"))))))))) -> 未確認（会社未確認）
B55: 実作業の延べタグ（実績） | C55: =C10-C11 -> 4 | D55: 取消し記載の行を除く | F55: =IF(マスター!$Q$23="","",マスター!$Q$23) | G55: =IF(F55="","",マスター!$R$23) | H55: =IF(F55="","",COUNTIF(実績!$X$6:$X$505,F55)) | I55: =IF(F55="","",SUMIF(_計算!$C$1:$DR$1,F55,_計算!$C$4:$DR$4)) | M55: =IF(マスター!$O$39<>"○","",マスター!$K$39) -> せいじゅ | N55: =IF(M55="","",IF(マスター!$C$39="","未確認",マスター!$C$39)) -> 未確認 | O55: =IF(M55="","",マスター!$L$39) -> 未確認 | P55: =IF(M55="","",IF(マスター!$D$39="通船・警戒船","対象外（通船・警戒船）",IF(COUNTIFS(入渠!$H$6:$H$55,M55,入渠!$G$6:$G$55,"○")>0,"入渠中",IF(AND($O$9<>"",COUNTIFS(他港作業!$K$6:$K$55,M55,他港作業!$L$6:$L$55,"<="&$O$9,他港作業!$M$6:$M$55,">"&$O$9)+COUNTIFS(他港作業!$K$6:$K$55,M55,他港作業!$L$6:$L$55,"<="&$O$9,他港作業!$E$6:$E$55,"")>0),"他港作業中",IF(INDEX(_計算!$C$6:$DR$293,$P$9,34)=1,"作業中",IF(O55="未確認","未確認（会社未確認）",IF(OR(O55="製鉄曳船",O55="西日本海運"),IF(マスター!$F$39="○","供給可能（待機）","対象外（記号との対応未確認）"),IF(COUNTIFS(他社配置!$L$6:$L$55,M55,他社配置!$J$6:$J$55,"○",他社配置!$F$6:$F$55,"可")>0,"供給可能（他社・対応可）",IF(COUNTIFS(他社配置!$L$6:$L$55,M55,他社配置!$J$6:$J$55,"○",他社配置!$F$6:$F$55,"不可")>0,"対応不可","未確認（他社の対応可否が空欄）"))))))))) -> 未確認（会社未確認）
B56: 実績の最大同時稼働（候補） | C56: =C14 -> 3 | F56: =IF(マスター!$Q$24="","",マスター!$Q$24) | G56: =IF(F56="","",マスター!$R$24) | H56: =IF(F56="","",COUNTIF(実績!$X$6:$X$505,F56)) | I56: =IF(F56="","",SUMIF(_計算!$C$1:$DR$1,F56,_計算!$C$4:$DR$4)) | M56: =IF(マスター!$O$40<>"○","",マスター!$K$40) -> 試験A船 | N56: =IF(M56="","",IF(マスター!$C$40="","未確認",マスター!$C$40)) -> 試験会社 | O56: =IF(M56="","",マスター!$L$40) -> 他社 | P56: =IF(M56="","",IF(マスター!$D$40="通船・警戒船","対象外（通船・警戒船）",IF(COUNTIFS(入渠!$H$6:$H$55,M56,入渠!$G$6:$G$55,"○")>0,"入渠中",IF(AND($O$9<>"",COUNTIFS(他港作業!$K$6:$K$55,M56,他港作業!$L$6:$L$55,"<="&$O$9,他港作業!$M$6:$M$55,">"&$O$9)+COUNTIFS(他港作業!$K$6:$K$55,M56,他港作業!$L$6:$L$55,"<="&$O$9,他港作業!$E$6:$E$55,"")>0),"他港作業中",IF(INDEX(_計算!$C$6:$DR$293,$P$9,35)=1,"作業中",IF(O56="未確認","未確認（会社未確認）",IF(OR(O56="製鉄曳船",O56="西日本海運"),IF(マスター!$F$40="○","供給可能（待機）","対象外（記号との対応未確認）"),IF(COUNTIFS(他社配置!$L$6:$L$55,M56,他社配置!$J$6:$J$55,"○",他社配置!$F$6:$F$55,"可")>0,"供給可能（他社・対応可）",IF(COUNTIFS(他社配置!$L$6:$L$55,M56,他社配置!$J$6:$J$55,"○",他社配置!$F$6:$F$55,"不可")>0,"対応不可","未確認（他社の対応可否が空欄）"))))))))) -> 作業中
B57: 同時に必要な隻数 | C57: 未入力（代表事例で別途確認） | D57: 予定上の4隻出勤は4隻同時必要の証明ではない | F57: =IF(マスター!$Q$25="","",マスター!$Q$25) | G57: =IF(F57="","",マスター!$R$25) | H57: =IF(F57="","",COUNTIF(実績!$X$6:$X$505,F57)) | I57: =IF(F57="","",SUMIF(_計算!$C$1:$DR$1,F57,_計算!$C$4:$DR$4)) | M57: =IF(マスター!$O$41<>"○","",マスター!$K$41) -> 試験B船 | N57: =IF(M57="","",IF(マスター!$C$41="","未確認",マスター!$C$41)) -> 試験会社 | O57: =IF(M57="","",マスター!$L$41) -> 他社 | P57: =IF(M57="","",IF(マスター!$D$41="通船・警戒船","対象外（通船・警戒船）",IF(COUNTIFS(入渠!$H$6:$H$55,M57,入渠!$G$6:$G$55,"○")>0,"入渠中",IF(AND($O$9<>"",COUNTIFS(他港作業!$K$6:$K$55,M57,他港作業!$L$6:$L$55,"<="&$O$9,他港作業!$M$6:$M$55,">"&$O$9)+COUNTIFS(他港作業!$K$6:$K$55,M57,他港作業!$L$6:$L$55,"<="&$O$9,他港作業!$E$6:$E$55,"")>0),"他港作業中",IF(INDEX(_計算!$C$6:$DR$293,$P$9,36)=1,"作業中",IF(O57="未確認","未確認（会社未確認）",IF(OR(O57="製鉄曳船",O57="西日本海運"),IF(マスター!$F$41="○","供給可能（待機）","対象外（記号との対応未確認）"),IF(COUNTIFS(他社配置!$L$6:$L$55,M57,他社配置!$J$6:$J$55,"○",他社配置!$F$6:$F$55,"可")>0,"供給可能（他社・対応可）",IF(COUNTIFS(他社配置!$L$6:$L$55,M57,他社配置!$J$6:$J$55,"○",他社配置!$F$6:$F$55,"不可")>0,"対応不可","未確認（他社の対応可否が空欄）"))))))))) -> 作業中
F58: =IF(マスター!$Q$26="","",マスター!$Q$26) | G58: =IF(F58="","",マスター!$R$26) | H58: =IF(F58="","",COUNTIF(実績!$X$6:$X$505,F58)) | I58: =IF(F58="","",SUMIF(_計算!$C$1:$DR$1,F58,_計算!$C$4:$DR$4)) | M58: =IF(マスター!$O$42<>"○","",マスター!$K$42) -> 試験C船 | N58: =IF(M58="","",IF(マスター!$C$42="","未確認",マスター!$C$42)) -> 試験会社 | O58: =IF(M58="","",マスター!$L$42) -> 他社 | P58: =IF(M58="","",IF(マスター!$D$42="通船・警戒船","対象外（通船・警戒船）",IF(COUNTIFS(入渠!$H$6:$H$55,M58,入渠!$G$6:$G$55,"○")>0,"入渠中",IF(AND($O$9<>"",COUNTIFS(他港作業!$K$6:$K$55,M58,他港作業!$L$6:$L$55,"<="&$O$9,他港作業!$M$6:$M$55,">"&$O$9)+COUNTIFS(他港作業!$K$6:$K$55,M58,他港作業!$L$6:$L$55,"<="&$O$9,他港作業!$E$6:$E$55,"")>0),"他港作業中",IF(INDEX(_計算!$C$6:$DR$293,$P$9,37)=1,"作業中",IF(O58="未確認","未確認（会社未確認）",IF(OR(O58="製鉄曳船",O58="西日本海運"),IF(マスター!$F$42="○","供給可能（待機）","対象外（記号との対応未確認）"),IF(COUNTIFS(他社配置!$L$6:$L$55,M58,他社配置!$J$6:$J$55,"○",他社配置!$F$6:$F$55,"可")>0,"供給可能（他社・対応可）",IF(COUNTIFS(他社配置!$L$6:$L$55,M58,他社配置!$J$6:$J$55,"○",他社配置!$F$6:$F$55,"不可")>0,"対応不可","未確認（他社の対応可否が空欄）"))))))))) -> 作業中
B59: ■ 変更・キャンセル | F59: =IF(マスター!$Q$27="","",マスター!$Q$27) | G59: =IF(F59="","",マスター!$R$27) | H59: =IF(F59="","",COUNTIF(実績!$X$6:$X$505,F59)) | I59: =IF(F59="","",SUMIF(_計算!$C$1:$DR$1,F59,_計算!$C$4:$DR$4)) | M59: =IF(マスター!$O$43<>"○","",マスター!$K$43) | N59: =IF(M59="","",IF(マスター!$C$43="","未確認",マスター!$C$43)) | O59: =IF(M59="","",マスター!$L$43) | P59: =IF(M59="","",IF(マスター!$D$43="通船・警戒船","対象外（通船・警戒船）",IF(COUNTIFS(入渠!$H$6:$H$55,M59,入渠!$G$6:$G$55,"○")>0,"入渠中",IF(AND($O$9<>"",COUNTIFS(他港作業!$K$6:$K$55,M59,他港作業!$L$6:$L$55,"<="&$O$9,他港作業!$M$6:$M$55,">"&$O$9)+COUNTIFS(他港作業!$K$6:$K$55,M59,他港作業!$L$6:$L$55,"<="&$O$9,他港作業!$E$6:$E$55,"")>0),"他港作業中",IF(INDEX(_計算!$C$6:$DR$293,$P$9,38)=1,"作業中",IF(O59="未確認","未確認（会社未確認）",IF(OR(O59="製鉄曳船",O59="西日本海運"),IF(マスター!$F$43="○","供給可能（待機）","対象外（記号との対応未確認）"),IF(COUNTIFS(他社配置!$L$6:$L$55,M59,他社配置!$J$6:$J$55,"○",他社配置!$F$6:$F$55,"可")>0,"供給可能（他社・対応可）",IF(COUNTIFS(他社配置!$L$6:$L$55,M59,他社配置!$J$6:$J$55,"○",他社配置!$F$6:$F$55,"不可")>0,"対応不可","未確認（他社の対応可否が空欄）")))))))))
B60: 対象日の変更確認 | C60: =IFERROR(IF(INDEX(変更・キャンセル!$B$7:$B$11,MATCH(C5,変更・キャンセル!$A$7:$A$11,0))="","未確認",INDEX(変更・キャンセル!$B$7:$B$11,MATCH(C5,変更・キャンセル!$A$7:$A$11,0))),"未入力（未確認）") -> 未確認 | F60: =IF(マスター!$Q$28="","",マスター!$Q$28) | G60: =IF(F60="","",マスター!$R$28) | H60: =IF(F60="","",COUNTIF(実績!$X$6:$X$505,F60)) | I60: =IF(F60="","",SUMIF(_計算!$C$1:$DR$1,F60,_計算!$C$4:$DR$4)) | M60: =IF(マスター!$O$44<>"○","",マスター!$K$44) | N60: =IF(M60="","",IF(マスター!$C$44="","未確認",マスター!$C$44)) | O60: =IF(M60="","",マスター!$L$44) | P60: =IF(M60="","",IF(マスター!$D$44="通船・警戒船","対象外（通船・警戒船）",IF(COUNTIFS(入渠!$H$6:$H$55,M60,入渠!$G$6:$G$55,"○")>0,"入渠中",IF(AND($O$9<>"",COUNTIFS(他港作業!$K$6:$K$55,M60,他港作業!$L$6:$L$55,"<="&$O$9,他港作業!$M$6:$M$55,">"&$O$9)+COUNTIFS(他港作業!$K$6:$K$55,M60,他港作業!$L$6:$L$55,"<="&$O$9,他港作業!$E$6:$E$55,"")>0),"他港作業中",IF(INDEX(_計算!$C$6:$DR$293,$P$9,39)=1,"作業中",IF(O60="未確認","未確認（会社未確認）",IF(OR(O60="製鉄曳船",O60="西日本海運"),IF(マスター!$F$44="○","供給可能（待機）","対象外（記号との対応未確認）"),IF(COUNTIFS(他社配置!$L$6:$L$55,M60,他社配置!$J$6:$J$55,"○",他社配置!$F$6:$F$55,"可")>0,"供給可能（他社・対応可）",IF(COUNTIFS(他社配置!$L$6:$L$55,M60,他社配置!$J$6:$J$55,"○",他社配置!$F$6:$F$55,"不可")>0,"対応不可","未確認（他社の対応可否が空欄）")))))))))
B61: 全船休航 | C61: =IFERROR(IF(INDEX(変更・キャンセル!$C$7:$C$11,MATCH(C5,変更・キャンセル!$A$7:$A$11,0))="○","○",""),"") | F61: =IF(マスター!$Q$29="","",マスター!$Q$29) | G61: =IF(F61="","",マスター!$R$29) | H61: =IF(F61="","",COUNTIF(実績!$X$6:$X$505,F61)) | I61: =IF(F61="","",SUMIF(_計算!$C$1:$DR$1,F61,_計算!$C$4:$DR$4)) | M61: =IF(マスター!$O$45<>"○","",マスター!$K$45) | N61: =IF(M61="","",IF(マスター!$C$45="","未確認",マスター!$C$45)) | O61: =IF(M61="","",マスター!$L$45) | P61: =IF(M61="","",IF(マスター!$D$45="通船・警戒船","対象外（通船・警戒船）",IF(COUNTIFS(入渠!$H$6:$H$55,M61,入渠!$G$6:$G$55,"○")>0,"入渠中",IF(AND($O$9<>"",COUNTIFS(他港作業!$K$6:$K$55,M61,他港作業!$L$6:$L$55,"<="&$O$9,他港作業!$M$6:$M$55,">"&$O$9)+COUNTIFS(他港作業!$K$6:$K$55,M61,他港作業!$L$6:$L$55,"<="&$O$9,他港作業!$E$6:$E$55,"")>0),"他港作業中",IF(INDEX(_計算!$C$6:$DR$293,$P$9,40)=1,"作業中",IF(O61="未確認","未確認（会社未確認）",IF(OR(O61="製鉄曳船",O61="西日本海運"),IF(マスター!$F$45="○","供給可能（待機）","対象外（記号との対応未確認）"),IF(COUNTIFS(他社配置!$L$6:$L$55,M61,他社配置!$J$6:$J$55,"○",他社配置!$F$6:$F$55,"可")>0,"供給可能（他社・対応可）",IF(COUNTIFS(他社配置!$L$6:$L$55,M61,他社配置!$J$6:$J$55,"○",他社配置!$F$6:$F$55,"不可")>0,"対応不可","未確認（他社の対応可否が空欄）")))))))))
B62: 変更記録の行数 | C62: =COUNTA(変更・キャンセル!$A$26:$A$85) -> 0 | F62: =IF(マスター!$Q$30="","",マスター!$Q$30) | G62: =IF(F62="","",マスター!$R$30) | H62: =IF(F62="","",COUNTIF(実績!$X$6:$X$505,F62)) | I62: =IF(F62="","",SUMIF(_計算!$C$1:$DR$1,F62,_計算!$C$4:$DR$4)) | M62: =IF(マスター!$O$46<>"○","",マスター!$K$46) | N62: =IF(M62="","",IF(マスター!$C$46="","未確認",マスター!$C$46)) | O62: =IF(M62="","",マスター!$L$46) | P62: =IF(M62="","",IF(マスター!$D$46="通船・警戒船","対象外（通船・警戒船）",IF(COUNTIFS(入渠!$H$6:$H$55,M62,入渠!$G$6:$G$55,"○")>0,"入渠中",IF(AND($O$9<>"",COUNTIFS(他港作業!$K$6:$K$55,M62,他港作業!$L$6:$L$55,"<="&$O$9,他港作業!$M$6:$M$55,">"&$O$9)+COUNTIFS(他港作業!$K$6:$K$55,M62,他港作業!$L$6:$L$55,"<="&$O$9,他港作業!$E$6:$E$55,"")>0),"他港作業中",IF(INDEX(_計算!$C$6:$DR$293,$P$9,41)=1,"作業中",IF(O62="未確認","未確認（会社未確認）",IF(OR(O62="製鉄曳船",O62="西日本海運"),IF(マスター!$F$46="○","供給可能（待機）","対象外（記号との対応未確認）"),IF(COUNTIFS(他社配置!$L$6:$L$55,M62,他社配置!$J$6:$J$55,"○",他社配置!$F$6:$F$55,"可")>0,"供給可能（他社・対応可）",IF(COUNTIFS(他社配置!$L$6:$L$55,M62,他社配置!$J$6:$J$55,"○",他社配置!$F$6:$F$55,"不可")>0,"対応不可","未確認（他社の対応可否が空欄）")))))))))
B63: 変更のあった作業数 | C63: =SUMPRODUCT((変更・キャンセル!$B$26:$B$85<>"")/COUNTIF(変更・キャンセル!$B$26:$B$85,変更・キャンセル!$B$26:$B$85&"")) -> 0 | F63: =IF(マスター!$Q$31="","",マスター!$Q$31) | G63: =IF(F63="","",マスター!$R$31) | H63: =IF(F63="","",COUNTIF(実績!$X$6:$X$505,F63)) | I63: =IF(F63="","",SUMIF(_計算!$C$1:$DR$1,F63,_計算!$C$4:$DR$4)) | M63: =IF(マスター!$O$47<>"○","",マスター!$K$47) | N63: =IF(M63="","",IF(マスター!$C$47="","未確認",マスター!$C$47)) | O63: =IF(M63="","",マスター!$L$47) | P63: =IF(M63="","",IF(マスター!$D$47="通船・警戒船","対象外（通船・警戒船）",IF(COUNTIFS(入渠!$H$6:$H$55,M63,入渠!$G$6:$G$55,"○")>0,"入渠中",IF(AND($O$9<>"",COUNTIFS(他港作業!$K$6:$K$55,M63,他港作業!$L$6:$L$55,"<="&$O$9,他港作業!$M$6:$M$55,">"&$O$9)+COUNTIFS(他港作業!$K$6:$K$55,M63,他港作業!$L$6:$L$55,"<="&$O$9,他港作業!$E$6:$E$55,"")>0),"他港作業中",IF(INDEX(_計算!$C$6:$DR$293,$P$9,42)=1,"作業中",IF(O63="未確認","未確認（会社未確認）",IF(OR(O63="製鉄曳船",O63="西日本海運"),IF(マスター!$F$47="○","供給可能（待機）","対象外（記号との対応未確認）"),IF(COUNTIFS(他社配置!$L$6:$L$55,M63,他社配置!$J$6:$J$55,"○",他社配置!$F$6:$F$55,"可")>0,"供給可能（他社・対応可）",IF(COUNTIFS(他社配置!$L$6:$L$55,M63,他社配置!$J$6:$J$55,"○",他社配置!$F$6:$F$55,"不可")>0,"対応不可","未確認（他社の対応可否が空欄）")))))))))
B64: 取消しになった作業数 | C64: =COUNTIF(前日確定!$W$26:$W$45,"○") -> 0 | F64: =IF(マスター!$Q$32="","",マスター!$Q$32) | G64: =IF(F64="","",マスター!$R$32) | H64: =IF(F64="","",COUNTIF(実績!$X$6:$X$505,F64)) | I64: =IF(F64="","",SUMIF(_計算!$C$1:$DR$1,F64,_計算!$C$4:$DR$4)) | M64: =IF(マスター!$O$48<>"○","",マスター!$K$48) | N64: =IF(M64="","",IF(マスター!$C$48="","未確認",マスター!$C$48)) | O64: =IF(M64="","",マスター!$L$48) | P64: =IF(M64="","",IF(マスター!$D$48="通船・警戒船","対象外（通船・警戒船）",IF(COUNTIFS(入渠!$H$6:$H$55,M64,入渠!$G$6:$G$55,"○")>0,"入渠中",IF(AND($O$9<>"",COUNTIFS(他港作業!$K$6:$K$55,M64,他港作業!$L$6:$L$55,"<="&$O$9,他港作業!$M$6:$M$55,">"&$O$9)+COUNTIFS(他港作業!$K$6:$K$55,M64,他港作業!$L$6:$L$55,"<="&$O$9,他港作業!$E$6:$E$55,"")>0),"他港作業中",IF(INDEX(_計算!$C$6:$DR$293,$P$9,43)=1,"作業中",IF(O64="未確認","未確認（会社未確認）",IF(OR(O64="製鉄曳船",O64="西日本海運"),IF(マスター!$F$48="○","供給可能（待機）","対象外（記号との対応未確認）"),IF(COUNTIFS(他社配置!$L$6:$L$55,M64,他社配置!$J$6:$J$55,"○",他社配置!$F$6:$F$55,"可")>0,"供給可能（他社・対応可）",IF(COUNTIFS(他社配置!$L$6:$L$55,M64,他社配置!$J$6:$J$55,"○",他社配置!$F$6:$F$55,"不可")>0,"対応不可","未確認（他社の対応可否が空欄）")))))))))
B65: うち基地発後の取消し（記録数） | C65: =COUNTIFS(変更・キャンセル!$R$26:$R$85,"○",変更・キャンセル!$S$26:$S$85,"当日・基地発後") -> 0 | D65: 実拘束あり。実施作業へは数えない | F65: =IF(マスター!$Q$33="","",マスター!$Q$33) | G65: =IF(F65="","",マスター!$R$33) | H65: =IF(F65="","",COUNTIF(実績!$X$6:$X$505,F65)) | I65: =IF(F65="","",SUMIF(_計算!$C$1:$DR$1,F65,_計算!$C$4:$DR$4)) | M65: =IF(マスター!$O$49<>"○","",マスター!$K$49) | N65: =IF(M65="","",IF(マスター!$C$49="","未確認",マスター!$C$49)) | O65: =IF(M65="","",マスター!$L$49) | P65: =IF(M65="","",IF(マスター!$D$49="通船・警戒船","対象外（通船・警戒船）",IF(COUNTIFS(入渠!$H$6:$H$55,M65,入渠!$G$6:$G$55,"○")>0,"入渠中",IF(AND($O$9<>"",COUNTIFS(他港作業!$K$6:$K$55,M65,他港作業!$L$6:$L$55,"<="&$O$9,他港作業!$M$6:$M$55,">"&$O$9)+COUNTIFS(他港作業!$K$6:$K$55,M65,他港作業!$L$6:$L$55,"<="&$O$9,他港作業!$E$6:$E$55,"")>0),"他港作業中",IF(INDEX(_計算!$C$6:$DR$293,$P$9,44)=1,"作業中",IF(O65="未確認","未確認（会社未確認）",IF(OR(O65="製鉄曳船",O65="西日本海運"),IF(マスター!$F$49="○","供給可能（待機）","対象外（記号との対応未確認）"),IF(COUNTIFS(他社配置!$L$6:$L$55,M65,他社配置!$J$6:$J$55,"○",他社配置!$F$6:$F$55,"可")>0,"供給可能（他社・対応可）",IF(COUNTIFS(他社配置!$L$6:$L$55,M65,他社配置!$J$6:$J$55,"○",他社配置!$F$6:$F$55,"不可")>0,"対応不可","未確認（他社の対応可否が空欄）")))))))))
B66: 時間調整ありの記録 | C66: =COUNTIF(変更・キャンセル!$V$26:$V$85,"あり") -> 0 | F66: =IF(マスター!$Q$34="","",マスター!$Q$34) | G66: =IF(F66="","",マスター!$R$34) | H66: =IF(F66="","",COUNTIF(実績!$X$6:$X$505,F66)) | I66: =IF(F66="","",SUMIF(_計算!$C$1:$DR$1,F66,_計算!$C$4:$DR$4)) | M66: =IF(マスター!$O$50<>"○","",マスター!$K$50) | N66: =IF(M66="","",IF(マスター!$C$50="","未確認",マスター!$C$50)) | O66: =IF(M66="","",マスター!$L$50) | P66: =IF(M66="","",IF(マスター!$D$50="通船・警戒船","対象外（通船・警戒船）",IF(COUNTIFS(入渠!$H$6:$H$55,M66,入渠!$G$6:$G$55,"○")>0,"入渠中",IF(AND($O$9<>"",COUNTIFS(他港作業!$K$6:$K$55,M66,他港作業!$L$6:$L$55,"<="&$O$9,他港作業!$M$6:$M$55,">"&$O$9)+COUNTIFS(他港作業!$K$6:$K$55,M66,他港作業!$L$6:$L$55,"<="&$O$9,他港作業!$E$6:$E$55,"")>0),"他港作業中",IF(INDEX(_計算!$C$6:$DR$293,$P$9,45)=1,"作業中",IF(O66="未確認","未確認（会社未確認）",IF(OR(O66="製鉄曳船",O66="西日本海運"),IF(マスター!$F$50="○","供給可能（待機）","対象外（記号との対応未確認）"),IF(COUNTIFS(他社配置!$L$6:$L$55,M66,他社配置!$J$6:$J$55,"○",他社配置!$F$6:$F$55,"可")>0,"供給可能（他社・対応可）",IF(COUNTIFS(他社配置!$L$6:$L$55,M66,他社配置!$J$6:$J$55,"○",他社配置!$F$6:$F$55,"不可")>0,"対応不可","未確認（他社の対応可否が空欄）")))))))))
B67: 休船からの呼出回数（同一呼出は1回） | C67: =COUNTA(変更・キャンセル!$A$15:$A$22)-COUNTIF(変更・キャンセル!$H$15:$H$22,"同一呼出*") -> 0 | D67: 呼出実績＝常駐船腹の不足とは限らない | F67: =IF(マスター!$Q$35="","",マスター!$Q$35) | G67: =IF(F67="","",マスター!$R$35) | H67: =IF(F67="","",COUNTIF(実績!$X$6:$X$505,F67)) | I67: =IF(F67="","",SUMIF(_計算!$C$1:$DR$1,F67,_計算!$C$4:$DR$4)) | M67: =IF(マスター!$O$51<>"○","",マスター!$K$51) | N67: =IF(M67="","",IF(マスター!$C$51="","未確認",マスター!$C$51)) | O67: =IF(M67="","",マスター!$L$51) | P67: =IF(M67="","",IF(マスター!$D$51="通船・警戒船","対象外（通船・警戒船）",IF(COUNTIFS(入渠!$H$6:$H$55,M67,入渠!$G$6:$G$55,"○")>0,"入渠中",IF(AND($O$9<>"",COUNTIFS(他港作業!$K$6:$K$55,M67,他港作業!$L$6:$L$55,"<="&$O$9,他港作業!$M$6:$M$55,">"&$O$9)+COUNTIFS(他港作業!$K$6:$K$55,M67,他港作業!$L$6:$L$55,"<="&$O$9,他港作業!$E$6:$E$55,"")>0),"他港作業中",IF(INDEX(_計算!$C$6:$DR$293,$P$9,46)=1,"作業中",IF(O67="未確認","未確認（会社未確認）",IF(OR(O67="製鉄曳船",O67="西日本海運"),IF(マスター!$F$51="○","供給可能（待機）","対象外（記号との対応未確認）"),IF(COUNTIFS(他社配置!$L$6:$L$55,M67,他社配置!$J$6:$J$55,"○",他社配置!$F$6:$F$55,"可")>0,"供給可能（他社・対応可）",IF(COUNTIFS(他社配置!$L$6:$L$55,M67,他社配置!$J$6:$J$55,"○",他社配置!$F$6:$F$55,"不可")>0,"対応不可","未確認（他社の対応可否が空欄）")))))))))
B68: 呼出した船のその日の従事作業数（合計） | C68: =SUMIFS(変更・キャンセル!$J$15:$J$22,変更・キャンセル!$A$15:$A$22,"<>",変更・キャンセル!$H$15:$H$22,"") -> 0 | D68: 呼出1回で複数作業に従事した場合も作業ごとに数える | F68: =IF(マスター!$Q$36="","",マスター!$Q$36) | G68: =IF(F68="","",マスター!$R$36) | H68: =IF(F68="","",COUNTIF(実績!$X$6:$X$505,F68)) | I68: =IF(F68="","",SUMIF(_計算!$C$1:$DR$1,F68,_計算!$C$4:$DR$4)) | M68: =IF(マスター!$O$52<>"○","",マスター!$K$52) | N68: =IF(M68="","",IF(マスター!$C$52="","未確認",マスター!$C$52)) | O68: =IF(M68="","",マスター!$L$52) | P68: =IF(M68="","",IF(マスター!$D$52="通船・警戒船","対象外（通船・警戒船）",IF(COUNTIFS(入渠!$H$6:$H$55,M68,入渠!$G$6:$G$55,"○")>0,"入渠中",IF(AND($O$9<>"",COUNTIFS(他港作業!$K$6:$K$55,M68,他港作業!$L$6:$L$55,"<="&$O$9,他港作業!$M$6:$M$55,">"&$O$9)+COUNTIFS(他港作業!$K$6:$K$55,M68,他港作業!$L$6:$L$55,"<="&$O$9,他港作業!$E$6:$E$55,"")>0),"他港作業中",IF(INDEX(_計算!$C$6:$DR$293,$P$9,47)=1,"作業中",IF(O68="未確認","未確認（会社未確認）",IF(OR(O68="製鉄曳船",O68="西日本海運"),IF(マスター!$F$52="○","供給可能（待機）","対象外（記号との対応未確認）"),IF(COUNTIFS(他社配置!$L$6:$L$55,M68,他社配置!$J$6:$J$55,"○",他社配置!$F$6:$F$55,"可")>0,"供給可能（他社・対応可）",IF(COUNTIFS(他社配置!$L$6:$L$55,M68,他社配置!$J$6:$J$55,"○",他社配置!$F$6:$F$55,"不可")>0,"対応不可","未確認（他社の対応可否が空欄）")))))))))
B69: うち乗組員の出勤手配の不足による呼出 | C69: =COUNTIFS(変更・キャンセル!$E$15:$E$22,"乗組員の出勤手配の不足",変更・キャンセル!$H$15:$H$22,"") -> 0 | D69: 船体の不足と区別 | F69: =IF(マスター!$Q$37="","",マスター!$Q$37) | G69: =IF(F69="","",マスター!$R$37) | H69: =IF(F69="","",COUNTIF(実績!$X$6:$X$505,F69)) | I69: =IF(F69="","",SUMIF(_計算!$C$1:$DR$1,F69,_計算!$C$4:$DR$4)) | M69: =IF(マスター!$O$53<>"○","",マスター!$K$53) | N69: =IF(M69="","",IF(マスター!$C$53="","未確認",マスター!$C$53)) | O69: =IF(M69="","",マスター!$L$53) | P69: =IF(M69="","",IF(マスター!$D$53="通船・警戒船","対象外（通船・警戒船）",IF(COUNTIFS(入渠!$H$6:$H$55,M69,入渠!$G$6:$G$55,"○")>0,"入渠中",IF(AND($O$9<>"",COUNTIFS(他港作業!$K$6:$K$55,M69,他港作業!$L$6:$L$55,"<="&$O$9,他港作業!$M$6:$M$55,">"&$O$9)+COUNTIFS(他港作業!$K$6:$K$55,M69,他港作業!$L$6:$L$55,"<="&$O$9,他港作業!$E$6:$E$55,"")>0),"他港作業中",IF(INDEX(_計算!$C$6:$DR$293,$P$9,48)=1,"作業中",IF(O69="未確認","未確認（会社未確認）",IF(OR(O69="製鉄曳船",O69="西日本海運"),IF(マスター!$F$53="○","供給可能（待機）","対象外（記号との対応未確認）"),IF(COUNTIFS(他社配置!$L$6:$L$55,M69,他社配置!$J$6:$J$55,"○",他社配置!$F$6:$F$55,"可")>0,"供給可能（他社・対応可）",IF(COUNTIFS(他社配置!$L$6:$L$55,M69,他社配置!$J$6:$J$55,"○",他社配置!$F$6:$F$55,"不可")>0,"対応不可","未確認（他社の対応可否が空欄）")))))))))
B70: 呼出の対象外の会社の記録 | C70: =COUNTIF(変更・キャンセル!$I$15:$I$22,"製鉄曳船*") -> 0 | F70: =IF(マスター!$Q$38="","",マスター!$Q$38) | G70: =IF(F70="","",マスター!$R$38) | H70: =IF(F70="","",COUNTIF(実績!$X$6:$X$505,F70)) | I70: =IF(F70="","",SUMIF(_計算!$C$1:$DR$1,F70,_計算!$C$4:$DR$4)) | M70: =IF(マスター!$O$54<>"○","",マスター!$K$54) | N70: =IF(M70="","",IF(マスター!$C$54="","未確認",マスター!$C$54)) | O70: =IF(M70="","",マスター!$L$54) | P70: =IF(M70="","",IF(マスター!$D$54="通船・警戒船","対象外（通船・警戒船）",IF(COUNTIFS(入渠!$H$6:$H$55,M70,入渠!$G$6:$G$55,"○")>0,"入渠中",IF(AND($O$9<>"",COUNTIFS(他港作業!$K$6:$K$55,M70,他港作業!$L$6:$L$55,"<="&$O$9,他港作業!$M$6:$M$55,">"&$O$9)+COUNTIFS(他港作業!$K$6:$K$55,M70,他港作業!$L$6:$L$55,"<="&$O$9,他港作業!$E$6:$E$55,"")>0),"他港作業中",IF(INDEX(_計算!$C$6:$DR$293,$P$9,49)=1,"作業中",IF(O70="未確認","未確認（会社未確認）",IF(OR(O70="製鉄曳船",O70="西日本海運"),IF(マスター!$F$54="○","供給可能（待機）","対象外（記号との対応未確認）"),IF(COUNTIFS(他社配置!$L$6:$L$55,M70,他社配置!$J$6:$J$55,"○",他社配置!$F$6:$F$55,"可")>0,"供給可能（他社・対応可）",IF(COUNTIFS(他社配置!$L$6:$L$55,M70,他社配置!$J$6:$J$55,"○",他社配置!$F$6:$F$55,"不可")>0,"対応不可","未確認（他社の対応可否が空欄）")))))))))
F71: =IF(マスター!$Q$39="","",マスター!$Q$39) | G71: =IF(F71="","",マスター!$R$39) | H71: =IF(F71="","",COUNTIF(実績!$X$6:$X$505,F71)) | I71: =IF(F71="","",SUMIF(_計算!$C$1:$DR$1,F71,_計算!$C$4:$DR$4)) | M71: =IF(マスター!$O$55<>"○","",マスター!$K$55) | N71: =IF(M71="","",IF(マスター!$C$55="","未確認",マスター!$C$55)) | O71: =IF(M71="","",マスター!$L$55) | P71: =IF(M71="","",IF(マスター!$D$55="通船・警戒船","対象外（通船・警戒船）",IF(COUNTIFS(入渠!$H$6:$H$55,M71,入渠!$G$6:$G$55,"○")>0,"入渠中",IF(AND($O$9<>"",COUNTIFS(他港作業!$K$6:$K$55,M71,他港作業!$L$6:$L$55,"<="&$O$9,他港作業!$M$6:$M$55,">"&$O$9)+COUNTIFS(他港作業!$K$6:$K$55,M71,他港作業!$L$6:$L$55,"<="&$O$9,他港作業!$E$6:$E$55,"")>0),"他港作業中",IF(INDEX(_計算!$C$6:$DR$293,$P$9,50)=1,"作業中",IF(O71="未確認","未確認（会社未確認）",IF(OR(O71="製鉄曳船",O71="西日本海運"),IF(マスター!$F$55="○","供給可能（待機）","対象外（記号との対応未確認）"),IF(COUNTIFS(他社配置!$L$6:$L$55,M71,他社配置!$J$6:$J$55,"○",他社配置!$F$6:$F$55,"可")>0,"供給可能（他社・対応可）",IF(COUNTIFS(他社配置!$L$6:$L$55,M71,他社配置!$J$6:$J$55,"○",他社配置!$F$6:$F$55,"不可")>0,"対応不可","未確認（他社の対応可否が空欄）")))))))))
B72: ■ 使えない船・拘束・他社配置（対象日） | F72: =IF(マスター!$Q$40="","",マスター!$Q$40) | G72: =IF(F72="","",マスター!$R$40) | H72: =IF(F72="","",COUNTIF(実績!$X$6:$X$505,F72)) | I72: =IF(F72="","",SUMIF(_計算!$C$1:$DR$1,F72,_計算!$C$4:$DR$4)) | M72: =IF(マスター!$O$56<>"○","",マスター!$K$56) | N72: =IF(M72="","",IF(マスター!$C$56="","未確認",マスター!$C$56)) | O72: =IF(M72="","",マスター!$L$56) | P72: =IF(M72="","",IF(マスター!$D$56="通船・警戒船","対象外（通船・警戒船）",IF(COUNTIFS(入渠!$H$6:$H$55,M72,入渠!$G$6:$G$55,"○")>0,"入渠中",IF(AND($O$9<>"",COUNTIFS(他港作業!$K$6:$K$55,M72,他港作業!$L$6:$L$55,"<="&$O$9,他港作業!$M$6:$M$55,">"&$O$9)+COUNTIFS(他港作業!$K$6:$K$55,M72,他港作業!$L$6:$L$55,"<="&$O$9,他港作業!$E$6:$E$55,"")>0),"他港作業中",IF(INDEX(_計算!$C$6:$DR$293,$P$9,51)=1,"作業中",IF(O72="未確認","未確認（会社未確認）",IF(OR(O72="製鉄曳船",O72="西日本海運"),IF(マスター!$F$56="○","供給可能（待機）","対象外（記号との対応未確認）"),IF(COUNTIFS(他社配置!$L$6:$L$55,M72,他社配置!$J$6:$J$55,"○",他社配置!$F$6:$F$55,"可")>0,"供給可能（他社・対応可）",IF(COUNTIFS(他社配置!$L$6:$L$55,M72,他社配置!$J$6:$J$55,"○",他社配置!$F$6:$F$55,"不可")>0,"対応不可","未確認（他社の対応可否が空欄）")))))))))
B73: 入渠で使えない船数 | C73: =COUNTIF(入渠!$G$6:$G$55,"○") -> 0 | F73: =IF(マスター!$Q$41="","",マスター!$Q$41) | G73: =IF(F73="","",マスター!$R$41) | H73: =IF(F73="","",COUNTIF(実績!$X$6:$X$505,F73)) | I73: =IF(F73="","",SUMIF(_計算!$C$1:$DR$1,F73,_計算!$C$4:$DR$4)) | M73: =IF(マスター!$O$57<>"○","",マスター!$K$57) | N73: =IF(M73="","",IF(マスター!$C$57="","未確認",マスター!$C$57)) | O73: =IF(M73="","",マスター!$L$57) | P73: =IF(M73="","",IF(マスター!$D$57="通船・警戒船","対象外（通船・警戒船）",IF(COUNTIFS(入渠!$H$6:$H$55,M73,入渠!$G$6:$G$55,"○")>0,"入渠中",IF(AND($O$9<>"",COUNTIFS(他港作業!$K$6:$K$55,M73,他港作業!$L$6:$L$55,"<="&$O$9,他港作業!$M$6:$M$55,">"&$O$9)+COUNTIFS(他港作業!$K$6:$K$55,M73,他港作業!$L$6:$L$55,"<="&$O$9,他港作業!$E$6:$E$55,"")>0),"他港作業中",IF(INDEX(_計算!$C$6:$DR$293,$P$9,52)=1,"作業中",IF(O73="未確認","未確認（会社未確認）",IF(OR(O73="製鉄曳船",O73="西日本海運"),IF(マスター!$F$57="○","供給可能（待機）","対象外（記号との対応未確認）"),IF(COUNTIFS(他社配置!$L$6:$L$55,M73,他社配置!$J$6:$J$55,"○",他社配置!$F$6:$F$55,"可")>0,"供給可能（他社・対応可）",IF(COUNTIFS(他社配置!$L$6:$L$55,M73,他社配置!$J$6:$J$55,"○",他社配置!$F$6:$F$55,"不可")>0,"対応不可","未確認（他社の対応可否が空欄）")))))))))
B74: 他港作業で拘束された船数（対象日中） | C74: =COUNTIF(他港作業!$I$6:$I$55,"○") -> 0 | F74: =IF(マスター!$Q$42="","",マスター!$Q$42) | G74: =IF(F74="","",マスター!$R$42) | H74: =IF(F74="","",COUNTIF(実績!$X$6:$X$505,F74)) | I74: =IF(F74="","",SUMIF(_計算!$C$1:$DR$1,F74,_計算!$C$4:$DR$4)) | M74: =IF(マスター!$O$58<>"○","",マスター!$K$58) | N74: =IF(M74="","",IF(マスター!$C$58="","未確認",マスター!$C$58)) | O74: =IF(M74="","",マスター!$L$58) | P74: =IF(M74="","",IF(マスター!$D$58="通船・警戒船","対象外（通船・警戒船）",IF(COUNTIFS(入渠!$H$6:$H$55,M74,入渠!$G$6:$G$55,"○")>0,"入渠中",IF(AND($O$9<>"",COUNTIFS(他港作業!$K$6:$K$55,M74,他港作業!$L$6:$L$55,"<="&$O$9,他港作業!$M$6:$M$55,">"&$O$9)+COUNTIFS(他港作業!$K$6:$K$55,M74,他港作業!$L$6:$L$55,"<="&$O$9,他港作業!$E$6:$E$55,"")>0),"他港作業中",IF(INDEX(_計算!$C$6:$DR$293,$P$9,53)=1,"作業中",IF(O74="未確認","未確認（会社未確認）",IF(OR(O74="製鉄曳船",O74="西日本海運"),IF(マスター!$F$58="○","供給可能（待機）","対象外（記号との対応未確認）"),IF(COUNTIFS(他社配置!$L$6:$L$55,M74,他社配置!$J$6:$J$55,"○",他社配置!$F$6:$F$55,"可")>0,"供給可能（他社・対応可）",IF(COUNTIFS(他社配置!$L$6:$L$55,M74,他社配置!$J$6:$J$55,"○",他社配置!$F$6:$F$55,"不可")>0,"対応不可","未確認（他社の対応可否が空欄）")))))))))
B75: 他社配置の記録数 | C75: =COUNTIF(他社配置!$J$6:$J$55,"○") -> 0 | D75: 配置の記録であり応援の確約ではない | F75: =IF(マスター!$Q$43="","",マスター!$Q$43) | G75: =IF(F75="","",マスター!$R$43) | H75: =IF(F75="","",COUNTIF(実績!$X$6:$X$505,F75)) | I75: =IF(F75="","",SUMIF(_計算!$C$1:$DR$1,F75,_計算!$C$4:$DR$4)) | M75: =IF(マスター!$O$59<>"○","",マスター!$K$59) | N75: =IF(M75="","",IF(マスター!$C$59="","未確認",マスター!$C$59)) | O75: =IF(M75="","",マスター!$L$59) | P75: =IF(M75="","",IF(マスター!$D$59="通船・警戒船","対象外（通船・警戒船）",IF(COUNTIFS(入渠!$H$6:$H$55,M75,入渠!$G$6:$G$55,"○")>0,"入渠中",IF(AND($O$9<>"",COUNTIFS(他港作業!$K$6:$K$55,M75,他港作業!$L$6:$L$55,"<="&$O$9,他港作業!$M$6:$M$55,">"&$O$9)+COUNTIFS(他港作業!$K$6:$K$55,M75,他港作業!$L$6:$L$55,"<="&$O$9,他港作業!$E$6:$E$55,"")>0),"他港作業中",IF(INDEX(_計算!$C$6:$DR$293,$P$9,54)=1,"作業中",IF(O75="未確認","未確認（会社未確認）",IF(OR(O75="製鉄曳船",O75="西日本海運"),IF(マスター!$F$59="○","供給可能（待機）","対象外（記号との対応未確認）"),IF(COUNTIFS(他社配置!$L$6:$L$55,M75,他社配置!$J$6:$J$55,"○",他社配置!$F$6:$F$55,"可")>0,"供給可能（他社・対応可）",IF(COUNTIFS(他社配置!$L$6:$L$55,M75,他社配置!$J$6:$J$55,"○",他社配置!$F$6:$F$55,"不可")>0,"対応不可","未確認（他社の対応可否が空欄）")))))))))
F76: =IF(マスター!$Q$44="","",マスター!$Q$44) | G76: =IF(F76="","",マスター!$R$44) | H76: =IF(F76="","",COUNTIF(実績!$X$6:$X$505,F76)) | I76: =IF(F76="","",SUMIF(_計算!$C$1:$DR$1,F76,_計算!$C$4:$DR$4)) | M76: =IF(マスター!$O$60<>"○","",マスター!$K$60) | N76: =IF(M76="","",IF(マスター!$C$60="","未確認",マスター!$C$60)) | O76: =IF(M76="","",マスター!$L$60) | P76: =IF(M76="","",IF(マスター!$D$60="通船・警戒船","対象外（通船・警戒船）",IF(COUNTIFS(入渠!$H$6:$H$55,M76,入渠!$G$6:$G$55,"○")>0,"入渠中",IF(AND($O$9<>"",COUNTIFS(他港作業!$K$6:$K$55,M76,他港作業!$L$6:$L$55,"<="&$O$9,他港作業!$M$6:$M$55,">"&$O$9)+COUNTIFS(他港作業!$K$6:$K$55,M76,他港作業!$L$6:$L$55,"<="&$O$9,他港作業!$E$6:$E$55,"")>0),"他港作業中",IF(INDEX(_計算!$C$6:$DR$293,$P$9,55)=1,"作業中",IF(O76="未確認","未確認（会社未確認）",IF(OR(O76="製鉄曳船",O76="西日本海運"),IF(マスター!$F$60="○","供給可能（待機）","対象外（記号との対応未確認）"),IF(COUNTIFS(他社配置!$L$6:$L$55,M76,他社配置!$J$6:$J$55,"○",他社配置!$F$6:$F$55,"可")>0,"供給可能（他社・対応可）",IF(COUNTIFS(他社配置!$L$6:$L$55,M76,他社配置!$J$6:$J$55,"○",他社配置!$F$6:$F$55,"不可")>0,"対応不可","未確認（他社の対応可否が空欄）")))))))))
F77: =IF(マスター!$Q$45="","",マスター!$Q$45) | G77: =IF(F77="","",マスター!$R$45) | H77: =IF(F77="","",COUNTIF(実績!$X$6:$X$505,F77)) | I77: =IF(F77="","",SUMIF(_計算!$C$1:$DR$1,F77,_計算!$C$4:$DR$4)) | M77: =IF(マスター!$O$61<>"○","",マスター!$K$61) | N77: =IF(M77="","",IF(マスター!$C$61="","未確認",マスター!$C$61)) | O77: =IF(M77="","",マスター!$L$61) | P77: =IF(M77="","",IF(マスター!$D$61="通船・警戒船","対象外（通船・警戒船）",IF(COUNTIFS(入渠!$H$6:$H$55,M77,入渠!$G$6:$G$55,"○")>0,"入渠中",IF(AND($O$9<>"",COUNTIFS(他港作業!$K$6:$K$55,M77,他港作業!$L$6:$L$55,"<="&$O$9,他港作業!$M$6:$M$55,">"&$O$9)+COUNTIFS(他港作業!$K$6:$K$55,M77,他港作業!$L$6:$L$55,"<="&$O$9,他港作業!$E$6:$E$55,"")>0),"他港作業中",IF(INDEX(_計算!$C$6:$DR$293,$P$9,56)=1,"作業中",IF(O77="未確認","未確認（会社未確認）",IF(OR(O77="製鉄曳船",O77="西日本海運"),IF(マスター!$F$61="○","供給可能（待機）","対象外（記号との対応未確認）"),IF(COUNTIFS(他社配置!$L$6:$L$55,M77,他社配置!$J$6:$J$55,"○",他社配置!$F$6:$F$55,"可")>0,"供給可能（他社・対応可）",IF(COUNTIFS(他社配置!$L$6:$L$55,M77,他社配置!$J$6:$J$55,"○",他社配置!$F$6:$F$55,"不可")>0,"対応不可","未確認（他社の対応可否が空欄）")))))))))
