Workbook

Sheet はじめに
A2: 八幡地区の曳船体制を検証するための基礎調査
A3: 記入担当：上田さん／対象：2025年度の記録を中心に、不足する事例は2026年度以降も継続して集める。
A6: この調査で何を確認するか
A7: 電炉化に伴う減船を1隻にとどめ、常駐4隻を日鉄に認めてもらうための基礎事実を集めます。その後、必要な供給体制と負担を根拠に料金体系の見直しへ進みます。本表は、その交渉の基盤となる記録を収集する段階の資料です。
A10: 確認するのは、実施した仕事だけではありません。前日に船の時間・曳船・乗組員を確保できたか、取消・変更でも拘束が生じたか、入渠や他港作業中に応援を確保できたかを残します。上田さんに必要隻数の結論を記入してもらう表ではありません。
A14: 最初の3手順
A15: 1 「会社・曳船登録」は会社一覧、「曳船登録」は船名・会社名・基地港の一覧です。記入済みの会社や船は入力し直さず、未確認の基地港と不足する船だけ追加してください。
A17: 2 「所定時間登録」で、基地→作業→基地の所定時間を登録。実績時刻がある行は実績を優先し、所定時間を使った行には「見込み」と表示。
A19: 3 下表の入力先に、分かる記録から入力。実績入力欄は全て空欄。架空データは「7つの記入例」だけに掲載してあり、集計に含みません。
A22: 調査 | B22: 入力先 | D22: 何を残すか | F22: 主な確認元 | H22: 検証に使う視点
A23: ① | B23: 予定・実績 | D23: 前日予定、変更・取消、使用曳船、基地発着、待機 | F23: 前日版・変更版の作業予定表、作業記録 | H23: 前日に必要船を確保できるか
A24: ② | B24: 入渠 | D24: 製鉄5隻と関豊丸・長豊丸の入渠開始・復帰 | F24: 入渠記録、配船記録 | H24: 供給できない期間
A25: ③ | B25: 関豊丸・長豊丸の他港作業 | D25: 他港作業日時、回航込み拘束、料金（判明時） | F25: 他港作業記録、請求・支払記録 | H25: 応援需要と他港拘束の重なり
A26: ④ | B26: 予定・実績 | D26: 他社の応援船名。安瀬の通常分担と不足補充を区別 | F26: 予定表、変更記録、応援の記録 | H26: 応援を誰がどれだけ担ったか
A27: ⑤ | B27: 応援・時間調整 | D27: 依頼・回答理由、時間調整、水先人・代理店の回答 | F27: 照会記録、連絡記録、担当者の記憶 | H27: 応援不可・時間調整の制約
A28: ⑥ | B28: 他社の配備・在港 | D28: 実際の所在・配備期間、応援条件の回答 | F28: 他社への確認、配備・出張の記録 | H28: 在港・保有と応援可能の違い
A29: ⑦ | B29: 予定・実績／LNG警戒・交代 | D29: 入出港等は前者、警戒と曳船・乗組員交代は後者 | F29: LNG作業記録、警戒・交代記録 | H29: 同じ船・同じ時間の二重計上防止
A31: 色・単位・記録の扱い
A32: オレンジ：入力 | C32: 黄色：記録がある場合に入力 | F32: 灰色：自動表示・計算
A33: 日時は「2025/4/10 7:00」、時間は時間単位（30分＝0.5）。空欄は不明・未収集であり0ではありません。「記録」「記憶」「未確認」を必ず分け、記憶を実績時刻の証拠とは扱いません。
A35: 作業予定表の用語「予定」「船名」「荷種」「バース」「入出・転」「曳船名」「エスコート」「回頭」を使用。船名が判別できない場合は元資料を残し、確認後に船名を登録してください。
A38: 登録表がどこにつながるか
A39: 会社一覧 → 曳船登録の会社選択、会社別集計。曳船登録 → 各作業シートの船名選択、会社名・基地港の表示。「入力の選択肢」 → 各入力欄の選択肢。通常の入力では選択肢のシートへの記入は不要です。
A41: 所定時間登録 → 予定・実績の「所定合計h」。出動基地港＋バース＋荷種＋入出／転＋作業内容で照合します。安瀬の通常分担・不足補充と、応援の有無は、予定・実績の別々の欄で記録します。
A43: 曳船は「曳船登録」の空行へ1隻ずつ追加します。同じ会社に4隻あれば4行。新しい会社は会社一覧にも追加してください。空行が足りないときは、表の最終空行をコピー→表内に行を挿入→貼り付けて数式・選択欄も増やします。
A46: 後の検証で必要な区別
A47: 3隻案＝戸畑2・八幡1、4隻案＝戸畑2・八幡2。入渠、LNG、鋼材船が重なる日時と門司2隻の他港拘束を照合し、応援の実態も併せて検証します。本表では将来需要を実績へ混ぜません。
A49: LNG警戒は、1泊2日なら曳船交代なし、2泊3日なら曳船交換という運用を踏まえ、実際の交代・担当時間を記録。回頭とパイロット送りを同じ曳船が兼務した場合は1隻として記入。LNG月2回は将来の検証条件であり、実績欄に入れません。
A51: 安瀬の継続見通しは未確定。通常分担、若松分の不足補充、他社応援を分けて集めます。応援会社の所在地・保有隻数だけで応援可能とせず、実際の配備・在港、依頼への回答を根拠にします。
A54: 収集状況：ここにも記入してください
A55: 調査 | B55: 対象年度 | C55: 対象期間の開始 | D55: 対象期間の終了 | E55: 収集状況 | F55: 未収集・不足している記録 | G55: 確認担当・確認日 | H55: 補足
A56: 1
A57: 2
A58: 3
A59: 4
A60: 5
A61: 6
A62: 7

Sheet 会社・曳船登録
A2: 会社一覧：不足する会社だけ追加
A3: このシートは会社の一覧です。船名と基地港は「曳船登録」にあります。既に登録した会社は入力し直さず、不足する会社だけ空行に追加してください。
A5: 地区は会社別の整理に使います。曳船が実際にいる港は「曳船登録」の基地港と、作業・在港記録で確認します。
A7: 会社名 | B7: 地区 | C7: 入力確認（自動）
A8: 製鉄曳船 | B8: 戸畑・八幡 | C8: =IF(A8="","",IF(COUNTIF(Companies[会社名],A8)>1,"要確認：会社名重複",IF(B8="","要確認：地区未登録","登録済"))) -> 登録済
A9: 西日本海運 | B9: 関門 | C9: =IF(A9="","",IF(COUNTIF(Companies[会社名],A9)>1,"要確認：会社名重複",IF(B9="","要確認：地区未登録","登録済"))) -> 登録済
A10: 矢野海運 | B10: 若松 | C10: =IF(A10="","",IF(COUNTIF(Companies[会社名],A10)>1,"要確認：会社名重複",IF(B10="","要確認：地区未登録","登録済"))) -> 登録済
A11: 洞海マリン | B11: 若松 | C11: =IF(A11="","",IF(COUNTIF(Companies[会社名],A11)>1,"要確認：会社名重複",IF(B11="","要確認：地区未登録","登録済"))) -> 登録済
A12: グリーンシッピング | B12: 関門 | C12: =IF(A12="","",IF(COUNTIF(Companies[会社名],A12)>1,"要確認：会社名重複",IF(B12="","要確認：地区未登録","登録済"))) -> 登録済
A13: シーゲートコーポレーション | B13: 関門 | C13: =IF(A13="","",IF(COUNTIF(Companies[会社名],A13)>1,"要確認：会社名重複",IF(B13="","要確認：地区未登録","登録済"))) -> 登録済
A14: 日鉄物流 | B14: 関門 | C14: =IF(A14="","",IF(COUNTIF(Companies[会社名],A14)>1,"要確認：会社名重複",IF(B14="","要確認：地区未登録","登録済"))) -> 登録済
A15: 春風海運 | B15: 関門 | C15: =IF(A15="","",IF(COUNTIF(Companies[会社名],A15)>1,"要確認：会社名重複",IF(B15="","要確認：地区未登録","登録済"))) -> 登録済
A16: 福島海運 | B16: 苅田 | C16: =IF(A16="","",IF(COUNTIF(Companies[会社名],A16)>1,"要確認：会社名重複",IF(B16="","要確認：地区未登録","登録済"))) -> 登録済
C17: =IF(A17="","",IF(COUNTIF(Companies[会社名],A17)>1,"要確認：会社名重複",IF(B17="","要確認：地区未登録","登録済")))
C18: =IF(A18="","",IF(COUNTIF(Companies[会社名],A18)>1,"要確認：会社名重複",IF(B18="","要確認：地区未登録","登録済")))
C19: =IF(A19="","",IF(COUNTIF(Companies[会社名],A19)>1,"要確認：会社名重複",IF(B19="","要確認：地区未登録","登録済")))
C20: =IF(A20="","",IF(COUNTIF(Companies[会社名],A20)>1,"要確認：会社名重複",IF(B20="","要確認：地区未登録","登録済")))
C21: =IF(A21="","",IF(COUNTIF(Companies[会社名],A21)>1,"要確認：会社名重複",IF(B21="","要確認：地区未登録","登録済")))
C22: =IF(A22="","",IF(COUNTIF(Companies[会社名],A22)>1,"要確認：会社名重複",IF(B22="","要確認：地区未登録","登録済")))
C23: =IF(A23="","",IF(COUNTIF(Companies[会社名],A23)>1,"要確認：会社名重複",IF(B23="","要確認：地区未登録","登録済")))
C24: =IF(A24="","",IF(COUNTIF(Companies[会社名],A24)>1,"要確認：会社名重複",IF(B24="","要確認：地区未登録","登録済")))
C25: =IF(A25="","",IF(COUNTIF(Companies[会社名],A25)>1,"要確認：会社名重複",IF(B25="","要確認：地区未登録","登録済")))
C26: =IF(A26="","",IF(COUNTIF(Companies[会社名],A26)>1,"要確認：会社名重複",IF(B26="","要確認：地区未登録","登録済")))
C27: =IF(A27="","",IF(COUNTIF(Companies[会社名],A27)>1,"要確認：会社名重複",IF(B27="","要確認：地区未登録","登録済")))
C28: =IF(A28="","",IF(COUNTIF(Companies[会社名],A28)>1,"要確認：会社名重複",IF(B28="","要確認：地区未登録","登録済")))
... C107: =IF(A107="","",IF(COUNTIF(Companies[会社名],A107)>1,"要確認：会社名重複",IF(B107="","要確認：地区未登録","登録済")))

Sheet 所定時間登録
A2: 所定時間登録
A3: 実績の基地発・基地着が残っていないときの見込みに使用。基地・バース・荷種・入出／転・作業内容の組合せごとに1行。3つの時間は、0時間も含めて全て数値で登録。
A7: 基地港 | B7: バース | C7: 荷種 | D7: 入出・転 | E7: 作業内容 | F7: 行きの移動h | G7: タグ作業h | H7: 帰りの移動h | I7: 所定合計h（自動） | J7: 確認元・設定根拠 | K7: 入力確認（自動） | L7: 照合項目（自動）
I8: =IF(A8="","",IF(AND(COUNT(F8:H8)=3,MIN(F8:H8)>=0),SUM(F8:H8),"未確認")) | K8: =IF(A8="","",IF(OR(B8="",C8="",D8="",E8=""),"要確認：照合項目不足",IF(COUNTIF(Standards[照合項目（自動）],L8)>1,"要確認：同じ組合せ重複",IF(NOT(ISNUMBER(I8)),"要確認：時間不足・負数",IF(J8="","要確認：設定根拠未記入","確認済"))))) | L8: =IF(A8="","",A8&"｜"&B8&"｜"&C8&"｜"&D8&"｜"&E8)
I9: =IF(A9="","",IF(AND(COUNT(F9:H9)=3,MIN(F9:H9)>=0),SUM(F9:H9),"未確認")) | K9: =IF(A9="","",IF(OR(B9="",C9="",D9="",E9=""),"要確認：照合項目不足",IF(COUNTIF(Standards[照合項目（自動）],L9)>1,"要確認：同じ組合せ重複",IF(NOT(ISNUMBER(I9)),"要確認：時間不足・負数",IF(J9="","要確認：設定根拠未記入","確認済"))))) | L9: =IF(A9="","",A9&"｜"&B9&"｜"&C9&"｜"&D9&"｜"&E9)
I10: =IF(A10="","",IF(AND(COUNT(F10:H10)=3,MIN(F10:H10)>=0),SUM(F10:H10),"未確認")) | K10: =IF(A10="","",IF(OR(B10="",C10="",D10="",E10=""),"要確認：照合項目不足",IF(COUNTIF(Standards[照合項目（自動）],L10)>1,"要確認：同じ組合せ重複",IF(NOT(ISNUMBER(I10)),"要確認：時間不足・負数",IF(J10="","要確認：設定根拠未記入","確認済"))))) | L10: =IF(A10="","",A10&"｜"&B10&"｜"&C10&"｜"&D10&"｜"&E10)
I11: =IF(A11="","",IF(AND(COUNT(F11:H11)=3,MIN(F11:H11)>=0),SUM(F11:H11),"未確認")) | K11: =IF(A11="","",IF(OR(B11="",C11="",D11="",E11=""),"要確認：照合項目不足",IF(COUNTIF(Standards[照合項目（自動）],L11)>1,"要確認：同じ組合せ重複",IF(NOT(ISNUMBER(I11)),"要確認：時間不足・負数",IF(J11="","要確認：設定根拠未記入","確認済"))))) | L11: =IF(A11="","",A11&"｜"&B11&"｜"&C11&"｜"&D11&"｜"&E11)
I12: =IF(A12="","",IF(AND(COUNT(F12:H12)=3,MIN(F12:H12)>=0),SUM(F12:H12),"未確認")) | K12: =IF(A12="","",IF(OR(B12="",C12="",D12="",E12=""),"要確認：照合項目不足",IF(COUNTIF(Standards[照合項目（自動）],L12)>1,"要確認：同じ組合せ重複",IF(NOT(ISNUMBER(I12)),"要確認：時間不足・負数",IF(J12="","要確認：設定根拠未記入","確認済"))))) | L12: =IF(A12="","",A12&"｜"&B12&"｜"&C12&"｜"&D12&"｜"&E12)
I13: =IF(A13="","",IF(AND(COUNT(F13:H13)=3,MIN(F13:H13)>=0),SUM(F13:H13),"未確認")) | K13: =IF(A13="","",IF(OR(B13="",C13="",D13="",E13=""),"要確認：照合項目不足",IF(COUNTIF(Standards[照合項目（自動）],L13)>1,"要確認：同じ組合せ重複",IF(NOT(ISNUMBER(I13)),"要確認：時間不足・負数",IF(J13="","要確認：設定根拠未記入","確認済"))))) | L13: =IF(A13="","",A13&"｜"&B13&"｜"&C13&"｜"&D13&"｜"&E13)
I14: =IF(A14="","",IF(AND(COUNT(F14:H14)=3,MIN(F14:H14)>=0),SUM(F14:H14),"未確認")) | K14: =IF(A14="","",IF(OR(B14="",C14="",D14="",E14=""),"要確認：照合項目不足",IF(COUNTIF(Standards[照合項目（自動）],L14)>1,"要確認：同じ組合せ重複",IF(NOT(ISNUMBER(I14)),"要確認：時間不足・負数",IF(J14="","要確認：設定根拠未記入","確認済"))))) | L14: =IF(A14="","",A14&"｜"&B14&"｜"&C14&"｜"&D14&"｜"&E14)
I15: =IF(A15="","",IF(AND(COUNT(F15:H15)=3,MIN(F15:H15)>=0),SUM(F15:H15),"未確認")) | K15: =IF(A15="","",IF(OR(B15="",C15="",D15="",E15=""),"要確認：照合項目不足",IF(COUNTIF(Standards[照合項目（自動）],L15)>1,"要確認：同じ組合せ重複",IF(NOT(ISNUMBER(I15)),"要確認：時間不足・負数",IF(J15="","要確認：設定根拠未記入","確認済"))))) | L15: =IF(A15="","",A15&"｜"&B15&"｜"&C15&"｜"&D15&"｜"&E15)
I16: =IF(A16="","",IF(AND(COUNT(F16:H16)=3,MIN(F16:H16)>=0),SUM(F16:H16),"未確認")) | K16: =IF(A16="","",IF(OR(B16="",C16="",D16="",E16=""),"要確認：照合項目不足",IF(COUNTIF(Standards[照合項目（自動）],L16)>1,"要確認：同じ組合せ重複",IF(NOT(ISNUMBER(I16)),"要確認：時間不足・負数",IF(J16="","要確認：設定根拠未記入","確認済"))))) | L16: =IF(A16="","",A16&"｜"&B16&"｜"&C16&"｜"&D16&"｜"&E16)
I17: =IF(A17="","",IF(AND(COUNT(F17:H17)=3,MIN(F17:H17)>=0),SUM(F17:H17),"未確認")) | K17: =IF(A17="","",IF(OR(B17="",C17="",D17="",E17=""),"要確認：照合項目不足",IF(COUNTIF(Standards[照合項目（自動）],L17)>1,"要確認：同じ組合せ重複",IF(NOT(ISNUMBER(I17)),"要確認：時間不足・負数",IF(J17="","要確認：設定根拠未記入","確認済"))))) | L17: =IF(A17="","",A17&"｜"&B17&"｜"&C17&"｜"&D17&"｜"&E17)
I18: =IF(A18="","",IF(AND(COUNT(F18:H18)=3,MIN(F18:H18)>=0),SUM(F18:H18),"未確認")) | K18: =IF(A18="","",IF(OR(B18="",C18="",D18="",E18=""),"要確認：照合項目不足",IF(COUNTIF(Standards[照合項目（自動）],L18)>1,"要確認：同じ組合せ重複",IF(NOT(ISNUMBER(I18)),"要確認：時間不足・負数",IF(J18="","要確認：設定根拠未記入","確認済"))))) | L18: =IF(A18="","",A18&"｜"&B18&"｜"&C18&"｜"&D18&"｜"&E18)
I19: =IF(A19="","",IF(AND(COUNT(F19:H19)=3,MIN(F19:H19)>=0),SUM(F19:H19),"未確認")) | K19: =IF(A19="","",IF(OR(B19="",C19="",D19="",E19=""),"要確認：照合項目不足",IF(COUNTIF(Standards[照合項目（自動）],L19)>1,"要確認：同じ組合せ重複",IF(NOT(ISNUMBER(I19)),"要確認：時間不足・負数",IF(J19="","要確認：設定根拠未記入","確認済"))))) | L19: =IF(A19="","",A19&"｜"&B19&"｜"&C19&"｜"&D19&"｜"&E19)
... I407: =IF(A407="","",IF(AND(COUNT(F407:H407)=3,MIN(F407:H407)>=0),SUM(F407:H407),"未確認")) | K407: =IF(A407="","",IF(OR(B407="",C407="",D407="",E407=""),"要確認：照合項目不足",IF(COUNTIF(Standards[照合項目（自動）],L407)>1,"要確認：同じ組合せ重複",IF(NOT(ISNUMBER(I407)),"要確認：時間不足・負数",IF(J407="","要確認：設定根拠未記入","確認済"))))) | L407: =IF(A407="","",A407&"｜"&B407&"｜"&C407&"｜"&D407&"｜"&E407)

Sheet 予定・実績
A2: 予定・実績
A3: 曳船1隻・1作業につき1行。前日予定は消さず、変更・取消と当日使用を記録します。「安瀬の作業」は分担の内容、「応援の有無」は通常分担外の応援かを別々に選びます。
A6: 前日予定・曳船の割当 | J6: 当日の変更・使用・拘束・待機 | V6: 根拠と補足 | W6: 確認元・記録区分・補足 | Y6: 登録表との照合・集計用（自動） | Z6: 灰色：自動表示・計算
A7: 予定表の作業日 | B7: 前日版の予定時刻 | C7: 船名 | D7: 荷種 | E7: バース | F7: 入出・転 | G7: 曳船名 | H7: 前日割当 | I7: 当日使用 | J7: 本船作業の最終結果 | K7: 最終作業日時 | L7: 変更・取消理由 | M7: 関連する前船・後船 | N7: 安瀬の作業 | O7: 応援の有無 | P7: 作業内容 | Q7: 出動基地港（変更時） | R7: 基地発（実績） | S7: 基地着（実績） | T7: 拘束h（記録の時間） | U7: 出勤・待機 | V7: 待機h | W7: 確認元 | X7: 記録区分 | Y7: 補足 | Z7: 会社（自動） | AA7: 地区（自動） | AB7: 出動基地港（自動） | AC7: 所定合計h（自動） | AD7: 拘束h（自動） | AE7: 時間根拠（自動） | AF7: 前日割当隻数（自動） | AG7: 当日使用隻数（自動） | AH7: 前日予定本船件数（自動） | AI7: 実施本船件数（自動） | AJ7: 予定年度（自動） | AK7: 実施年度（自動） | AL7: 入力確認（自動）
Z8: =IF(G8="","",IF(COUNTIF(Tugs[曳船名],G8)<>1,"未登録・重複",IF(INDEX(Tugs[会社名],MATCH(G8,Tugs[曳船名],0))="","未確認",INDEX(Tugs[会社名],MATCH(G8,Tugs[曳船名],0))))) | AA8: =IF(G8="","",IF(COUNTIF(Companies[会社名],Z8)<>1,"未登録・重複",IF(INDEX(Companies[地区],MATCH(Z8,Companies[会社名],0))="","未確認",INDEX(Companies[地区],MATCH(Z8,Companies[会社名],0))))) | AB8: =IF(G8="","",IF(Q8<>"",Q8,IF(COUNTIF(Tugs[曳船名],G8)<>1,"未登録・重複",IF(INDEX(Tugs[基地港],MATCH(G8,Tugs[曳船名],0))="","未確認",INDEX(Tugs[基地港],MATCH(G8,Tugs[曳船名],0)))))) | AC8: =IF(C8="","",IF(AND(COUNTIF(Standards[照合項目（自動）],AB8&"｜"&E8&"｜"&D8&"｜"&F8&"｜"&P8)=1,COUNTIFS(Standards[照合項目（自動）],AB8&"｜"&E8&"｜"&D8&"｜"&F8&"｜"&P8,Standards[入力確認（自動）],"確認済")=1),SUMIF(Standards[照合項目（自動）],AB8&"｜"&E8&"｜"&D8&"｜"&F8&"｜"&P8,Standards[所定合計h（自動）]),"未確認")) | AD8: =IF(C8="","",IF(AND(ISNUMBER(R8),ISNUMBER(S8),S8>=R8),ROUND((S8-R8)*24,4),IF(OR(R8<>"",S8<>""),"",IF(AND(ISNUMBER(T8),T8>=0),T8,IF(AND(I8="あり",J8="実施",ISNUMBER(AC8)),AC8,""))))) | AE8: =IF(C8="","",IF(AND(ISNUMBER(R8),ISNUMBER(S8),S8>=R8),IF(X8="記録","実績：基地発～基地着",IF(X8="記憶","記憶：基地発～基地着","未確認：基地発～基地着")),IF(OR(R8<>"",S8<>""),"要確認：時刻不足・逆転",IF(AND(ISNUMBER(T8),T8>=0),IF(X8="記録","実績：記録の時間",IF(X8="記憶","記憶：申告の時間","未確認：申告の時間")),IF(AND(I8="あり",J8="実施",ISNUMBER(AC8)),"所定時間による見込み",IF(I8="なし","使用なし","未確認")))))) | AF8: =IF(C8="","",IF(H8="あり",1,0)) | AG8: =IF(C8="","",IF(AND(I8="あり",J8="実施"),1,0)) | AH8: =IF(C8="","",IF(AND(H8="あり",X8="記録"),IF(COUNTIFS($A$8:A8,A8,$B$8:B8,B8,$C$8:C8,C8,$E$8:E8,E8,$F$8:F8,F8,$H$8:H8,"あり",$X$8:X8,"記録")=1,1,0),0)) | AI8: =IF(C8="","",IF(AND(I8="あり",J8="実施",X8="記録",ISNUMBER(K8)),IF(COUNTIFS($K$8:K8,K8,$C$8:C8,C8,$E$8:E8,E8,$F$8:F8,F8,$I$8:I8,"あり",$J$8:J8,"実施",$X$8:X8,"記録")=1,1,0),0)) | AJ8: =IF(C8="","",IF(ISNUMBER(A8),YEAR(A8)-IF(MONTH(A8)<4,1,0),"")) | AK8: =IF(C8="","",IF(J8="実施",IF(ISNUMBER(K8),YEAR(K8)-IF(MONTH(K8)<4,1,0),""),"")) | AL8: =IF(C8="",IF(OR(A8<>"",G8<>""),"要確認：船名未記入",""),IF(OR(NOT(ISNUMBER(A8)),G8="",H8="",I8="",J8="",N8="",O8="",P8="",W8="",X8=""),"要確認：基本項目不足",IF(OR(Z8="未登録・重複",AA8="未登録・重複",AB8="未確認"),"要確認：登録表を確認",IF(AND(H8="あり",NOT(ISNUMBER(B8))),"要確認：前日の予定時刻不足",IF(AND(J8="実施",I8="あり",NOT(ISNUMBER(K8))),"要確認：最終日時不足",IF(AND(J8="取消",I8="あり"),"要確認：取消と使用ありが矛盾",IF(OR(AND(ISNUMBER(T8),T8<0),AND(ISNUMBER(V8),V8<0),AE8="要確認：時刻不足・逆転"),"要確認：時間を確認",IF(COUNTIFS(Work[予定表の作業日],A8,Work[前日版の予定時刻],B8,Work[船名],C8,Work[バース],E8,Work[入出・転],F8,Work[曳船名],G8)>1,"要確認：同じ作業・曳船が重複",IF(AND(I8="あり",J8="実施",NOT(ISNUMBER(AD8))),"要確認：拘束時間未確認",IF(OR(H8="未確認",I8="未確認",J8="未確認",X8="未確認",N8="未確認",O8="未確認"),"要確認：未確認を含む","確認済"))))))))))
Z9: =IF(G9="","",IF(COUNTIF(Tugs[曳船名],G9)<>1,"未登録・重複",IF(INDEX(Tugs[会社名],MATCH(G9,Tugs[曳船名],0))="","未確認",INDEX(Tugs[会社名],MATCH(G9,Tugs[曳船名],0))))) | AA9: =IF(G9="","",IF(COUNTIF(Companies[会社名],Z9)<>1,"未登録・重複",IF(INDEX(Companies[地区],MATCH(Z9,Companies[会社名],0))="","未確認",INDEX(Companies[地区],MATCH(Z9,Companies[会社名],0))))) | AB9: =IF(G9="","",IF(Q9<>"",Q9,IF(COUNTIF(Tugs[曳船名],G9)<>1,"未登録・重複",IF(INDEX(Tugs[基地港],MATCH(G9,Tugs[曳船名],0))="","未確認",INDEX(Tugs[基地港],MATCH(G9,Tugs[曳船名],0)))))) | AC9: =IF(C9="","",IF(AND(COUNTIF(Standards[照合項目（自動）],AB9&"｜"&E9&"｜"&D9&"｜"&F9&"｜"&P9)=1,COUNTIFS(Standards[照合項目（自動）],AB9&"｜"&E9&"｜"&D9&"｜"&F9&"｜"&P9,Standards[入力確認（自動）],"確認済")=1),SUMIF(Standards[照合項目（自動）],AB9&"｜"&E9&"｜"&D9&"｜"&F9&"｜"&P9,Standards[所定合計h（自動）]),"未確認")) | AD9: =IF(C9="","",IF(AND(ISNUMBER(R9),ISNUMBER(S9),S9>=R9),ROUND((S9-R9)*24,4),IF(OR(R9<>"",S9<>""),"",IF(AND(ISNUMBER(T9),T9>=0),T9,IF(AND(I9="あり",J9="実施",ISNUMBER(AC9)),AC9,""))))) | AE9: =IF(C9="","",IF(AND(ISNUMBER(R9),ISNUMBER(S9),S9>=R9),IF(X9="記録","実績：基地発～基地着",IF(X9="記憶","記憶：基地発～基地着","未確認：基地発～基地着")),IF(OR(R9<>"",S9<>""),"要確認：時刻不足・逆転",IF(AND(ISNUMBER(T9),T9>=0),IF(X9="記録","実績：記録の時間",IF(X9="記憶","記憶：申告の時間","未確認：申告の時間")),IF(AND(I9="あり",J9="実施",ISNUMBER(AC9)),"所定時間による見込み",IF(I9="なし","使用なし","未確認")))))) | AF9: =IF(C9="","",IF(H9="あり",1,0)) | AG9: =IF(C9="","",IF(AND(I9="あり",J9="実施"),1,0)) | AH9: =IF(C9="","",IF(AND(H9="あり",X9="記録"),IF(COUNTIFS($A$8:A9,A9,$B$8:B9,B9,$C$8:C9,C9,$E$8:E9,E9,$F$8:F9,F9,$H$8:H9,"あり",$X$8:X9,"記録")=1,1,0),0)) | AI9: =IF(C9="","",IF(AND(I9="あり",J9="実施",X9="記録",ISNUMBER(K9)),IF(COUNTIFS($K$8:K9,K9,$C$8:C9,C9,$E$8:E9,E9,$F$8:F9,F9,$I$8:I9,"あり",$J$8:J9,"実施",$X$8:X9,"記録")=1,1,0),0)) | AJ9: =IF(C9="","",IF(ISNUMBER(A9),YEAR(A9)-IF(MONTH(A9)<4,1,0),"")) | AK9: =IF(C9="","",IF(J9="実施",IF(ISNUMBER(K9),YEAR(K9)-IF(MONTH(K9)<4,1,0),""),"")) | AL9: =IF(C9="",IF(OR(A9<>"",G9<>""),"要確認：船名未記入",""),IF(OR(NOT(ISNUMBER(A9)),G9="",H9="",I9="",J9="",N9="",O9="",P9="",W9="",X9=""),"要確認：基本項目不足",IF(OR(Z9="未登録・重複",AA9="未登録・重複",AB9="未確認"),"要確認：登録表を確認",IF(AND(H9="あり",NOT(ISNUMBER(B9))),"要確認：前日の予定時刻不足",IF(AND(J9="実施",I9="あり",NOT(ISNUMBER(K9))),"要確認：最終日時不足",IF(AND(J9="取消",I9="あり"),"要確認：取消と使用ありが矛盾",IF(OR(AND(ISNUMBER(T9),T9<0),AND(ISNUMBER(V9),V9<0),AE9="要確認：時刻不足・逆転"),"要確認：時間を確認",IF(COUNTIFS(Work[予定表の作業日],A9,Work[前日版の予定時刻],B9,Work[船名],C9,Work[バース],E9,Work[入出・転],F9,Work[曳船名],G9)>1,"要確認：同じ作業・曳船が重複",IF(AND(I9="あり",J9="実施",NOT(ISNUMBER(AD9))),"要確認：拘束時間未確認",IF(OR(H9="未確認",I9="未確認",J9="未確認",X9="未確認",N9="未確認",O9="未確認"),"要確認：未確認を含む","確認済"))))))))))
Z10: =IF(G10="","",IF(COUNTIF(Tugs[曳船名],G10)<>1,"未登録・重複",IF(INDEX(Tugs[会社名],MATCH(G10,Tugs[曳船名],0))="","未確認",INDEX(Tugs[会社名],MATCH(G10,Tugs[曳船名],0))))) | AA10: =IF(G10="","",IF(COUNTIF(Companies[会社名],Z10)<>1,"未登録・重複",IF(INDEX(Companies[地区],MATCH(Z10,Companies[会社名],0))="","未確認",INDEX(Companies[地区],MATCH(Z10,Companies[会社名],0))))) | AB10: =IF(G10="","",IF(Q10<>"",Q10,IF(COUNTIF(Tugs[曳船名],G10)<>1,"未登録・重複",IF(INDEX(Tugs[基地港],MATCH(G10,Tugs[曳船名],0))="","未確認",INDEX(Tugs[基地港],MATCH(G10,Tugs[曳船名],0)))))) | AC10: =IF(C10="","",IF(AND(COUNTIF(Standards[照合項目（自動）],AB10&"｜"&E10&"｜"&D10&"｜"&F10&"｜"&P10)=1,COUNTIFS(Standards[照合項目（自動）],AB10&"｜"&E10&"｜"&D10&"｜"&F10&"｜"&P10,Standards[入力確認（自動）],"確認済")=1),SUMIF(Standards[照合項目（自動）],AB10&"｜"&E10&"｜"&D10&"｜"&F10&"｜"&P10,Standards[所定合計h（自動）]),"未確認")) | AD10: =IF(C10="","",IF(AND(ISNUMBER(R10),ISNUMBER(S10),S10>=R10),ROUND((S10-R10)*24,4),IF(OR(R10<>"",S10<>""),"",IF(AND(ISNUMBER(T10),T10>=0),T10,IF(AND(I10="あり",J10="実施",ISNUMBER(AC10)),AC10,""))))) | AE10: =IF(C10="","",IF(AND(ISNUMBER(R10),ISNUMBER(S10),S10>=R10),IF(X10="記録","実績：基地発～基地着",IF(X10="記憶","記憶：基地発～基地着","未確認：基地発～基地着")),IF(OR(R10<>"",S10<>""),"要確認：時刻不足・逆転",IF(AND(ISNUMBER(T10),T10>=0),IF(X10="記録","実績：記録の時間",IF(X10="記憶","記憶：申告の時間","未確認：申告の時間")),IF(AND(I10="あり",J10="実施",ISNUMBER(AC10)),"所定時間による見込み",IF(I10="なし","使用なし","未確認")))))) | AF10: =IF(C10="","",IF(H10="あり",1,0)) | AG10: =IF(C10="","",IF(AND(I10="あり",J10="実施"),1,0)) | AH10: =IF(C10="","",IF(AND(H10="あり",X10="記録"),IF(COUNTIFS($A$8:A10,A10,$B$8:B10,B10,$C$8:C10,C10,$E$8:E10,E10,$F$8:F10,F10,$H$8:H10,"あり",$X$8:X10,"記録")=1,1,0),0)) | AI10: =IF(C10="","",IF(AND(I10="あり",J10="実施",X10="記録",ISNUMBER(K10)),IF(COUNTIFS($K$8:K10,K10,$C$8:C10,C10,$E$8:E10,E10,$F$8:F10,F10,$I$8:I10,"あり",$J$8:J10,"実施",$X$8:X10,"記録")=1,1,0),0)) | AJ10: =IF(C10="","",IF(ISNUMBER(A10),YEAR(A10)-IF(MONTH(A10)<4,1,0),"")) | AK10: =IF(C10="","",IF(J10="実施",IF(ISNUMBER(K10),YEAR(K10)-IF(MONTH(K10)<4,1,0),""),"")) | AL10: =IF(C10="",IF(OR(A10<>"",G10<>""),"要確認：船名未記入",""),IF(OR(NOT(ISNUMBER(A10)),G10="",H10="",I10="",J10="",N10="",O10="",P10="",W10="",X10=""),"要確認：基本項目不足",IF(OR(Z10="未登録・重複",AA10="未登録・重複",AB10="未確認"),"要確認：登録表を確認",IF(AND(H10="あり",NOT(ISNUMBER(B10))),"要確認：前日の予定時刻不足",IF(AND(J10="実施",I10="あり",NOT(ISNUMBER(K10))),"要確認：最終日時不足",IF(AND(J10="取消",I10="あり"),"要確認：取消と使用ありが矛盾",IF(OR(AND(ISNUMBER(T10),T10<0),AND(ISNUMBER(V10),V10<0),AE10="要確認：時刻不足・逆転"),"要確認：時間を確認",IF(COUNTIFS(Work[予定表の作業日],A10,Work[前日版の予定時刻],B10,Work[船名],C10,Work[バース],E10,Work[入出・転],F10,Work[曳船名],G10)>1,"要確認：同じ作業・曳船が重複",IF(AND(I10="あり",J10="実施",NOT(ISNUMBER(AD10))),"要確認：拘束時間未確認",IF(OR(H10="未確認",I10="未確認",J10="未確認",X10="未確認",N10="未確認",O10="未確認"),"要確認：未確認を含む","確認済"))))))))))
Z11: =IF(G11="","",IF(COUNTIF(Tugs[曳船名],G11)<>1,"未登録・重複",IF(INDEX(Tugs[会社名],MATCH(G11,Tugs[曳船名],0))="","未確認",INDEX(Tugs[会社名],MATCH(G11,Tugs[曳船名],0))))) | AA11: =IF(G11="","",IF(COUNTIF(Companies[会社名],Z11)<>1,"未登録・重複",IF(INDEX(Companies[地区],MATCH(Z11,Companies[会社名],0))="","未確認",INDEX(Companies[地区],MATCH(Z11,Companies[会社名],0))))) | AB11: =IF(G11="","",IF(Q11<>"",Q11,IF(COUNTIF(Tugs[曳船名],G11)<>1,"未登録・重複",IF(INDEX(Tugs[基地港],MATCH(G11,Tugs[曳船名],0))="","未確認",INDEX(Tugs[基地港],MATCH(G11,Tugs[曳船名],0)))))) | AC11: =IF(C11="","",IF(AND(COUNTIF(Standards[照合項目（自動）],AB11&"｜"&E11&"｜"&D11&"｜"&F11&"｜"&P11)=1,COUNTIFS(Standards[照合項目（自動）],AB11&"｜"&E11&"｜"&D11&"｜"&F11&"｜"&P11,Standards[入力確認（自動）],"確認済")=1),SUMIF(Standards[照合項目（自動）],AB11&"｜"&E11&"｜"&D11&"｜"&F11&"｜"&P11,Standards[所定合計h（自動）]),"未確認")) | AD11: =IF(C11="","",IF(AND(ISNUMBER(R11),ISNUMBER(S11),S11>=R11),ROUND((S11-R11)*24,4),IF(OR(R11<>"",S11<>""),"",IF(AND(ISNUMBER(T11),T11>=0),T11,IF(AND(I11="あり",J11="実施",ISNUMBER(AC11)),AC11,""))))) | AE11: =IF(C11="","",IF(AND(ISNUMBER(R11),ISNUMBER(S11),S11>=R11),IF(X11="記録","実績：基地発～基地着",IF(X11="記憶","記憶：基地発～基地着","未確認：基地発～基地着")),IF(OR(R11<>"",S11<>""),"要確認：時刻不足・逆転",IF(AND(ISNUMBER(T11),T11>=0),IF(X11="記録","実績：記録の時間",IF(X11="記憶","記憶：申告の時間","未確認：申告の時間")),IF(AND(I11="あり",J11="実施",ISNUMBER(AC11)),"所定時間による見込み",IF(I11="なし","使用なし","未確認")))))) | AF11: =IF(C11="","",IF(H11="あり",1,0)) | AG11: =IF(C11="","",IF(AND(I11="あり",J11="実施"),1,0)) | AH11: =IF(C11="","",IF(AND(H11="あり",X11="記録"),IF(COUNTIFS($A$8:A11,A11,$B$8:B11,B11,$C$8:C11,C11,$E$8:E11,E11,$F$8:F11,F11,$H$8:H11,"あり",$X$8:X11,"記録")=1,1,0),0)) | AI11: =IF(C11="","",IF(AND(I11="あり",J11="実施",X11="記録",ISNUMBER(K11)),IF(COUNTIFS($K$8:K11,K11,$C$8:C11,C11,$E$8:E11,E11,$F$8:F11,F11,$I$8:I11,"あり",$J$8:J11,"実施",$X$8:X11,"記録")=1,1,0),0)) | AJ11: =IF(C11="","",IF(ISNUMBER(A11),YEAR(A11)-IF(MONTH(A11)<4,1,0),"")) | AK11: =IF(C11="","",IF(J11="実施",IF(ISNUMBER(K11),YEAR(K11)-IF(MONTH(K11)<4,1,0),""),"")) | AL11: =IF(C11="",IF(OR(A11<>"",G11<>""),"要確認：船名未記入",""),IF(OR(NOT(ISNUMBER(A11)),G11="",H11="",I11="",J11="",N11="",O11="",P11="",W11="",X11=""),"要確認：基本項目不足",IF(OR(Z11="未登録・重複",AA11="未登録・重複",AB11="未確認"),"要確認：登録表を確認",IF(AND(H11="あり",NOT(ISNUMBER(B11))),"要確認：前日の予定時刻不足",IF(AND(J11="実施",I11="あり",NOT(ISNUMBER(K11))),"要確認：最終日時不足",IF(AND(J11="取消",I11="あり"),"要確認：取消と使用ありが矛盾",IF(OR(AND(ISNUMBER(T11),T11<0),AND(ISNUMBER(V11),V11<0),AE11="要確認：時刻不足・逆転"),"要確認：時間を確認",IF(COUNTIFS(Work[予定表の作業日],A11,Work[前日版の予定時刻],B11,Work[船名],C11,Work[バース],E11,Work[入出・転],F11,Work[曳船名],G11)>1,"要確認：同じ作業・曳船が重複",IF(AND(I11="あり",J11="実施",NOT(ISNUMBER(AD11))),"要確認：拘束時間未確認",IF(OR(H11="未確認",I11="未確認",J11="未確認",X11="未確認",N11="未確認",O11="未確認"),"要確認：未確認を含む","確認済"))))))))))
Z12: =IF(G12="","",IF(COUNTIF(Tugs[曳船名],G12)<>1,"未登録・重複",IF(INDEX(Tugs[会社名],MATCH(G12,Tugs[曳船名],0))="","未確認",INDEX(Tugs[会社名],MATCH(G12,Tugs[曳船名],0))))) | AA12: =IF(G12="","",IF(COUNTIF(Companies[会社名],Z12)<>1,"未登録・重複",IF(INDEX(Companies[地区],MATCH(Z12,Companies[会社名],0))="","未確認",INDEX(Companies[地区],MATCH(Z12,Companies[会社名],0))))) | AB12: =IF(G12="","",IF(Q12<>"",Q12,IF(COUNTIF(Tugs[曳船名],G12)<>1,"未登録・重複",IF(INDEX(Tugs[基地港],MATCH(G12,Tugs[曳船名],0))="","未確認",INDEX(Tugs[基地港],MATCH(G12,Tugs[曳船名],0)))))) | AC12: =IF(C12="","",IF(AND(COUNTIF(Standards[照合項目（自動）],AB12&"｜"&E12&"｜"&D12&"｜"&F12&"｜"&P12)=1,COUNTIFS(Standards[照合項目（自動）],AB12&"｜"&E12&"｜"&D12&"｜"&F12&"｜"&P12,Standards[入力確認（自動）],"確認済")=1),SUMIF(Standards[照合項目（自動）],AB12&"｜"&E12&"｜"&D12&"｜"&F12&"｜"&P12,Standards[所定合計h（自動）]),"未確認")) | AD12: =IF(C12="","",IF(AND(ISNUMBER(R12),ISNUMBER(S12),S12>=R12),ROUND((S12-R12)*24,4),IF(OR(R12<>"",S12<>""),"",IF(AND(ISNUMBER(T12),T12>=0),T12,IF(AND(I12="あり",J12="実施",ISNUMBER(AC12)),AC12,""))))) | AE12: =IF(C12="","",IF(AND(ISNUMBER(R12),ISNUMBER(S12),S12>=R12),IF(X12="記録","実績：基地発～基地着",IF(X12="記憶","記憶：基地発～基地着","未確認：基地発～基地着")),IF(OR(R12<>"",S12<>""),"要確認：時刻不足・逆転",IF(AND(ISNUMBER(T12),T12>=0),IF(X12="記録","実績：記録の時間",IF(X12="記憶","記憶：申告の時間","未確認：申告の時間")),IF(AND(I12="あり",J12="実施",ISNUMBER(AC12)),"所定時間による見込み",IF(I12="なし","使用なし","未確認")))))) | AF12: =IF(C12="","",IF(H12="あり",1,0)) | AG12: =IF(C12="","",IF(AND(I12="あり",J12="実施"),1,0)) | AH12: =IF(C12="","",IF(AND(H12="あり",X12="記録"),IF(COUNTIFS($A$8:A12,A12,$B$8:B12,B12,$C$8:C12,C12,$E$8:E12,E12,$F$8:F12,F12,$H$8:H12,"あり",$X$8:X12,"記録")=1,1,0),0)) | AI12: =IF(C12="","",IF(AND(I12="あり",J12="実施",X12="記録",ISNUMBER(K12)),IF(COUNTIFS($K$8:K12,K12,$C$8:C12,C12,$E$8:E12,E12,$F$8:F12,F12,$I$8:I12,"あり",$J$8:J12,"実施",$X$8:X12,"記録")=1,1,0),0)) | AJ12: =IF(C12="","",IF(ISNUMBER(A12),YEAR(A12)-IF(MONTH(A12)<4,1,0),"")) | AK12: =IF(C12="","",IF(J12="実施",IF(ISNUMBER(K12),YEAR(K12)-IF(MONTH(K12)<4,1,0),""),"")) | AL12: =IF(C12="",IF(OR(A12<>"",G12<>""),"要確認：船名未記入",""),IF(OR(NOT(ISNUMBER(A12)),G12="",H12="",I12="",J12="",N12="",O12="",P12="",W12="",X12=""),"要確認：基本項目不足",IF(OR(Z12="未登録・重複",AA12="未登録・重複",AB12="未確認"),"要確認：登録表を確認",IF(AND(H12="あり",NOT(ISNUMBER(B12))),"要確認：前日の予定時刻不足",IF(AND(J12="実施",I12="あり",NOT(ISNUMBER(K12))),"要確認：最終日時不足",IF(AND(J12="取消",I12="あり"),"要確認：取消と使用ありが矛盾",IF(OR(AND(ISNUMBER(T12),T12<0),AND(ISNUMBER(V12),V12<0),AE12="要確認：時刻不足・逆転"),"要確認：時間を確認",IF(COUNTIFS(Work[予定表の作業日],A12,Work[前日版の予定時刻],B12,Work[船名],C12,Work[バース],E12,Work[入出・転],F12,Work[曳船名],G12)>1,"要確認：同じ作業・曳船が重複",IF(AND(I12="あり",J12="実施",NOT(ISNUMBER(AD12))),"要確認：拘束時間未確認",IF(OR(H12="未確認",I12="未確認",J12="未確認",X12="未確認",N12="未確認",O12="未確認"),"要確認：未確認を含む","確認済"))))))))))
Z13: =IF(G13="","",IF(COUNTIF(Tugs[曳船名],G13)<>1,"未登録・重複",IF(INDEX(Tugs[会社名],MATCH(G13,Tugs[曳船名],0))="","未確認",INDEX(Tugs[会社名],MATCH(G13,Tugs[曳船名],0))))) | AA13: =IF(G13="","",IF(COUNTIF(Companies[会社名],Z13)<>1,"未登録・重複",IF(INDEX(Companies[地区],MATCH(Z13,Companies[会社名],0))="","未確認",INDEX(Companies[地区],MATCH(Z13,Companies[会社名],0))))) | AB13: =IF(G13="","",IF(Q13<>"",Q13,IF(COUNTIF(Tugs[曳船名],G13)<>1,"未登録・重複",IF(INDEX(Tugs[基地港],MATCH(G13,Tugs[曳船名],0))="","未確認",INDEX(Tugs[基地港],MATCH(G13,Tugs[曳船名],0)))))) | AC13: =IF(C13="","",IF(AND(COUNTIF(Standards[照合項目（自動）],AB13&"｜"&E13&"｜"&D13&"｜"&F13&"｜"&P13)=1,COUNTIFS(Standards[照合項目（自動）],AB13&"｜"&E13&"｜"&D13&"｜"&F13&"｜"&P13,Standards[入力確認（自動）],"確認済")=1),SUMIF(Standards[照合項目（自動）],AB13&"｜"&E13&"｜"&D13&"｜"&F13&"｜"&P13,Standards[所定合計h（自動）]),"未確認")) | AD13: =IF(C13="","",IF(AND(ISNUMBER(R13),ISNUMBER(S13),S13>=R13),ROUND((S13-R13)*24,4),IF(OR(R13<>"",S13<>""),"",IF(AND(ISNUMBER(T13),T13>=0),T13,IF(AND(I13="あり",J13="実施",ISNUMBER(AC13)),AC13,""))))) | AE13: =IF(C13="","",IF(AND(ISNUMBER(R13),ISNUMBER(S13),S13>=R13),IF(X13="記録","実績：基地発～基地着",IF(X13="記憶","記憶：基地発～基地着","未確認：基地発～基地着")),IF(OR(R13<>"",S13<>""),"要確認：時刻不足・逆転",IF(AND(ISNUMBER(T13),T13>=0),IF(X13="記録","実績：記録の時間",IF(X13="記憶","記憶：申告の時間","未確認：申告の時間")),IF(AND(I13="あり",J13="実施",ISNUMBER(AC13)),"所定時間による見込み",IF(I13="なし","使用なし","未確認")))))) | AF13: =IF(C13="","",IF(H13="あり",1,0)) | AG13: =IF(C13="","",IF(AND(I13="あり",J13="実施"),1,0)) | AH13: =IF(C13="","",IF(AND(H13="あり",X13="記録"),IF(COUNTIFS($A$8:A13,A13,$B$8:B13,B13,$C$8:C13,C13,$E$8:E13,E13,$F$8:F13,F13,$H$8:H13,"あり",$X$8:X13,"記録")=1,1,0),0)) | AI13: =IF(C13="","",IF(AND(I13="あり",J13="実施",X13="記録",ISNUMBER(K13)),IF(COUNTIFS($K$8:K13,K13,$C$8:C13,C13,$E$8:E13,E13,$F$8:F13,F13,$I$8:I13,"あり",$J$8:J13,"実施",$X$8:X13,"記録")=1,1,0),0)) | AJ13: =IF(C13="","",IF(ISNUMBER(A13),YEAR(A13)-IF(MONTH(A13)<4,1,0),"")) | AK13: =IF(C13="","",IF(J13="実施",IF(ISNUMBER(K13),YEAR(K13)-IF(MONTH(K13)<4,1,0),""),"")) | AL13: =IF(C13="",IF(OR(A13<>"",G13<>""),"要確認：船名未記入",""),IF(OR(NOT(ISNUMBER(A13)),G13="",H13="",I13="",J13="",N13="",O13="",P13="",W13="",X13=""),"要確認：基本項目不足",IF(OR(Z13="未登録・重複",AA13="未登録・重複",AB13="未確認"),"要確認：登録表を確認",IF(AND(H13="あり",NOT(ISNUMBER(B13))),"要確認：前日の予定時刻不足",IF(AND(J13="実施",I13="あり",NOT(ISNUMBER(K13))),"要確認：最終日時不足",IF(AND(J13="取消",I13="あり"),"要確認：取消と使用ありが矛盾",IF(OR(AND(ISNUMBER(T13),T13<0),AND(ISNUMBER(V13),V13<0),AE13="要確認：時刻不足・逆転"),"要確認：時間を確認",IF(COUNTIFS(Work[予定表の作業日],A13,Work[前日版の予定時刻],B13,Work[船名],C13,Work[バース],E13,Work[入出・転],F13,Work[曳船名],G13)>1,"要確認：同じ作業・曳船が重複",IF(AND(I13="あり",J13="実施",NOT(ISNUMBER(AD13))),"要確認：拘束時間未確認",IF(OR(H13="未確認",I13="未確認",J13="未確認",X13="未確認",N13="未確認",O13="未確認"),"要確認：未確認を含む","確認済"))))))))))
Z14: =IF(G14="","",IF(COUNTIF(Tugs[曳船名],G14)<>1,"未登録・重複",IF(INDEX(Tugs[会社名],MATCH(G14,Tugs[曳船名],0))="","未確認",INDEX(Tugs[会社名],MATCH(G14,Tugs[曳船名],0))))) | AA14: =IF(G14="","",IF(COUNTIF(Companies[会社名],Z14)<>1,"未登録・重複",IF(INDEX(Companies[地区],MATCH(Z14,Companies[会社名],0))="","未確認",INDEX(Companies[地区],MATCH(Z14,Companies[会社名],0))))) | AB14: =IF(G14="","",IF(Q14<>"",Q14,IF(COUNTIF(Tugs[曳船名],G14)<>1,"未登録・重複",IF(INDEX(Tugs[基地港],MATCH(G14,Tugs[曳船名],0))="","未確認",INDEX(Tugs[基地港],MATCH(G14,Tugs[曳船名],0)))))) | AC14: =IF(C14="","",IF(AND(COUNTIF(Standards[照合項目（自動）],AB14&"｜"&E14&"｜"&D14&"｜"&F14&"｜"&P14)=1,COUNTIFS(Standards[照合項目（自動）],AB14&"｜"&E14&"｜"&D14&"｜"&F14&"｜"&P14,Standards[入力確認（自動）],"確認済")=1),SUMIF(Standards[照合項目（自動）],AB14&"｜"&E14&"｜"&D14&"｜"&F14&"｜"&P14,Standards[所定合計h（自動）]),"未確認")) | AD14: =IF(C14="","",IF(AND(ISNUMBER(R14),ISNUMBER(S14),S14>=R14),ROUND((S14-R14)*24,4),IF(OR(R14<>"",S14<>""),"",IF(AND(ISNUMBER(T14),T14>=0),T14,IF(AND(I14="あり",J14="実施",ISNUMBER(AC14)),AC14,""))))) | AE14: =IF(C14="","",IF(AND(ISNUMBER(R14),ISNUMBER(S14),S14>=R14),IF(X14="記録","実績：基地発～基地着",IF(X14="記憶","記憶：基地発～基地着","未確認：基地発～基地着")),IF(OR(R14<>"",S14<>""),"要確認：時刻不足・逆転",IF(AND(ISNUMBER(T14),T14>=0),IF(X14="記録","実績：記録の時間",IF(X14="記憶","記憶：申告の時間","未確認：申告の時間")),IF(AND(I14="あり",J14="実施",ISNUMBER(AC14)),"所定時間による見込み",IF(I14="なし","使用なし","未確認")))))) | AF14: =IF(C14="","",IF(H14="あり",1,0)) | AG14: =IF(C14="","",IF(AND(I14="あり",J14="実施"),1,0)) | AH14: =IF(C14="","",IF(AND(H14="あり",X14="記録"),IF(COUNTIFS($A$8:A14,A14,$B$8:B14,B14,$C$8:C14,C14,$E$8:E14,E14,$F$8:F14,F14,$H$8:H14,"あり",$X$8:X14,"記録")=1,1,0),0)) | AI14: =IF(C14="","",IF(AND(I14="あり",J14="実施",X14="記録",ISNUMBER(K14)),IF(COUNTIFS($K$8:K14,K14,$C$8:C14,C14,$E$8:E14,E14,$F$8:F14,F14,$I$8:I14,"あり",$J$8:J14,"実施",$X$8:X14,"記録")=1,1,0),0)) | AJ14: =IF(C14="","",IF(ISNUMBER(A14),YEAR(A14)-IF(MONTH(A14)<4,1,0),"")) | AK14: =IF(C14="","",IF(J14="実施",IF(ISNUMBER(K14),YEAR(K14)-IF(MONTH(K14)<4,1,0),""),"")) | AL14: =IF(C14="",IF(OR(A14<>"",G14<>""),"要確認：船名未記入",""),IF(OR(NOT(ISNUMBER(A14)),G14="",H14="",I14="",J14="",N14="",O14="",P14="",W14="",X14=""),"要確認：基本項目不足",IF(OR(Z14="未登録・重複",AA14="未登録・重複",AB14="未確認"),"要確認：登録表を確認",IF(AND(H14="あり",NOT(ISNUMBER(B14))),"要確認：前日の予定時刻不足",IF(AND(J14="実施",I14="あり",NOT(ISNUMBER(K14))),"要確認：最終日時不足",IF(AND(J14="取消",I14="あり"),"要確認：取消と使用ありが矛盾",IF(OR(AND(ISNUMBER(T14),T14<0),AND(ISNUMBER(V14),V14<0),AE14="要確認：時刻不足・逆転"),"要確認：時間を確認",IF(COUNTIFS(Work[予定表の作業日],A14,Work[前日版の予定時刻],B14,Work[船名],C14,Work[バース],E14,Work[入出・転],F14,Work[曳船名],G14)>1,"要確認：同じ作業・曳船が重複",IF(AND(I14="あり",J14="実施",NOT(ISNUMBER(AD14))),"要確認：拘束時間未確認",IF(OR(H14="未確認",I14="未確認",J14="未確認",X14="未確認",N14="未確認",O14="未確認"),"要確認：未確認を含む","確認済"))))))))))
Z15: =IF(G15="","",IF(COUNTIF(Tugs[曳船名],G15)<>1,"未登録・重複",IF(INDEX(Tugs[会社名],MATCH(G15,Tugs[曳船名],0))="","未確認",INDEX(Tugs[会社名],MATCH(G15,Tugs[曳船名],0))))) | AA15: =IF(G15="","",IF(COUNTIF(Companies[会社名],Z15)<>1,"未登録・重複",IF(INDEX(Companies[地区],MATCH(Z15,Companies[会社名],0))="","未確認",INDEX(Companies[地区],MATCH(Z15,Companies[会社名],0))))) | AB15: =IF(G15="","",IF(Q15<>"",Q15,IF(COUNTIF(Tugs[曳船名],G15)<>1,"未登録・重複",IF(INDEX(Tugs[基地港],MATCH(G15,Tugs[曳船名],0))="","未確認",INDEX(Tugs[基地港],MATCH(G15,Tugs[曳船名],0)))))) | AC15: =IF(C15="","",IF(AND(COUNTIF(Standards[照合項目（自動）],AB15&"｜"&E15&"｜"&D15&"｜"&F15&"｜"&P15)=1,COUNTIFS(Standards[照合項目（自動）],AB15&"｜"&E15&"｜"&D15&"｜"&F15&"｜"&P15,Standards[入力確認（自動）],"確認済")=1),SUMIF(Standards[照合項目（自動）],AB15&"｜"&E15&"｜"&D15&"｜"&F15&"｜"&P15,Standards[所定合計h（自動）]),"未確認")) | AD15: =IF(C15="","",IF(AND(ISNUMBER(R15),ISNUMBER(S15),S15>=R15),ROUND((S15-R15)*24,4),IF(OR(R15<>"",S15<>""),"",IF(AND(ISNUMBER(T15),T15>=0),T15,IF(AND(I15="あり",J15="実施",ISNUMBER(AC15)),AC15,""))))) | AE15: =IF(C15="","",IF(AND(ISNUMBER(R15),ISNUMBER(S15),S15>=R15),IF(X15="記録","実績：基地発～基地着",IF(X15="記憶","記憶：基地発～基地着","未確認：基地発～基地着")),IF(OR(R15<>"",S15<>""),"要確認：時刻不足・逆転",IF(AND(ISNUMBER(T15),T15>=0),IF(X15="記録","実績：記録の時間",IF(X15="記憶","記憶：申告の時間","未確認：申告の時間")),IF(AND(I15="あり",J15="実施",ISNUMBER(AC15)),"所定時間による見込み",IF(I15="なし","使用なし","未確認")))))) | AF15: =IF(C15="","",IF(H15="あり",1,0)) | AG15: =IF(C15="","",IF(AND(I15="あり",J15="実施"),1,0)) | AH15: =IF(C15="","",IF(AND(H15="あり",X15="記録"),IF(COUNTIFS($A$8:A15,A15,$B$8:B15,B15,$C$8:C15,C15,$E$8:E15,E15,$F$8:F15,F15,$H$8:H15,"あり",$X$8:X15,"記録")=1,1,0),0)) | AI15: =IF(C15="","",IF(AND(I15="あり",J15="実施",X15="記録",ISNUMBER(K15)),IF(COUNTIFS($K$8:K15,K15,$C$8:C15,C15,$E$8:E15,E15,$F$8:F15,F15,$I$8:I15,"あり",$J$8:J15,"実施",$X$8:X15,"記録")=1,1,0),0)) | AJ15: =IF(C15="","",IF(ISNUMBER(A15),YEAR(A15)-IF(MONTH(A15)<4,1,0),"")) | AK15: =IF(C15="","",IF(J15="実施",IF(ISNUMBER(K15),YEAR(K15)-IF(MONTH(K15)<4,1,0),""),"")) | AL15: =IF(C15="",IF(OR(A15<>"",G15<>""),"要確認：船名未記入",""),IF(OR(NOT(ISNUMBER(A15)),G15="",H15="",I15="",J15="",N15="",O15="",P15="",W15="",X15=""),"要確認：基本項目不足",IF(OR(Z15="未登録・重複",AA15="未登録・重複",AB15="未確認"),"要確認：登録表を確認",IF(AND(H15="あり",NOT(ISNUMBER(B15))),"要確認：前日の予定時刻不足",IF(AND(J15="実施",I15="あり",NOT(ISNUMBER(K15))),"要確認：最終日時不足",IF(AND(J15="取消",I15="あり"),"要確認：取消と使用ありが矛盾",IF(OR(AND(ISNUMBER(T15),T15<0),AND(ISNUMBER(V15),V15<0),AE15="要確認：時刻不足・逆転"),"要確認：時間を確認",IF(COUNTIFS(Work[予定表の作業日],A15,Work[前日版の予定時刻],B15,Work[船名],C15,Work[バース],E15,Work[入出・転],F15,Work[曳船名],G15)>1,"要確認：同じ作業・曳船が重複",IF(AND(I15="あり",J15="実施",NOT(ISNUMBER(AD15))),"要確認：拘束時間未確認",IF(OR(H15="未確認",I15="未確認",J15="未確認",X15="未確認",N15="未確認",O15="未確認"),"要確認：未確認を含む","確認済"))))))))))
Z16: =IF(G16="","",IF(COUNTIF(Tugs[曳船名],G16)<>1,"未登録・重複",IF(INDEX(Tugs[会社名],MATCH(G16,Tugs[曳船名],0))="","未確認",INDEX(Tugs[会社名],MATCH(G16,Tugs[曳船名],0))))) | AA16: =IF(G16="","",IF(COUNTIF(Companies[会社名],Z16)<>1,"未登録・重複",IF(INDEX(Companies[地区],MATCH(Z16,Companies[会社名],0))="","未確認",INDEX(Companies[地区],MATCH(Z16,Companies[会社名],0))))) | AB16: =IF(G16="","",IF(Q16<>"",Q16,IF(COUNTIF(Tugs[曳船名],G16)<>1,"未登録・重複",IF(INDEX(Tugs[基地港],MATCH(G16,Tugs[曳船名],0))="","未確認",INDEX(Tugs[基地港],MATCH(G16,Tugs[曳船名],0)))))) | AC16: =IF(C16="","",IF(AND(COUNTIF(Standards[照合項目（自動）],AB16&"｜"&E16&"｜"&D16&"｜"&F16&"｜"&P16)=1,COUNTIFS(Standards[照合項目（自動）],AB16&"｜"&E16&"｜"&D16&"｜"&F16&"｜"&P16,Standards[入力確認（自動）],"確認済")=1),SUMIF(Standards[照合項目（自動）],AB16&"｜"&E16&"｜"&D16&"｜"&F16&"｜"&P16,Standards[所定合計h（自動）]),"未確認")) | AD16: =IF(C16="","",IF(AND(ISNUMBER(R16),ISNUMBER(S16),S16>=R16),ROUND((S16-R16)*24,4),IF(OR(R16<>"",S16<>""),"",IF(AND(ISNUMBER(T16),T16>=0),T16,IF(AND(I16="あり",J16="実施",ISNUMBER(AC16)),AC16,""))))) | AE16: =IF(C16="","",IF(AND(ISNUMBER(R16),ISNUMBER(S16),S16>=R16),IF(X16="記録","実績：基地発～基地着",IF(X16="記憶","記憶：基地発～基地着","未確認：基地発～基地着")),IF(OR(R16<>"",S16<>""),"要確認：時刻不足・逆転",IF(AND(ISNUMBER(T16),T16>=0),IF(X16="記録","実績：記録の時間",IF(X16="記憶","記憶：申告の時間","未確認：申告の時間")),IF(AND(I16="あり",J16="実施",ISNUMBER(AC16)),"所定時間による見込み",IF(I16="なし","使用なし","未確認")))))) | AF16: =IF(C16="","",IF(H16="あり",1,0)) | AG16: =IF(C16="","",IF(AND(I16="あり",J16="実施"),1,0)) | AH16: =IF(C16="","",IF(AND(H16="あり",X16="記録"),IF(COUNTIFS($A$8:A16,A16,$B$8:B16,B16,$C$8:C16,C16,$E$8:E16,E16,$F$8:F16,F16,$H$8:H16,"あり",$X$8:X16,"記録")=1,1,0),0)) | AI16: =IF(C16="","",IF(AND(I16="あり",J16="実施",X16="記録",ISNUMBER(K16)),IF(COUNTIFS($K$8:K16,K16,$C$8:C16,C16,$E$8:E16,E16,$F$8:F16,F16,$I$8:I16,"あり",$J$8:J16,"実施",$X$8:X16,"記録")=1,1,0),0)) | AJ16: =IF(C16="","",IF(ISNUMBER(A16),YEAR(A16)-IF(MONTH(A16)<4,1,0),"")) | AK16: =IF(C16="","",IF(J16="実施",IF(ISNUMBER(K16),YEAR(K16)-IF(MONTH(K16)<4,1,0),""),"")) | AL16: =IF(C16="",IF(OR(A16<>"",G16<>""),"要確認：船名未記入",""),IF(OR(NOT(ISNUMBER(A16)),G16="",H16="",I16="",J16="",N16="",O16="",P16="",W16="",X16=""),"要確認：基本項目不足",IF(OR(Z16="未登録・重複",AA16="未登録・重複",AB16="未確認"),"要確認：登録表を確認",IF(AND(H16="あり",NOT(ISNUMBER(B16))),"要確認：前日の予定時刻不足",IF(AND(J16="実施",I16="あり",NOT(ISNUMBER(K16))),"要確認：最終日時不足",IF(AND(J16="取消",I16="あり"),"要確認：取消と使用ありが矛盾",IF(OR(AND(ISNUMBER(T16),T16<0),AND(ISNUMBER(V16),V16<0),AE16="要確認：時刻不足・逆転"),"要確認：時間を確認",IF(COUNTIFS(Work[予定表の作業日],A16,Work[前日版の予定時刻],B16,Work[船名],C16,Work[バース],E16,Work[入出・転],F16,Work[曳船名],G16)>1,"要確認：同じ作業・曳船が重複",IF(AND(I16="あり",J16="実施",NOT(ISNUMBER(AD16))),"要確認：拘束時間未確認",IF(OR(H16="未確認",I16="未確認",J16="未確認",X16="未確認",N16="未確認",O16="未確認"),"要確認：未確認を含む","確認済"))))))))))
Z17: =IF(G17="","",IF(COUNTIF(Tugs[曳船名],G17)<>1,"未登録・重複",IF(INDEX(Tugs[会社名],MATCH(G17,Tugs[曳船名],0))="","未確認",INDEX(Tugs[会社名],MATCH(G17,Tugs[曳船名],0))))) | AA17: =IF(G17="","",IF(COUNTIF(Companies[会社名],Z17)<>1,"未登録・重複",IF(INDEX(Companies[地区],MATCH(Z17,Companies[会社名],0))="","未確認",INDEX(Companies[地区],MATCH(Z17,Companies[会社名],0))))) | AB17: =IF(G17="","",IF(Q17<>"",Q17,IF(COUNTIF(Tugs[曳船名],G17)<>1,"未登録・重複",IF(INDEX(Tugs[基地港],MATCH(G17,Tugs[曳船名],0))="","未確認",INDEX(Tugs[基地港],MATCH(G17,Tugs[曳船名],0)))))) | AC17: =IF(C17="","",IF(AND(COUNTIF(Standards[照合項目（自動）],AB17&"｜"&E17&"｜"&D17&"｜"&F17&"｜"&P17)=1,COUNTIFS(Standards[照合項目（自動）],AB17&"｜"&E17&"｜"&D17&"｜"&F17&"｜"&P17,Standards[入力確認（自動）],"確認済")=1),SUMIF(Standards[照合項目（自動）],AB17&"｜"&E17&"｜"&D17&"｜"&F17&"｜"&P17,Standards[所定合計h（自動）]),"未確認")) | AD17: =IF(C17="","",IF(AND(ISNUMBER(R17),ISNUMBER(S17),S17>=R17),ROUND((S17-R17)*24,4),IF(OR(R17<>"",S17<>""),"",IF(AND(ISNUMBER(T17),T17>=0),T17,IF(AND(I17="あり",J17="実施",ISNUMBER(AC17)),AC17,""))))) | AE17: =IF(C17="","",IF(AND(ISNUMBER(R17),ISNUMBER(S17),S17>=R17),IF(X17="記録","実績：基地発～基地着",IF(X17="記憶","記憶：基地発～基地着","未確認：基地発～基地着")),IF(OR(R17<>"",S17<>""),"要確認：時刻不足・逆転",IF(AND(ISNUMBER(T17),T17>=0),IF(X17="記録","実績：記録の時間",IF(X17="記憶","記憶：申告の時間","未確認：申告の時間")),IF(AND(I17="あり",J17="実施",ISNUMBER(AC17)),"所定時間による見込み",IF(I17="なし","使用なし","未確認")))))) | AF17: =IF(C17="","",IF(H17="あり",1,0)) | AG17: =IF(C17="","",IF(AND(I17="あり",J17="実施"),1,0)) | AH17: =IF(C17="","",IF(AND(H17="あり",X17="記録"),IF(COUNTIFS($A$8:A17,A17,$B$8:B17,B17,$C$8:C17,C17,$E$8:E17,E17,$F$8:F17,F17,$H$8:H17,"あり",$X$8:X17,"記録")=1,1,0),0)) | AI17: =IF(C17="","",IF(AND(I17="あり",J17="実施",X17="記録",ISNUMBER(K17)),IF(COUNTIFS($K$8:K17,K17,$C$8:C17,C17,$E$8:E17,E17,$F$8:F17,F17,$I$8:I17,"あり",$J$8:J17,"実施",$X$8:X17,"記録")=1,1,0),0)) | AJ17: =IF(C17="","",IF(ISNUMBER(A17),YEAR(A17)-IF(MONTH(A17)<4,1,0),"")) | AK17: =IF(C17="","",IF(J17="実施",IF(ISNUMBER(K17),YEAR(K17)-IF(MONTH(K17)<4,1,0),""),"")) | AL17: =IF(C17="",IF(OR(A17<>"",G17<>""),"要確認：船名未記入",""),IF(OR(NOT(ISNUMBER(A17)),G17="",H17="",I17="",J17="",N17="",O17="",P17="",W17="",X17=""),"要確認：基本項目不足",IF(OR(Z17="未登録・重複",AA17="未登録・重複",AB17="未確認"),"要確認：登録表を確認",IF(AND(H17="あり",NOT(ISNUMBER(B17))),"要確認：前日の予定時刻不足",IF(AND(J17="実施",I17="あり",NOT(ISNUMBER(K17))),"要確認：最終日時不足",IF(AND(J17="取消",I17="あり"),"要確認：取消と使用ありが矛盾",IF(OR(AND(ISNUMBER(T17),T17<0),AND(ISNUMBER(V17),V17<0),AE17="要確認：時刻不足・逆転"),"要確認：時間を確認",IF(COUNTIFS(Work[予定表の作業日],A17,Work[前日版の予定時刻],B17,Work[船名],C17,Work[バース],E17,Work[入出・転],F17,Work[曳船名],G17)>1,"要確認：同じ作業・曳船が重複",IF(AND(I17="あり",J17="実施",NOT(ISNUMBER(AD17))),"要確認：拘束時間未確認",IF(OR(H17="未確認",I17="未確認",J17="未確認",X17="未確認",N17="未確認",O17="未確認"),"要確認：未確認を含む","確認済"))))))))))
Z18: =IF(G18="","",IF(COUNTIF(Tugs[曳船名],G18)<>1,"未登録・重複",IF(INDEX(Tugs[会社名],MATCH(G18,Tugs[曳船名],0))="","未確認",INDEX(Tugs[会社名],MATCH(G18,Tugs[曳船名],0))))) | AA18: =IF(G18="","",IF(COUNTIF(Companies[会社名],Z18)<>1,"未登録・重複",IF(INDEX(Companies[地区],MATCH(Z18,Companies[会社名],0))="","未確認",INDEX(Companies[地区],MATCH(Z18,Companies[会社名],0))))) | AB18: =IF(G18="","",IF(Q18<>"",Q18,IF(COUNTIF(Tugs[曳船名],G18)<>1,"未登録・重複",IF(INDEX(Tugs[基地港],MATCH(G18,Tugs[曳船名],0))="","未確認",INDEX(Tugs[基地港],MATCH(G18,Tugs[曳船名],0)))))) | AC18: =IF(C18="","",IF(AND(COUNTIF(Standards[照合項目（自動）],AB18&"｜"&E18&"｜"&D18&"｜"&F18&"｜"&P18)=1,COUNTIFS(Standards[照合項目（自動）],AB18&"｜"&E18&"｜"&D18&"｜"&F18&"｜"&P18,Standards[入力確認（自動）],"確認済")=1),SUMIF(Standards[照合項目（自動）],AB18&"｜"&E18&"｜"&D18&"｜"&F18&"｜"&P18,Standards[所定合計h（自動）]),"未確認")) | AD18: =IF(C18="","",IF(AND(ISNUMBER(R18),ISNUMBER(S18),S18>=R18),ROUND((S18-R18)*24,4),IF(OR(R18<>"",S18<>""),"",IF(AND(ISNUMBER(T18),T18>=0),T18,IF(AND(I18="あり",J18="実施",ISNUMBER(AC18)),AC18,""))))) | AE18: =IF(C18="","",IF(AND(ISNUMBER(R18),ISNUMBER(S18),S18>=R18),IF(X18="記録","実績：基地発～基地着",IF(X18="記憶","記憶：基地発～基地着","未確認：基地発～基地着")),IF(OR(R18<>"",S18<>""),"要確認：時刻不足・逆転",IF(AND(ISNUMBER(T18),T18>=0),IF(X18="記録","実績：記録の時間",IF(X18="記憶","記憶：申告の時間","未確認：申告の時間")),IF(AND(I18="あり",J18="実施",ISNUMBER(AC18)),"所定時間による見込み",IF(I18="なし","使用なし","未確認")))))) | AF18: =IF(C18="","",IF(H18="あり",1,0)) | AG18: =IF(C18="","",IF(AND(I18="あり",J18="実施"),1,0)) | AH18: =IF(C18="","",IF(AND(H18="あり",X18="記録"),IF(COUNTIFS($A$8:A18,A18,$B$8:B18,B18,$C$8:C18,C18,$E$8:E18,E18,$F$8:F18,F18,$H$8:H18,"あり",$X$8:X18,"記録")=1,1,0),0)) | AI18: =IF(C18="","",IF(AND(I18="あり",J18="実施",X18="記録",ISNUMBER(K18)),IF(COUNTIFS($K$8:K18,K18,$C$8:C18,C18,$E$8:E18,E18,$F$8:F18,F18,$I$8:I18,"あり",$J$8:J18,"実施",$X$8:X18,"記録")=1,1,0),0)) | AJ18: =IF(C18="","",IF(ISNUMBER(A18),YEAR(A18)-IF(MONTH(A18)<4,1,0),"")) | AK18: =IF(C18="","",IF(J18="実施",IF(ISNUMBER(K18),YEAR(K18)-IF(MONTH(K18)<4,1,0),""),"")) | AL18: =IF(C18="",IF(OR(A18<>"",G18<>""),"要確認：船名未記入",""),IF(OR(NOT(ISNUMBER(A18)),G18="",H18="",I18="",J18="",N18="",O18="",P18="",W18="",X18=""),"要確認：基本項目不足",IF(OR(Z18="未登録・重複",AA18="未登録・重複",AB18="未確認"),"要確認：登録表を確認",IF(AND(H18="あり",NOT(ISNUMBER(B18))),"要確認：前日の予定時刻不足",IF(AND(J18="実施",I18="あり",NOT(ISNUMBER(K18))),"要確認：最終日時不足",IF(AND(J18="取消",I18="あり"),"要確認：取消と使用ありが矛盾",IF(OR(AND(ISNUMBER(T18),T18<0),AND(ISNUMBER(V18),V18<0),AE18="要確認：時刻不足・逆転"),"要確認：時間を確認",IF(COUNTIFS(Work[予定表の作業日],A18,Work[前日版の予定時刻],B18,Work[船名],C18,Work[バース],E18,Work[入出・転],F18,Work[曳船名],G18)>1,"要確認：同じ作業・曳船が重複",IF(AND(I18="あり",J18="実施",NOT(ISNUMBER(AD18))),"要確認：拘束時間未確認",IF(OR(H18="未確認",I18="未確認",J18="未確認",X18="未確認",N18="未確認",O18="未確認"),"要確認：未確認を含む","確認済"))))))))))
Z19: =IF(G19="","",IF(COUNTIF(Tugs[曳船名],G19)<>1,"未登録・重複",IF(INDEX(Tugs[会社名],MATCH(G19,Tugs[曳船名],0))="","未確認",INDEX(Tugs[会社名],MATCH(G19,Tugs[曳船名],0))))) | AA19: =IF(G19="","",IF(COUNTIF(Companies[会社名],Z19)<>1,"未登録・重複",IF(INDEX(Companies[地区],MATCH(Z19,Companies[会社名],0))="","未確認",INDEX(Companies[地区],MATCH(Z19,Companies[会社名],0))))) | AB19: =IF(G19="","",IF(Q19<>"",Q19,IF(COUNTIF(Tugs[曳船名],G19)<>1,"未登録・重複",IF(INDEX(Tugs[基地港],MATCH(G19,Tugs[曳船名],0))="","未確認",INDEX(Tugs[基地港],MATCH(G19,Tugs[曳船名],0)))))) | AC19: =IF(C19="","",IF(AND(COUNTIF(Standards[照合項目（自動）],AB19&"｜"&E19&"｜"&D19&"｜"&F19&"｜"&P19)=1,COUNTIFS(Standards[照合項目（自動）],AB19&"｜"&E19&"｜"&D19&"｜"&F19&"｜"&P19,Standards[入力確認（自動）],"確認済")=1),SUMIF(Standards[照合項目（自動）],AB19&"｜"&E19&"｜"&D19&"｜"&F19&"｜"&P19,Standards[所定合計h（自動）]),"未確認")) | AD19: =IF(C19="","",IF(AND(ISNUMBER(R19),ISNUMBER(S19),S19>=R19),ROUND((S19-R19)*24,4),IF(OR(R19<>"",S19<>""),"",IF(AND(ISNUMBER(T19),T19>=0),T19,IF(AND(I19="あり",J19="実施",ISNUMBER(AC19)),AC19,""))))) | AE19: =IF(C19="","",IF(AND(ISNUMBER(R19),ISNUMBER(S19),S19>=R19),IF(X19="記録","実績：基地発～基地着",IF(X19="記憶","記憶：基地発～基地着","未確認：基地発～基地着")),IF(OR(R19<>"",S19<>""),"要確認：時刻不足・逆転",IF(AND(ISNUMBER(T19),T19>=0),IF(X19="記録","実績：記録の時間",IF(X19="記憶","記憶：申告の時間","未確認：申告の時間")),IF(AND(I19="あり",J19="実施",ISNUMBER(AC19)),"所定時間による見込み",IF(I19="なし","使用なし","未確認")))))) | AF19: =IF(C19="","",IF(H19="あり",1,0)) | AG19: =IF(C19="","",IF(AND(I19="あり",J19="実施"),1,0)) | AH19: =IF(C19="","",IF(AND(H19="あり",X19="記録"),IF(COUNTIFS($A$8:A19,A19,$B$8:B19,B19,$C$8:C19,C19,$E$8:E19,E19,$F$8:F19,F19,$H$8:H19,"あり",$X$8:X19,"記録")=1,1,0),0)) | AI19: =IF(C19="","",IF(AND(I19="あり",J19="実施",X19="記録",ISNUMBER(K19)),IF(COUNTIFS($K$8:K19,K19,$C$8:C19,C19,$E$8:E19,E19,$F$8:F19,F19,$I$8:I19,"あり",$J$8:J19,"実施",$X$8:X19,"記録")=1,1,0),0)) | AJ19: =IF(C19="","",IF(ISNUMBER(A19),YEAR(A19)-IF(MONTH(A19)<4,1,0),"")) | AK19: =IF(C19="","",IF(J19="実施",IF(ISNUMBER(K19),YEAR(K19)-IF(MONTH(K19)<4,1,0),""),"")) | AL19: =IF(C19="",IF(OR(A19<>"",G19<>""),"要確認：船名未記入",""),IF(OR(NOT(ISNUMBER(A19)),G19="",H19="",I19="",J19="",N19="",O19="",P19="",W19="",X19=""),"要確認：基本項目不足",IF(OR(Z19="未登録・重複",AA19="未登録・重複",AB19="未確認"),"要確認：登録表を確認",IF(AND(H19="あり",NOT(ISNUMBER(B19))),"要確認：前日の予定時刻不足",IF(AND(J19="実施",I19="あり",NOT(ISNUMBER(K19))),"要確認：最終日時不足",IF(AND(J19="取消",I19="あり"),"要確認：取消と使用ありが矛盾",IF(OR(AND(ISNUMBER(T19),T19<0),AND(ISNUMBER(V19),V19<0),AE19="要確認：時刻不足・逆転"),"要確認：時間を確認",IF(COUNTIFS(Work[予定表の作業日],A19,Work[前日版の予定時刻],B19,Work[船名],C19,Work[バース],E19,Work[入出・転],F19,Work[曳船名],G19)>1,"要確認：同じ作業・曳船が重複",IF(AND(I19="あり",J19="実施",NOT(ISNUMBER(AD19))),"要確認：拘束時間未確認",IF(OR(H19="未確認",I19="未確認",J19="未確認",X19="未確認",N19="未確認",O19="未確認"),"要確認：未確認を含む","確認済"))))))))))
... Z1007: =IF(G1007="","",IF(COUNTIF(Tugs[曳船名],G1007)<>1,"未登録・重複",IF(INDEX(Tugs[会社名],MATCH(G1007,Tugs[曳船名],0))="","未確認",INDEX(Tugs[会社名],MATCH(G1007,Tugs[曳船名],0))))) | AA1007: =IF(G1007="","",IF(COUNTIF(Companies[会社名],Z1007)<>1,"未登録・重複",IF(INDEX(Companies[地区],MATCH(Z1007,Companies[会社名],0))="","未確認",INDEX(Companies[地区],MATCH(Z1007,Companies[会社名],0))))) | AB1007: =IF(G1007="","",IF(Q1007<>"",Q1007,IF(COUNTIF(Tugs[曳船名],G1007)<>1,"未登録・重複",IF(INDEX(Tugs[基地港],MATCH(G1007,Tugs[曳船名],0))="","未確認",INDEX(Tugs[基地港],MATCH(G1007,Tugs[曳船名],0)))))) | AC1007: =IF(C1007="","",IF(AND(COUNTIF(Standards[照合項目（自動）],AB1007&"｜"&E1007&"｜"&D1007&"｜"&F1007&"｜"&P1007)=1,COUNTIFS(Standards[照合項目（自動）],AB1007&"｜"&E1007&"｜"&D1007&"｜"&F1007&"｜"&P1007,Standards[入力確認（自動）],"確認済")=1),SUMIF(Standards[照合項目（自動）],AB1007&"｜"&E1007&"｜"&D1007&"｜"&F1007&"｜"&P1007,Standards[所定合計h（自動）]),"未確認")) | AD1007: =IF(C1007="","",IF(AND(ISNUMBER(R1007),ISNUMBER(S1007),S1007>=R1007),ROUND((S1007-R1007)*24,4),IF(OR(R1007<>"",S1007<>""),"",IF(AND(ISNUMBER(T1007),T1007>=0),T1007,IF(AND(I1007="あり",J1007="実施",ISNUMBER(AC1007)),AC1007,""))))) | AE1007: =IF(C1007="","",IF(AND(ISNUMBER(R1007),ISNUMBER(S1007),S1007>=R1007),IF(X1007="記録","実績：基地発～基地着",IF(X1007="記憶","記憶：基地発～基地着","未確認：基地発～基地着")),IF(OR(R1007<>"",S1007<>""),"要確認：時刻不足・逆転",IF(AND(ISNUMBER(T1007),T1007>=0),IF(X1007="記録","実績：記録の時間",IF(X1007="記憶","記憶：申告の時間","未確認：申告の時間")),IF(AND(I1007="あり",J1007="実施",ISNUMBER(AC1007)),"所定時間による見込み",IF(I1007="なし","使用なし","未確認")))))) | AF1007: =IF(C1007="","",IF(H1007="あり",1,0)) | AG1007: =IF(C1007="","",IF(AND(I1007="あり",J1007="実施"),1,0)) | AH1007: =IF(C1007="","",IF(AND(H1007="あり",X1007="記録"),IF(COUNTIFS($A$8:A1007,A1007,$B$8:B1007,B1007,$C$8:C1007,C1007,$E$8:E1007,E1007,$F$8:F1007,F1007,$H$8:H1007,"あり",$X$8:X1007,"記録")=1,1,0),0)) | AI1007: =IF(C1007="","",IF(AND(I1007="あり",J1007="実施",X1007="記録",ISNUMBER(K1007)),IF(COUNTIFS($K$8:K1007,K1007,$C$8:C1007,C1007,$E$8:E1007,E1007,$F$8:F1007,F1007,$I$8:I1007,"あり",$J$8:J1007,"実施",$X$8:X1007,"記録")=1,1,0),0)) | AJ1007: =IF(C1007="","",IF(ISNUMBER(A1007),YEAR(A1007)-IF(MONTH(A1007)<4,1,0),"")) | AK1007: =IF(C1007="","",IF(J1007="実施",IF(ISNUMBER(K1007),YEAR(K1007)-IF(MONTH(K1007)<4,1,0),""),"")) | AL1007: =IF(C1007="",IF(OR(A1007<>"",G1007<>""),"要確認：船名未記入",""),IF(OR(NOT(ISNUMBER(A1007)),G1007="",H1007="",I1007="",J1007="",N1007="",O1007="",P1007="",W1007="",X1007=""),"要確認：基本項目不足",IF(OR(Z1007="未登録・重複",AA1007="未登録・重複",AB1007="未確認"),"要確認：登録表を確認",IF(AND(H1007="あり",NOT(ISNUMBER(B1007))),"要確認：前日の予定時刻不足",IF(AND(J1007="実施",I1007="あり",NOT(ISNUMBER(K1007))),"要確認：最終日時不足",IF(AND(J1007="取消",I1007="あり"),"要確認：取消と使用ありが矛盾",IF(OR(AND(ISNUMBER(T1007),T1007<0),AND(ISNUMBER(V1007),V1007<0),AE1007="要確認：時刻不足・逆転"),"要確認：時間を確認",IF(COUNTIFS(Work[予定表の作業日],A1007,Work[前日版の予定時刻],B1007,Work[船名],C1007,Work[バース],E1007,Work[入出・転],F1007,Work[曳船名],G1007)>1,"要確認：同じ作業・曳船が重複",IF(AND(I1007="あり",J1007="実施",NOT(ISNUMBER(AD1007))),"要確認：拘束時間未確認",IF(OR(H1007="未確認",I1007="未確認",J1007="未確認",X1007="未確認",N1007="未確認",O1007="未確認"),"要確認：未確認を含む","確認済"))))))))))

Sheet 入渠
A2: 入渠
A3: 製鉄曳船5隻と関豊丸・長豊丸が対象。復帰日は作業に戻った日。開始日から復帰日前日までを数える。年度をまたぐ入渠は選択年度に重なる日数だけ集計。
A7: 曳船名 | B7: 入渠開始日 | C7: 作業復帰日 | D7: 確認元 | E7: 記録区分 | F7: 補足 | G7: 会社（自動） | H7: 基地港（自動） | I7: 不稼働日数（自動） | J7: 選択年度の日数（自動） | K7: 入力確認（自動）
G8: =IF(A8="","",IF(COUNTIF(Tugs[曳船名],A8)<>1,"未登録・重複",IF(INDEX(Tugs[会社名],MATCH(A8,Tugs[曳船名],0))="","未確認",INDEX(Tugs[会社名],MATCH(A8,Tugs[曳船名],0))))) | H8: =IF(A8="","",IF(COUNTIF(Tugs[曳船名],A8)<>1,"未登録・重複",IF(INDEX(Tugs[基地港],MATCH(A8,Tugs[曳船名],0))="","未確認",INDEX(Tugs[基地港],MATCH(A8,Tugs[曳船名],0))))) | I8: =IF(A8="","",IF(AND(ISNUMBER(B8),ISNUMBER(C8),C8>=B8),C8-B8,"")) | J8: =IF(A8="","",IF(AND(ISNUMBER(B8),ISNUMBER(C8),C8>=B8),MAX(0,MIN(C8,DATE(集計・確認!$B$5+1,4,1))-MAX(B8,DATE(集計・確認!$B$5,4,1))),"")) | K8: =IF(A8="","",IF(OR(NOT(ISNUMBER(B8)),NOT(ISNUMBER(C8)),C8<B8,D8="",E8="",G8="未登録・重複"),"要確認：日付・登録・根拠を確認",IF(COUNTIFS(Docks[曳船名],A8,Docks[入渠開始日],B8)>1,"要確認：同じ入渠が重複",IF(E8="未確認","要確認：未確認を含む","確認済"))))
G9: =IF(A9="","",IF(COUNTIF(Tugs[曳船名],A9)<>1,"未登録・重複",IF(INDEX(Tugs[会社名],MATCH(A9,Tugs[曳船名],0))="","未確認",INDEX(Tugs[会社名],MATCH(A9,Tugs[曳船名],0))))) | H9: =IF(A9="","",IF(COUNTIF(Tugs[曳船名],A9)<>1,"未登録・重複",IF(INDEX(Tugs[基地港],MATCH(A9,Tugs[曳船名],0))="","未確認",INDEX(Tugs[基地港],MATCH(A9,Tugs[曳船名],0))))) | I9: =IF(A9="","",IF(AND(ISNUMBER(B9),ISNUMBER(C9),C9>=B9),C9-B9,"")) | J9: =IF(A9="","",IF(AND(ISNUMBER(B9),ISNUMBER(C9),C9>=B9),MAX(0,MIN(C9,DATE(集計・確認!$B$5+1,4,1))-MAX(B9,DATE(集計・確認!$B$5,4,1))),"")) | K9: =IF(A9="","",IF(OR(NOT(ISNUMBER(B9)),NOT(ISNUMBER(C9)),C9<B9,D9="",E9="",G9="未登録・重複"),"要確認：日付・登録・根拠を確認",IF(COUNTIFS(Docks[曳船名],A9,Docks[入渠開始日],B9)>1,"要確認：同じ入渠が重複",IF(E9="未確認","要確認：未確認を含む","確認済"))))
G10: =IF(A10="","",IF(COUNTIF(Tugs[曳船名],A10)<>1,"未登録・重複",IF(INDEX(Tugs[会社名],MATCH(A10,Tugs[曳船名],0))="","未確認",INDEX(Tugs[会社名],MATCH(A10,Tugs[曳船名],0))))) | H10: =IF(A10="","",IF(COUNTIF(Tugs[曳船名],A10)<>1,"未登録・重複",IF(INDEX(Tugs[基地港],MATCH(A10,Tugs[曳船名],0))="","未確認",INDEX(Tugs[基地港],MATCH(A10,Tugs[曳船名],0))))) | I10: =IF(A10="","",IF(AND(ISNUMBER(B10),ISNUMBER(C10),C10>=B10),C10-B10,"")) | J10: =IF(A10="","",IF(AND(ISNUMBER(B10),ISNUMBER(C10),C10>=B10),MAX(0,MIN(C10,DATE(集計・確認!$B$5+1,4,1))-MAX(B10,DATE(集計・確認!$B$5,4,1))),"")) | K10: =IF(A10="","",IF(OR(NOT(ISNUMBER(B10)),NOT(ISNUMBER(C10)),C10<B10,D10="",E10="",G10="未登録・重複"),"要確認：日付・登録・根拠を確認",IF(COUNTIFS(Docks[曳船名],A10,Docks[入渠開始日],B10)>1,"要確認：同じ入渠が重複",IF(E10="未確認","要確認：未確認を含む","確認済"))))
G11: =IF(A11="","",IF(COUNTIF(Tugs[曳船名],A11)<>1,"未登録・重複",IF(INDEX(Tugs[会社名],MATCH(A11,Tugs[曳船名],0))="","未確認",INDEX(Tugs[会社名],MATCH(A11,Tugs[曳船名],0))))) | H11: =IF(A11="","",IF(COUNTIF(Tugs[曳船名],A11)<>1,"未登録・重複",IF(INDEX(Tugs[基地港],MATCH(A11,Tugs[曳船名],0))="","未確認",INDEX(Tugs[基地港],MATCH(A11,Tugs[曳船名],0))))) | I11: =IF(A11="","",IF(AND(ISNUMBER(B11),ISNUMBER(C11),C11>=B11),C11-B11,"")) | J11: =IF(A11="","",IF(AND(ISNUMBER(B11),ISNUMBER(C11),C11>=B11),MAX(0,MIN(C11,DATE(集計・確認!$B$5+1,4,1))-MAX(B11,DATE(集計・確認!$B$5,4,1))),"")) | K11: =IF(A11="","",IF(OR(NOT(ISNUMBER(B11)),NOT(ISNUMBER(C11)),C11<B11,D11="",E11="",G11="未登録・重複"),"要確認：日付・登録・根拠を確認",IF(COUNTIFS(Docks[曳船名],A11,Docks[入渠開始日],B11)>1,"要確認：同じ入渠が重複",IF(E11="未確認","要確認：未確認を含む","確認済"))))
G12: =IF(A12="","",IF(COUNTIF(Tugs[曳船名],A12)<>1,"未登録・重複",IF(INDEX(Tugs[会社名],MATCH(A12,Tugs[曳船名],0))="","未確認",INDEX(Tugs[会社名],MATCH(A12,Tugs[曳船名],0))))) | H12: =IF(A12="","",IF(COUNTIF(Tugs[曳船名],A12)<>1,"未登録・重複",IF(INDEX(Tugs[基地港],MATCH(A12,Tugs[曳船名],0))="","未確認",INDEX(Tugs[基地港],MATCH(A12,Tugs[曳船名],0))))) | I12: =IF(A12="","",IF(AND(ISNUMBER(B12),ISNUMBER(C12),C12>=B12),C12-B12,"")) | J12: =IF(A12="","",IF(AND(ISNUMBER(B12),ISNUMBER(C12),C12>=B12),MAX(0,MIN(C12,DATE(集計・確認!$B$5+1,4,1))-MAX(B12,DATE(集計・確認!$B$5,4,1))),"")) | K12: =IF(A12="","",IF(OR(NOT(ISNUMBER(B12)),NOT(ISNUMBER(C12)),C12<B12,D12="",E12="",G12="未登録・重複"),"要確認：日付・登録・根拠を確認",IF(COUNTIFS(Docks[曳船名],A12,Docks[入渠開始日],B12)>1,"要確認：同じ入渠が重複",IF(E12="未確認","要確認：未確認を含む","確認済"))))
G13: =IF(A13="","",IF(COUNTIF(Tugs[曳船名],A13)<>1,"未登録・重複",IF(INDEX(Tugs[会社名],MATCH(A13,Tugs[曳船名],0))="","未確認",INDEX(Tugs[会社名],MATCH(A13,Tugs[曳船名],0))))) | H13: =IF(A13="","",IF(COUNTIF(Tugs[曳船名],A13)<>1,"未登録・重複",IF(INDEX(Tugs[基地港],MATCH(A13,Tugs[曳船名],0))="","未確認",INDEX(Tugs[基地港],MATCH(A13,Tugs[曳船名],0))))) | I13: =IF(A13="","",IF(AND(ISNUMBER(B13),ISNUMBER(C13),C13>=B13),C13-B13,"")) | J13: =IF(A13="","",IF(AND(ISNUMBER(B13),ISNUMBER(C13),C13>=B13),MAX(0,MIN(C13,DATE(集計・確認!$B$5+1,4,1))-MAX(B13,DATE(集計・確認!$B$5,4,1))),"")) | K13: =IF(A13="","",IF(OR(NOT(ISNUMBER(B13)),NOT(ISNUMBER(C13)),C13<B13,D13="",E13="",G13="未登録・重複"),"要確認：日付・登録・根拠を確認",IF(COUNTIFS(Docks[曳船名],A13,Docks[入渠開始日],B13)>1,"要確認：同じ入渠が重複",IF(E13="未確認","要確認：未確認を含む","確認済"))))
G14: =IF(A14="","",IF(COUNTIF(Tugs[曳船名],A14)<>1,"未登録・重複",IF(INDEX(Tugs[会社名],MATCH(A14,Tugs[曳船名],0))="","未確認",INDEX(Tugs[会社名],MATCH(A14,Tugs[曳船名],0))))) | H14: =IF(A14="","",IF(COUNTIF(Tugs[曳船名],A14)<>1,"未登録・重複",IF(INDEX(Tugs[基地港],MATCH(A14,Tugs[曳船名],0))="","未確認",INDEX(Tugs[基地港],MATCH(A14,Tugs[曳船名],0))))) | I14: =IF(A14="","",IF(AND(ISNUMBER(B14),ISNUMBER(C14),C14>=B14),C14-B14,"")) | J14: =IF(A14="","",IF(AND(ISNUMBER(B14),ISNUMBER(C14),C14>=B14),MAX(0,MIN(C14,DATE(集計・確認!$B$5+1,4,1))-MAX(B14,DATE(集計・確認!$B$5,4,1))),"")) | K14: =IF(A14="","",IF(OR(NOT(ISNUMBER(B14)),NOT(ISNUMBER(C14)),C14<B14,D14="",E14="",G14="未登録・重複"),"要確認：日付・登録・根拠を確認",IF(COUNTIFS(Docks[曳船名],A14,Docks[入渠開始日],B14)>1,"要確認：同じ入渠が重複",IF(E14="未確認","要確認：未確認を含む","確認済"))))
G15: =IF(A15="","",IF(COUNTIF(Tugs[曳船名],A15)<>1,"未登録・重複",IF(INDEX(Tugs[会社名],MATCH(A15,Tugs[曳船名],0))="","未確認",INDEX(Tugs[会社名],MATCH(A15,Tugs[曳船名],0))))) | H15: =IF(A15="","",IF(COUNTIF(Tugs[曳船名],A15)<>1,"未登録・重複",IF(INDEX(Tugs[基地港],MATCH(A15,Tugs[曳船名],0))="","未確認",INDEX(Tugs[基地港],MATCH(A15,Tugs[曳船名],0))))) | I15: =IF(A15="","",IF(AND(ISNUMBER(B15),ISNUMBER(C15),C15>=B15),C15-B15,"")) | J15: =IF(A15="","",IF(AND(ISNUMBER(B15),ISNUMBER(C15),C15>=B15),MAX(0,MIN(C15,DATE(集計・確認!$B$5+1,4,1))-MAX(B15,DATE(集計・確認!$B$5,4,1))),"")) | K15: =IF(A15="","",IF(OR(NOT(ISNUMBER(B15)),NOT(ISNUMBER(C15)),C15<B15,D15="",E15="",G15="未登録・重複"),"要確認：日付・登録・根拠を確認",IF(COUNTIFS(Docks[曳船名],A15,Docks[入渠開始日],B15)>1,"要確認：同じ入渠が重複",IF(E15="未確認","要確認：未確認を含む","確認済"))))
G16: =IF(A16="","",IF(COUNTIF(Tugs[曳船名],A16)<>1,"未登録・重複",IF(INDEX(Tugs[会社名],MATCH(A16,Tugs[曳船名],0))="","未確認",INDEX(Tugs[会社名],MATCH(A16,Tugs[曳船名],0))))) | H16: =IF(A16="","",IF(COUNTIF(Tugs[曳船名],A16)<>1,"未登録・重複",IF(INDEX(Tugs[基地港],MATCH(A16,Tugs[曳船名],0))="","未確認",INDEX(Tugs[基地港],MATCH(A16,Tugs[曳船名],0))))) | I16: =IF(A16="","",IF(AND(ISNUMBER(B16),ISNUMBER(C16),C16>=B16),C16-B16,"")) | J16: =IF(A16="","",IF(AND(ISNUMBER(B16),ISNUMBER(C16),C16>=B16),MAX(0,MIN(C16,DATE(集計・確認!$B$5+1,4,1))-MAX(B16,DATE(集計・確認!$B$5,4,1))),"")) | K16: =IF(A16="","",IF(OR(NOT(ISNUMBER(B16)),NOT(ISNUMBER(C16)),C16<B16,D16="",E16="",G16="未登録・重複"),"要確認：日付・登録・根拠を確認",IF(COUNTIFS(Docks[曳船名],A16,Docks[入渠開始日],B16)>1,"要確認：同じ入渠が重複",IF(E16="未確認","要確認：未確認を含む","確認済"))))
G17: =IF(A17="","",IF(COUNTIF(Tugs[曳船名],A17)<>1,"未登録・重複",IF(INDEX(Tugs[会社名],MATCH(A17,Tugs[曳船名],0))="","未確認",INDEX(Tugs[会社名],MATCH(A17,Tugs[曳船名],0))))) | H17: =IF(A17="","",IF(COUNTIF(Tugs[曳船名],A17)<>1,"未登録・重複",IF(INDEX(Tugs[基地港],MATCH(A17,Tugs[曳船名],0))="","未確認",INDEX(Tugs[基地港],MATCH(A17,Tugs[曳船名],0))))) | I17: =IF(A17="","",IF(AND(ISNUMBER(B17),ISNUMBER(C17),C17>=B17),C17-B17,"")) | J17: =IF(A17="","",IF(AND(ISNUMBER(B17),ISNUMBER(C17),C17>=B17),MAX(0,MIN(C17,DATE(集計・確認!$B$5+1,4,1))-MAX(B17,DATE(集計・確認!$B$5,4,1))),"")) | K17: =IF(A17="","",IF(OR(NOT(ISNUMBER(B17)),NOT(ISNUMBER(C17)),C17<B17,D17="",E17="",G17="未登録・重複"),"要確認：日付・登録・根拠を確認",IF(COUNTIFS(Docks[曳船名],A17,Docks[入渠開始日],B17)>1,"要確認：同じ入渠が重複",IF(E17="未確認","要確認：未確認を含む","確認済"))))
G18: =IF(A18="","",IF(COUNTIF(Tugs[曳船名],A18)<>1,"未登録・重複",IF(INDEX(Tugs[会社名],MATCH(A18,Tugs[曳船名],0))="","未確認",INDEX(Tugs[会社名],MATCH(A18,Tugs[曳船名],0))))) | H18: =IF(A18="","",IF(COUNTIF(Tugs[曳船名],A18)<>1,"未登録・重複",IF(INDEX(Tugs[基地港],MATCH(A18,Tugs[曳船名],0))="","未確認",INDEX(Tugs[基地港],MATCH(A18,Tugs[曳船名],0))))) | I18: =IF(A18="","",IF(AND(ISNUMBER(B18),ISNUMBER(C18),C18>=B18),C18-B18,"")) | J18: =IF(A18="","",IF(AND(ISNUMBER(B18),ISNUMBER(C18),C18>=B18),MAX(0,MIN(C18,DATE(集計・確認!$B$5+1,4,1))-MAX(B18,DATE(集計・確認!$B$5,4,1))),"")) | K18: =IF(A18="","",IF(OR(NOT(ISNUMBER(B18)),NOT(ISNUMBER(C18)),C18<B18,D18="",E18="",G18="未登録・重複"),"要確認：日付・登録・根拠を確認",IF(COUNTIFS(Docks[曳船名],A18,Docks[入渠開始日],B18)>1,"要確認：同じ入渠が重複",IF(E18="未確認","要確認：未確認を含む","確認済"))))
G19: =IF(A19="","",IF(COUNTIF(Tugs[曳船名],A19)<>1,"未登録・重複",IF(INDEX(Tugs[会社名],MATCH(A19,Tugs[曳船名],0))="","未確認",INDEX(Tugs[会社名],MATCH(A19,Tugs[曳船名],0))))) | H19: =IF(A19="","",IF(COUNTIF(Tugs[曳船名],A19)<>1,"未登録・重複",IF(INDEX(Tugs[基地港],MATCH(A19,Tugs[曳船名],0))="","未確認",INDEX(Tugs[基地港],MATCH(A19,Tugs[曳船名],0))))) | I19: =IF(A19="","",IF(AND(ISNUMBER(B19),ISNUMBER(C19),C19>=B19),C19-B19,"")) | J19: =IF(A19="","",IF(AND(ISNUMBER(B19),ISNUMBER(C19),C19>=B19),MAX(0,MIN(C19,DATE(集計・確認!$B$5+1,4,1))-MAX(B19,DATE(集計・確認!$B$5,4,1))),"")) | K19: =IF(A19="","",IF(OR(NOT(ISNUMBER(B19)),NOT(ISNUMBER(C19)),C19<B19,D19="",E19="",G19="未登録・重複"),"要確認：日付・登録・根拠を確認",IF(COUNTIFS(Docks[曳船名],A19,Docks[入渠開始日],B19)>1,"要確認：同じ入渠が重複",IF(E19="未確認","要確認：未確認を含む","確認済"))))
... G307: =IF(A307="","",IF(COUNTIF(Tugs[曳船名],A307)<>1,"未登録・重複",IF(INDEX(Tugs[会社名],MATCH(A307,Tugs[曳船名],0))="","未確認",INDEX(Tugs[会社名],MATCH(A307,Tugs[曳船名],0))))) | H307: =IF(A307="","",IF(COUNTIF(Tugs[曳船名],A307)<>1,"未登録・重複",IF(INDEX(Tugs[基地港],MATCH(A307,Tugs[曳船名],0))="","未確認",INDEX(Tugs[基地港],MATCH(A307,Tugs[曳船名],0))))) | I307: =IF(A307="","",IF(AND(ISNUMBER(B307),ISNUMBER(C307),C307>=B307),C307-B307,"")) | J307: =IF(A307="","",IF(AND(ISNUMBER(B307),ISNUMBER(C307),C307>=B307),MAX(0,MIN(C307,DATE(集計・確認!$B$5+1,4,1))-MAX(B307,DATE(集計・確認!$B$5,4,1))),"")) | K307: =IF(A307="","",IF(OR(NOT(ISNUMBER(B307)),NOT(ISNUMBER(C307)),C307<B307,D307="",E307="",G307="未登録・重複"),"要確認：日付・登録・根拠を確認",IF(COUNTIFS(Docks[曳船名],A307,Docks[入渠開始日],B307)>1,"要確認：同じ入渠が重複",IF(E307="未確認","要確認：未確認を含む","確認済"))))

Sheet 関豊丸・長豊丸の他港作業
A2: 関豊丸・長豊丸の他港作業
A3: 関豊丸・長豊丸が他港の仕事で門司を離れた時間を記録。料金は分かる場合だけ入力し、不明は空欄。港名は実際の港を登録。回航込みの拘束時間と請求時間を混同しない。
A7: 作業日 | B7: 曳船名 | C7: 他港の港名 | D7: 船名 | E7: 入出・転／作業内容 | F7: 門司港発 | G7: 他港作業開始 | H7: 他港作業終了 | I7: 門司港着 | J7: 回航込みh（記録の時間） | K7: 作業料金円 | L7: 確認元 | M7: 記録区分 | N7: 補足 | O7: 回航込み拘束h（自動） | P7: 時間根拠（自動） | Q7: 年度（自動） | R7: 入力確認（自動） | S7: 料金未確認（自動）
O8: =IF(B8="","",IF(AND(ISNUMBER(F8),ISNUMBER(I8),I8>=F8),ROUND((I8-F8)*24,4),IF(OR(F8<>"",I8<>""),"",IF(AND(ISNUMBER(J8),J8>=0),J8,"")))) | P8: =IF(B8="","",IF(AND(ISNUMBER(F8),ISNUMBER(I8),I8>=F8),"実績：門司発～門司着",IF(OR(F8<>"",I8<>""),"要確認：時刻不足・逆転",IF(AND(ISNUMBER(J8),J8>=0),"実績：記録の時間","未確認")))) | Q8: =IF(B8="","",IF(ISNUMBER(A8),YEAR(A8)-IF(MONTH(A8)<4,1,0),"")) | R8: =IF(B8="","",IF(OR(NOT(ISNUMBER(A8)),C8="",D8="",L8="",M8="",AND(B8<>"関豊丸",B8<>"長豊丸")),"要確認：対象船・基本項目",IF(OR(P8="要確認：時刻不足・逆転",AND(ISNUMBER(G8),ISNUMBER(H8),H8<G8),AND(ISNUMBER(F8),ISNUMBER(G8),G8<F8),AND(ISNUMBER(H8),ISNUMBER(I8),I8<H8),AND(ISNUMBER(J8),J8<0),AND(ISNUMBER(K8),K8<0)),"要確認：時刻・時間・料金",IF(COUNTIFS(OtherPorts[作業日],A8,OtherPorts[曳船名],B8,OtherPorts[船名],D8,OtherPorts[門司港発],F8)>1,"要確認：同じ他港作業が重複",IF(OR(NOT(ISNUMBER(O8)),M8="未確認"),"要確認：時間・根拠未確認","確認済"))))) | S8: =IF(B8="","",IF(ISNUMBER(K8),0,1))
O9: =IF(B9="","",IF(AND(ISNUMBER(F9),ISNUMBER(I9),I9>=F9),ROUND((I9-F9)*24,4),IF(OR(F9<>"",I9<>""),"",IF(AND(ISNUMBER(J9),J9>=0),J9,"")))) | P9: =IF(B9="","",IF(AND(ISNUMBER(F9),ISNUMBER(I9),I9>=F9),"実績：門司発～門司着",IF(OR(F9<>"",I9<>""),"要確認：時刻不足・逆転",IF(AND(ISNUMBER(J9),J9>=0),"実績：記録の時間","未確認")))) | Q9: =IF(B9="","",IF(ISNUMBER(A9),YEAR(A9)-IF(MONTH(A9)<4,1,0),"")) | R9: =IF(B9="","",IF(OR(NOT(ISNUMBER(A9)),C9="",D9="",L9="",M9="",AND(B9<>"関豊丸",B9<>"長豊丸")),"要確認：対象船・基本項目",IF(OR(P9="要確認：時刻不足・逆転",AND(ISNUMBER(G9),ISNUMBER(H9),H9<G9),AND(ISNUMBER(F9),ISNUMBER(G9),G9<F9),AND(ISNUMBER(H9),ISNUMBER(I9),I9<H9),AND(ISNUMBER(J9),J9<0),AND(ISNUMBER(K9),K9<0)),"要確認：時刻・時間・料金",IF(COUNTIFS(OtherPorts[作業日],A9,OtherPorts[曳船名],B9,OtherPorts[船名],D9,OtherPorts[門司港発],F9)>1,"要確認：同じ他港作業が重複",IF(OR(NOT(ISNUMBER(O9)),M9="未確認"),"要確認：時間・根拠未確認","確認済"))))) | S9: =IF(B9="","",IF(ISNUMBER(K9),0,1))
O10: =IF(B10="","",IF(AND(ISNUMBER(F10),ISNUMBER(I10),I10>=F10),ROUND((I10-F10)*24,4),IF(OR(F10<>"",I10<>""),"",IF(AND(ISNUMBER(J10),J10>=0),J10,"")))) | P10: =IF(B10="","",IF(AND(ISNUMBER(F10),ISNUMBER(I10),I10>=F10),"実績：門司発～門司着",IF(OR(F10<>"",I10<>""),"要確認：時刻不足・逆転",IF(AND(ISNUMBER(J10),J10>=0),"実績：記録の時間","未確認")))) | Q10: =IF(B10="","",IF(ISNUMBER(A10),YEAR(A10)-IF(MONTH(A10)<4,1,0),"")) | R10: =IF(B10="","",IF(OR(NOT(ISNUMBER(A10)),C10="",D10="",L10="",M10="",AND(B10<>"関豊丸",B10<>"長豊丸")),"要確認：対象船・基本項目",IF(OR(P10="要確認：時刻不足・逆転",AND(ISNUMBER(G10),ISNUMBER(H10),H10<G10),AND(ISNUMBER(F10),ISNUMBER(G10),G10<F10),AND(ISNUMBER(H10),ISNUMBER(I10),I10<H10),AND(ISNUMBER(J10),J10<0),AND(ISNUMBER(K10),K10<0)),"要確認：時刻・時間・料金",IF(COUNTIFS(OtherPorts[作業日],A10,OtherPorts[曳船名],B10,OtherPorts[船名],D10,OtherPorts[門司港発],F10)>1,"要確認：同じ他港作業が重複",IF(OR(NOT(ISNUMBER(O10)),M10="未確認"),"要確認：時間・根拠未確認","確認済"))))) | S10: =IF(B10="","",IF(ISNUMBER(K10),0,1))
O11: =IF(B11="","",IF(AND(ISNUMBER(F11),ISNUMBER(I11),I11>=F11),ROUND((I11-F11)*24,4),IF(OR(F11<>"",I11<>""),"",IF(AND(ISNUMBER(J11),J11>=0),J11,"")))) | P11: =IF(B11="","",IF(AND(ISNUMBER(F11),ISNUMBER(I11),I11>=F11),"実績：門司発～門司着",IF(OR(F11<>"",I11<>""),"要確認：時刻不足・逆転",IF(AND(ISNUMBER(J11),J11>=0),"実績：記録の時間","未確認")))) | Q11: =IF(B11="","",IF(ISNUMBER(A11),YEAR(A11)-IF(MONTH(A11)<4,1,0),"")) | R11: =IF(B11="","",IF(OR(NOT(ISNUMBER(A11)),C11="",D11="",L11="",M11="",AND(B11<>"関豊丸",B11<>"長豊丸")),"要確認：対象船・基本項目",IF(OR(P11="要確認：時刻不足・逆転",AND(ISNUMBER(G11),ISNUMBER(H11),H11<G11),AND(ISNUMBER(F11),ISNUMBER(G11),G11<F11),AND(ISNUMBER(H11),ISNUMBER(I11),I11<H11),AND(ISNUMBER(J11),J11<0),AND(ISNUMBER(K11),K11<0)),"要確認：時刻・時間・料金",IF(COUNTIFS(OtherPorts[作業日],A11,OtherPorts[曳船名],B11,OtherPorts[船名],D11,OtherPorts[門司港発],F11)>1,"要確認：同じ他港作業が重複",IF(OR(NOT(ISNUMBER(O11)),M11="未確認"),"要確認：時間・根拠未確認","確認済"))))) | S11: =IF(B11="","",IF(ISNUMBER(K11),0,1))
O12: =IF(B12="","",IF(AND(ISNUMBER(F12),ISNUMBER(I12),I12>=F12),ROUND((I12-F12)*24,4),IF(OR(F12<>"",I12<>""),"",IF(AND(ISNUMBER(J12),J12>=0),J12,"")))) | P12: =IF(B12="","",IF(AND(ISNUMBER(F12),ISNUMBER(I12),I12>=F12),"実績：門司発～門司着",IF(OR(F12<>"",I12<>""),"要確認：時刻不足・逆転",IF(AND(ISNUMBER(J12),J12>=0),"実績：記録の時間","未確認")))) | Q12: =IF(B12="","",IF(ISNUMBER(A12),YEAR(A12)-IF(MONTH(A12)<4,1,0),"")) | R12: =IF(B12="","",IF(OR(NOT(ISNUMBER(A12)),C12="",D12="",L12="",M12="",AND(B12<>"関豊丸",B12<>"長豊丸")),"要確認：対象船・基本項目",IF(OR(P12="要確認：時刻不足・逆転",AND(ISNUMBER(G12),ISNUMBER(H12),H12<G12),AND(ISNUMBER(F12),ISNUMBER(G12),G12<F12),AND(ISNUMBER(H12),ISNUMBER(I12),I12<H12),AND(ISNUMBER(J12),J12<0),AND(ISNUMBER(K12),K12<0)),"要確認：時刻・時間・料金",IF(COUNTIFS(OtherPorts[作業日],A12,OtherPorts[曳船名],B12,OtherPorts[船名],D12,OtherPorts[門司港発],F12)>1,"要確認：同じ他港作業が重複",IF(OR(NOT(ISNUMBER(O12)),M12="未確認"),"要確認：時間・根拠未確認","確認済"))))) | S12: =IF(B12="","",IF(ISNUMBER(K12),0,1))
O13: =IF(B13="","",IF(AND(ISNUMBER(F13),ISNUMBER(I13),I13>=F13),ROUND((I13-F13)*24,4),IF(OR(F13<>"",I13<>""),"",IF(AND(ISNUMBER(J13),J13>=0),J13,"")))) | P13: =IF(B13="","",IF(AND(ISNUMBER(F13),ISNUMBER(I13),I13>=F13),"実績：門司発～門司着",IF(OR(F13<>"",I13<>""),"要確認：時刻不足・逆転",IF(AND(ISNUMBER(J13),J13>=0),"実績：記録の時間","未確認")))) | Q13: =IF(B13="","",IF(ISNUMBER(A13),YEAR(A13)-IF(MONTH(A13)<4,1,0),"")) | R13: =IF(B13="","",IF(OR(NOT(ISNUMBER(A13)),C13="",D13="",L13="",M13="",AND(B13<>"関豊丸",B13<>"長豊丸")),"要確認：対象船・基本項目",IF(OR(P13="要確認：時刻不足・逆転",AND(ISNUMBER(G13),ISNUMBER(H13),H13<G13),AND(ISNUMBER(F13),ISNUMBER(G13),G13<F13),AND(ISNUMBER(H13),ISNUMBER(I13),I13<H13),AND(ISNUMBER(J13),J13<0),AND(ISNUMBER(K13),K13<0)),"要確認：時刻・時間・料金",IF(COUNTIFS(OtherPorts[作業日],A13,OtherPorts[曳船名],B13,OtherPorts[船名],D13,OtherPorts[門司港発],F13)>1,"要確認：同じ他港作業が重複",IF(OR(NOT(ISNUMBER(O13)),M13="未確認"),"要確認：時間・根拠未確認","確認済"))))) | S13: =IF(B13="","",IF(ISNUMBER(K13),0,1))
O14: =IF(B14="","",IF(AND(ISNUMBER(F14),ISNUMBER(I14),I14>=F14),ROUND((I14-F14)*24,4),IF(OR(F14<>"",I14<>""),"",IF(AND(ISNUMBER(J14),J14>=0),J14,"")))) | P14: =IF(B14="","",IF(AND(ISNUMBER(F14),ISNUMBER(I14),I14>=F14),"実績：門司発～門司着",IF(OR(F14<>"",I14<>""),"要確認：時刻不足・逆転",IF(AND(ISNUMBER(J14),J14>=0),"実績：記録の時間","未確認")))) | Q14: =IF(B14="","",IF(ISNUMBER(A14),YEAR(A14)-IF(MONTH(A14)<4,1,0),"")) | R14: =IF(B14="","",IF(OR(NOT(ISNUMBER(A14)),C14="",D14="",L14="",M14="",AND(B14<>"関豊丸",B14<>"長豊丸")),"要確認：対象船・基本項目",IF(OR(P14="要確認：時刻不足・逆転",AND(ISNUMBER(G14),ISNUMBER(H14),H14<G14),AND(ISNUMBER(F14),ISNUMBER(G14),G14<F14),AND(ISNUMBER(H14),ISNUMBER(I14),I14<H14),AND(ISNUMBER(J14),J14<0),AND(ISNUMBER(K14),K14<0)),"要確認：時刻・時間・料金",IF(COUNTIFS(OtherPorts[作業日],A14,OtherPorts[曳船名],B14,OtherPorts[船名],D14,OtherPorts[門司港発],F14)>1,"要確認：同じ他港作業が重複",IF(OR(NOT(ISNUMBER(O14)),M14="未確認"),"要確認：時間・根拠未確認","確認済"))))) | S14: =IF(B14="","",IF(ISNUMBER(K14),0,1))
O15: =IF(B15="","",IF(AND(ISNUMBER(F15),ISNUMBER(I15),I15>=F15),ROUND((I15-F15)*24,4),IF(OR(F15<>"",I15<>""),"",IF(AND(ISNUMBER(J15),J15>=0),J15,"")))) | P15: =IF(B15="","",IF(AND(ISNUMBER(F15),ISNUMBER(I15),I15>=F15),"実績：門司発～門司着",IF(OR(F15<>"",I15<>""),"要確認：時刻不足・逆転",IF(AND(ISNUMBER(J15),J15>=0),"実績：記録の時間","未確認")))) | Q15: =IF(B15="","",IF(ISNUMBER(A15),YEAR(A15)-IF(MONTH(A15)<4,1,0),"")) | R15: =IF(B15="","",IF(OR(NOT(ISNUMBER(A15)),C15="",D15="",L15="",M15="",AND(B15<>"関豊丸",B15<>"長豊丸")),"要確認：対象船・基本項目",IF(OR(P15="要確認：時刻不足・逆転",AND(ISNUMBER(G15),ISNUMBER(H15),H15<G15),AND(ISNUMBER(F15),ISNUMBER(G15),G15<F15),AND(ISNUMBER(H15),ISNUMBER(I15),I15<H15),AND(ISNUMBER(J15),J15<0),AND(ISNUMBER(K15),K15<0)),"要確認：時刻・時間・料金",IF(COUNTIFS(OtherPorts[作業日],A15,OtherPorts[曳船名],B15,OtherPorts[船名],D15,OtherPorts[門司港発],F15)>1,"要確認：同じ他港作業が重複",IF(OR(NOT(ISNUMBER(O15)),M15="未確認"),"要確認：時間・根拠未確認","確認済"))))) | S15: =IF(B15="","",IF(ISNUMBER(K15),0,1))
O16: =IF(B16="","",IF(AND(ISNUMBER(F16),ISNUMBER(I16),I16>=F16),ROUND((I16-F16)*24,4),IF(OR(F16<>"",I16<>""),"",IF(AND(ISNUMBER(J16),J16>=0),J16,"")))) | P16: =IF(B16="","",IF(AND(ISNUMBER(F16),ISNUMBER(I16),I16>=F16),"実績：門司発～門司着",IF(OR(F16<>"",I16<>""),"要確認：時刻不足・逆転",IF(AND(ISNUMBER(J16),J16>=0),"実績：記録の時間","未確認")))) | Q16: =IF(B16="","",IF(ISNUMBER(A16),YEAR(A16)-IF(MONTH(A16)<4,1,0),"")) | R16: =IF(B16="","",IF(OR(NOT(ISNUMBER(A16)),C16="",D16="",L16="",M16="",AND(B16<>"関豊丸",B16<>"長豊丸")),"要確認：対象船・基本項目",IF(OR(P16="要確認：時刻不足・逆転",AND(ISNUMBER(G16),ISNUMBER(H16),H16<G16),AND(ISNUMBER(F16),ISNUMBER(G16),G16<F16),AND(ISNUMBER(H16),ISNUMBER(I16),I16<H16),AND(ISNUMBER(J16),J16<0),AND(ISNUMBER(K16),K16<0)),"要確認：時刻・時間・料金",IF(COUNTIFS(OtherPorts[作業日],A16,OtherPorts[曳船名],B16,OtherPorts[船名],D16,OtherPorts[門司港発],F16)>1,"要確認：同じ他港作業が重複",IF(OR(NOT(ISNUMBER(O16)),M16="未確認"),"要確認：時間・根拠未確認","確認済"))))) | S16: =IF(B16="","",IF(ISNUMBER(K16),0,1))
O17: =IF(B17="","",IF(AND(ISNUMBER(F17),ISNUMBER(I17),I17>=F17),ROUND((I17-F17)*24,4),IF(OR(F17<>"",I17<>""),"",IF(AND(ISNUMBER(J17),J17>=0),J17,"")))) | P17: =IF(B17="","",IF(AND(ISNUMBER(F17),ISNUMBER(I17),I17>=F17),"実績：門司発～門司着",IF(OR(F17<>"",I17<>""),"要確認：時刻不足・逆転",IF(AND(ISNUMBER(J17),J17>=0),"実績：記録の時間","未確認")))) | Q17: =IF(B17="","",IF(ISNUMBER(A17),YEAR(A17)-IF(MONTH(A17)<4,1,0),"")) | R17: =IF(B17="","",IF(OR(NOT(ISNUMBER(A17)),C17="",D17="",L17="",M17="",AND(B17<>"関豊丸",B17<>"長豊丸")),"要確認：対象船・基本項目",IF(OR(P17="要確認：時刻不足・逆転",AND(ISNUMBER(G17),ISNUMBER(H17),H17<G17),AND(ISNUMBER(F17),ISNUMBER(G17),G17<F17),AND(ISNUMBER(H17),ISNUMBER(I17),I17<H17),AND(ISNUMBER(J17),J17<0),AND(ISNUMBER(K17),K17<0)),"要確認：時刻・時間・料金",IF(COUNTIFS(OtherPorts[作業日],A17,OtherPorts[曳船名],B17,OtherPorts[船名],D17,OtherPorts[門司港発],F17)>1,"要確認：同じ他港作業が重複",IF(OR(NOT(ISNUMBER(O17)),M17="未確認"),"要確認：時間・根拠未確認","確認済"))))) | S17: =IF(B17="","",IF(ISNUMBER(K17),0,1))
O18: =IF(B18="","",IF(AND(ISNUMBER(F18),ISNUMBER(I18),I18>=F18),ROUND((I18-F18)*24,4),IF(OR(F18<>"",I18<>""),"",IF(AND(ISNUMBER(J18),J18>=0),J18,"")))) | P18: =IF(B18="","",IF(AND(ISNUMBER(F18),ISNUMBER(I18),I18>=F18),"実績：門司発～門司着",IF(OR(F18<>"",I18<>""),"要確認：時刻不足・逆転",IF(AND(ISNUMBER(J18),J18>=0),"実績：記録の時間","未確認")))) | Q18: =IF(B18="","",IF(ISNUMBER(A18),YEAR(A18)-IF(MONTH(A18)<4,1,0),"")) | R18: =IF(B18="","",IF(OR(NOT(ISNUMBER(A18)),C18="",D18="",L18="",M18="",AND(B18<>"関豊丸",B18<>"長豊丸")),"要確認：対象船・基本項目",IF(OR(P18="要確認：時刻不足・逆転",AND(ISNUMBER(G18),ISNUMBER(H18),H18<G18),AND(ISNUMBER(F18),ISNUMBER(G18),G18<F18),AND(ISNUMBER(H18),ISNUMBER(I18),I18<H18),AND(ISNUMBER(J18),J18<0),AND(ISNUMBER(K18),K18<0)),"要確認：時刻・時間・料金",IF(COUNTIFS(OtherPorts[作業日],A18,OtherPorts[曳船名],B18,OtherPorts[船名],D18,OtherPorts[門司港発],F18)>1,"要確認：同じ他港作業が重複",IF(OR(NOT(ISNUMBER(O18)),M18="未確認"),"要確認：時間・根拠未確認","確認済"))))) | S18: =IF(B18="","",IF(ISNUMBER(K18),0,1))
O19: =IF(B19="","",IF(AND(ISNUMBER(F19),ISNUMBER(I19),I19>=F19),ROUND((I19-F19)*24,4),IF(OR(F19<>"",I19<>""),"",IF(AND(ISNUMBER(J19),J19>=0),J19,"")))) | P19: =IF(B19="","",IF(AND(ISNUMBER(F19),ISNUMBER(I19),I19>=F19),"実績：門司発～門司着",IF(OR(F19<>"",I19<>""),"要確認：時刻不足・逆転",IF(AND(ISNUMBER(J19),J19>=0),"実績：記録の時間","未確認")))) | Q19: =IF(B19="","",IF(ISNUMBER(A19),YEAR(A19)-IF(MONTH(A19)<4,1,0),"")) | R19: =IF(B19="","",IF(OR(NOT(ISNUMBER(A19)),C19="",D19="",L19="",M19="",AND(B19<>"関豊丸",B19<>"長豊丸")),"要確認：対象船・基本項目",IF(OR(P19="要確認：時刻不足・逆転",AND(ISNUMBER(G19),ISNUMBER(H19),H19<G19),AND(ISNUMBER(F19),ISNUMBER(G19),G19<F19),AND(ISNUMBER(H19),ISNUMBER(I19),I19<H19),AND(ISNUMBER(J19),J19<0),AND(ISNUMBER(K19),K19<0)),"要確認：時刻・時間・料金",IF(COUNTIFS(OtherPorts[作業日],A19,OtherPorts[曳船名],B19,OtherPorts[船名],D19,OtherPorts[門司港発],F19)>1,"要確認：同じ他港作業が重複",IF(OR(NOT(ISNUMBER(O19)),M19="未確認"),"要確認：時間・根拠未確認","確認済"))))) | S19: =IF(B19="","",IF(ISNUMBER(K19),0,1))
... O1507: =IF(B1507="","",IF(AND(ISNUMBER(F1507),ISNUMBER(I1507),I1507>=F1507),ROUND((I1507-F1507)*24,4),IF(OR(F1507<>"",I1507<>""),"",IF(AND(ISNUMBER(J1507),J1507>=0),J1507,"")))) | P1507: =IF(B1507="","",IF(AND(ISNUMBER(F1507),ISNUMBER(I1507),I1507>=F1507),"実績：門司発～門司着",IF(OR(F1507<>"",I1507<>""),"要確認：時刻不足・逆転",IF(AND(ISNUMBER(J1507),J1507>=0),"実績：記録の時間","未確認")))) | Q1507: =IF(B1507="","",IF(ISNUMBER(A1507),YEAR(A1507)-IF(MONTH(A1507)<4,1,0),"")) | R1507: =IF(B1507="","",IF(OR(NOT(ISNUMBER(A1507)),C1507="",D1507="",L1507="",M1507="",AND(B1507<>"関豊丸",B1507<>"長豊丸")),"要確認：対象船・基本項目",IF(OR(P1507="要確認：時刻不足・逆転",AND(ISNUMBER(G1507),ISNUMBER(H1507),H1507<G1507),AND(ISNUMBER(F1507),ISNUMBER(G1507),G1507<F1507),AND(ISNUMBER(H1507),ISNUMBER(I1507),I1507<H1507),AND(ISNUMBER(J1507),J1507<0),AND(ISNUMBER(K1507),K1507<0)),"要確認：時刻・時間・料金",IF(COUNTIFS(OtherPorts[作業日],A1507,OtherPorts[曳船名],B1507,OtherPorts[船名],D1507,OtherPorts[門司港発],F1507)>1,"要確認：同じ他港作業が重複",IF(OR(NOT(ISNUMBER(O1507)),M1507="未確認"),"要確認：時間・根拠未確認","確認済"))))) | S1507: =IF(B1507="","",IF(ISNUMBER(K1507),0,1))

Sheet 応援・時間調整
A2: 応援・時間調整
A3: 1件の応援照会・時間調整につき1行。未依頼と応援不可を分ける。依頼先が複数なら各社を別行に記録し、同じ出来事と分かる船名・日時を残す。記憶しかない事例も「記憶」として残す。
A7: 作業日 | B7: 船名・対象作業 | C7: 必要な開始日時 | D7: 必要な終了日時 | E7: 不足した曳船隻数 | F7: 依頼先会社 | G7: 依頼したか | H7: 依頼日時 | I7: 回答日時 | J7: 応援の回答 | K7: 回答・依頼しなかった理由 | L7: 時間調整の内容 | M7: 水先人・代理店への確認 | N7: 最終対応・結果 | O7: 確認元 | P7: 記録区分 | Q7: 補足 | R7: 年度（自動） | S7: 入力確認（自動）
R8: =IF(B8="","",IF(ISNUMBER(A8),YEAR(A8)-IF(MONTH(A8)<4,1,0),"")) | S8: =IF(B8="","",IF(OR(NOT(ISNUMBER(A8)),G8="",J8="",O8="",P8="",N8=""),"要確認：基本項目不足",IF(OR(AND(G8="依頼しなかった",J8<>"未依頼"),AND(G8="依頼した",OR(F8="",J8="未依頼"))),"要確認：依頼と回答の矛盾",IF(OR(AND(ISNUMBER(C8),ISNUMBER(D8),D8<C8),AND(ISNUMBER(E8),E8<0)),"要確認：必要時間・隻数",IF(OR(P8="未確認",G8="未確認",J8="未確認"),"要確認：未確認を含む","確認済")))))
R9: =IF(B9="","",IF(ISNUMBER(A9),YEAR(A9)-IF(MONTH(A9)<4,1,0),"")) | S9: =IF(B9="","",IF(OR(NOT(ISNUMBER(A9)),G9="",J9="",O9="",P9="",N9=""),"要確認：基本項目不足",IF(OR(AND(G9="依頼しなかった",J9<>"未依頼"),AND(G9="依頼した",OR(F9="",J9="未依頼"))),"要確認：依頼と回答の矛盾",IF(OR(AND(ISNUMBER(C9),ISNUMBER(D9),D9<C9),AND(ISNUMBER(E9),E9<0)),"要確認：必要時間・隻数",IF(OR(P9="未確認",G9="未確認",J9="未確認"),"要確認：未確認を含む","確認済")))))
R10: =IF(B10="","",IF(ISNUMBER(A10),YEAR(A10)-IF(MONTH(A10)<4,1,0),"")) | S10: =IF(B10="","",IF(OR(NOT(ISNUMBER(A10)),G10="",J10="",O10="",P10="",N10=""),"要確認：基本項目不足",IF(OR(AND(G10="依頼しなかった",J10<>"未依頼"),AND(G10="依頼した",OR(F10="",J10="未依頼"))),"要確認：依頼と回答の矛盾",IF(OR(AND(ISNUMBER(C10),ISNUMBER(D10),D10<C10),AND(ISNUMBER(E10),E10<0)),"要確認：必要時間・隻数",IF(OR(P10="未確認",G10="未確認",J10="未確認"),"要確認：未確認を含む","確認済")))))
R11: =IF(B11="","",IF(ISNUMBER(A11),YEAR(A11)-IF(MONTH(A11)<4,1,0),"")) | S11: =IF(B11="","",IF(OR(NOT(ISNUMBER(A11)),G11="",J11="",O11="",P11="",N11=""),"要確認：基本項目不足",IF(OR(AND(G11="依頼しなかった",J11<>"未依頼"),AND(G11="依頼した",OR(F11="",J11="未依頼"))),"要確認：依頼と回答の矛盾",IF(OR(AND(ISNUMBER(C11),ISNUMBER(D11),D11<C11),AND(ISNUMBER(E11),E11<0)),"要確認：必要時間・隻数",IF(OR(P11="未確認",G11="未確認",J11="未確認"),"要確認：未確認を含む","確認済")))))
R12: =IF(B12="","",IF(ISNUMBER(A12),YEAR(A12)-IF(MONTH(A12)<4,1,0),"")) | S12: =IF(B12="","",IF(OR(NOT(ISNUMBER(A12)),G12="",J12="",O12="",P12="",N12=""),"要確認：基本項目不足",IF(OR(AND(G12="依頼しなかった",J12<>"未依頼"),AND(G12="依頼した",OR(F12="",J12="未依頼"))),"要確認：依頼と回答の矛盾",IF(OR(AND(ISNUMBER(C12),ISNUMBER(D12),D12<C12),AND(ISNUMBER(E12),E12<0)),"要確認：必要時間・隻数",IF(OR(P12="未確認",G12="未確認",J12="未確認"),"要確認：未確認を含む","確認済")))))
R13: =IF(B13="","",IF(ISNUMBER(A13),YEAR(A13)-IF(MONTH(A13)<4,1,0),"")) | S13: =IF(B13="","",IF(OR(NOT(ISNUMBER(A13)),G13="",J13="",O13="",P13="",N13=""),"要確認：基本項目不足",IF(OR(AND(G13="依頼しなかった",J13<>"未依頼"),AND(G13="依頼した",OR(F13="",J13="未依頼"))),"要確認：依頼と回答の矛盾",IF(OR(AND(ISNUMBER(C13),ISNUMBER(D13),D13<C13),AND(ISNUMBER(E13),E13<0)),"要確認：必要時間・隻数",IF(OR(P13="未確認",G13="未確認",J13="未確認"),"要確認：未確認を含む","確認済")))))
R14: =IF(B14="","",IF(ISNUMBER(A14),YEAR(A14)-IF(MONTH(A14)<4,1,0),"")) | S14: =IF(B14="","",IF(OR(NOT(ISNUMBER(A14)),G14="",J14="",O14="",P14="",N14=""),"要確認：基本項目不足",IF(OR(AND(G14="依頼しなかった",J14<>"未依頼"),AND(G14="依頼した",OR(F14="",J14="未依頼"))),"要確認：依頼と回答の矛盾",IF(OR(AND(ISNUMBER(C14),ISNUMBER(D14),D14<C14),AND(ISNUMBER(E14),E14<0)),"要確認：必要時間・隻数",IF(OR(P14="未確認",G14="未確認",J14="未確認"),"要確認：未確認を含む","確認済")))))
R15: =IF(B15="","",IF(ISNUMBER(A15),YEAR(A15)-IF(MONTH(A15)<4,1,0),"")) | S15: =IF(B15="","",IF(OR(NOT(ISNUMBER(A15)),G15="",J15="",O15="",P15="",N15=""),"要確認：基本項目不足",IF(OR(AND(G15="依頼しなかった",J15<>"未依頼"),AND(G15="依頼した",OR(F15="",J15="未依頼"))),"要確認：依頼と回答の矛盾",IF(OR(AND(ISNUMBER(C15),ISNUMBER(D15),D15<C15),AND(ISNUMBER(E15),E15<0)),"要確認：必要時間・隻数",IF(OR(P15="未確認",G15="未確認",J15="未確認"),"要確認：未確認を含む","確認済")))))
R16: =IF(B16="","",IF(ISNUMBER(A16),YEAR(A16)-IF(MONTH(A16)<4,1,0),"")) | S16: =IF(B16="","",IF(OR(NOT(ISNUMBER(A16)),G16="",J16="",O16="",P16="",N16=""),"要確認：基本項目不足",IF(OR(AND(G16="依頼しなかった",J16<>"未依頼"),AND(G16="依頼した",OR(F16="",J16="未依頼"))),"要確認：依頼と回答の矛盾",IF(OR(AND(ISNUMBER(C16),ISNUMBER(D16),D16<C16),AND(ISNUMBER(E16),E16<0)),"要確認：必要時間・隻数",IF(OR(P16="未確認",G16="未確認",J16="未確認"),"要確認：未確認を含む","確認済")))))
R17: =IF(B17="","",IF(ISNUMBER(A17),YEAR(A17)-IF(MONTH(A17)<4,1,0),"")) | S17: =IF(B17="","",IF(OR(NOT(ISNUMBER(A17)),G17="",J17="",O17="",P17="",N17=""),"要確認：基本項目不足",IF(OR(AND(G17="依頼しなかった",J17<>"未依頼"),AND(G17="依頼した",OR(F17="",J17="未依頼"))),"要確認：依頼と回答の矛盾",IF(OR(AND(ISNUMBER(C17),ISNUMBER(D17),D17<C17),AND(ISNUMBER(E17),E17<0)),"要確認：必要時間・隻数",IF(OR(P17="未確認",G17="未確認",J17="未確認"),"要確認：未確認を含む","確認済")))))
R18: =IF(B18="","",IF(ISNUMBER(A18),YEAR(A18)-IF(MONTH(A18)<4,1,0),"")) | S18: =IF(B18="","",IF(OR(NOT(ISNUMBER(A18)),G18="",J18="",O18="",P18="",N18=""),"要確認：基本項目不足",IF(OR(AND(G18="依頼しなかった",J18<>"未依頼"),AND(G18="依頼した",OR(F18="",J18="未依頼"))),"要確認：依頼と回答の矛盾",IF(OR(AND(ISNUMBER(C18),ISNUMBER(D18),D18<C18),AND(ISNUMBER(E18),E18<0)),"要確認：必要時間・隻数",IF(OR(P18="未確認",G18="未確認",J18="未確認"),"要確認：未確認を含む","確認済")))))
R19: =IF(B19="","",IF(ISNUMBER(A19),YEAR(A19)-IF(MONTH(A19)<4,1,0),"")) | S19: =IF(B19="","",IF(OR(NOT(ISNUMBER(A19)),G19="",J19="",O19="",P19="",N19=""),"要確認：基本項目不足",IF(OR(AND(G19="依頼しなかった",J19<>"未依頼"),AND(G19="依頼した",OR(F19="",J19="未依頼"))),"要確認：依頼と回答の矛盾",IF(OR(AND(ISNUMBER(C19),ISNUMBER(D19),D19<C19),AND(ISNUMBER(E19),E19<0)),"要確認：必要時間・隻数",IF(OR(P19="未確認",G19="未確認",J19="未確認"),"要確認：未確認を含む","確認済")))))
... R1007: =IF(B1007="","",IF(ISNUMBER(A1007),YEAR(A1007)-IF(MONTH(A1007)<4,1,0),"")) | S1007: =IF(B1007="","",IF(OR(NOT(ISNUMBER(A1007)),G1007="",J1007="",O1007="",P1007="",N1007=""),"要確認：基本項目不足",IF(OR(AND(G1007="依頼しなかった",J1007<>"未依頼"),AND(G1007="依頼した",OR(F1007="",J1007="未依頼"))),"要確認：依頼と回答の矛盾",IF(OR(AND(ISNUMBER(C1007),ISNUMBER(D1007),D1007<C1007),AND(ISNUMBER(E1007),E1007<0)),"要確認：必要時間・隻数",IF(OR(P1007="未確認",G1007="未確認",J1007="未確認"),"要確認：未確認を含む","確認済")))))

Sheet 他社の配備・在港
A2: 他社の配備・在港
A3: 会社の保有隻数だけで応援可能としない。実際の配備・在港・出張を期間とともに記録。料金条件は相手の実際の回答のみ。期間が月単位・推定の場合は補足に精度を記す。
A7: 会社名 | B7: 曳船名（判明時） | C7: 確認期間開始 | D7: 確認期間終了 | E7: 通常の配備場所 | F7: 期間中の実際の所在 | G7: 応援条件・回答内容 | H7: 回答者・確認日 | I7: 確認元 | J7: 記録区分 | K7: 補足 | L7: 入力確認（自動）
L8: =IF(A8="","",IF(OR(COUNTIF(Companies[会社名],A8)<>1,NOT(ISNUMBER(C8)),NOT(ISNUMBER(D8)),D8<C8,F8="",I8="",J8=""),"要確認：会社・期間・所在・根拠",IF(AND(B8<>"",COUNTIF(Tugs[曳船名],B8)<>1),"要確認：曳船未登録・重複",IF(J8="未確認","要確認：未確認を含む","確認済"))))
L9: =IF(A9="","",IF(OR(COUNTIF(Companies[会社名],A9)<>1,NOT(ISNUMBER(C9)),NOT(ISNUMBER(D9)),D9<C9,F9="",I9="",J9=""),"要確認：会社・期間・所在・根拠",IF(AND(B9<>"",COUNTIF(Tugs[曳船名],B9)<>1),"要確認：曳船未登録・重複",IF(J9="未確認","要確認：未確認を含む","確認済"))))
L10: =IF(A10="","",IF(OR(COUNTIF(Companies[会社名],A10)<>1,NOT(ISNUMBER(C10)),NOT(ISNUMBER(D10)),D10<C10,F10="",I10="",J10=""),"要確認：会社・期間・所在・根拠",IF(AND(B10<>"",COUNTIF(Tugs[曳船名],B10)<>1),"要確認：曳船未登録・重複",IF(J10="未確認","要確認：未確認を含む","確認済"))))
L11: =IF(A11="","",IF(OR(COUNTIF(Companies[会社名],A11)<>1,NOT(ISNUMBER(C11)),NOT(ISNUMBER(D11)),D11<C11,F11="",I11="",J11=""),"要確認：会社・期間・所在・根拠",IF(AND(B11<>"",COUNTIF(Tugs[曳船名],B11)<>1),"要確認：曳船未登録・重複",IF(J11="未確認","要確認：未確認を含む","確認済"))))
L12: =IF(A12="","",IF(OR(COUNTIF(Companies[会社名],A12)<>1,NOT(ISNUMBER(C12)),NOT(ISNUMBER(D12)),D12<C12,F12="",I12="",J12=""),"要確認：会社・期間・所在・根拠",IF(AND(B12<>"",COUNTIF(Tugs[曳船名],B12)<>1),"要確認：曳船未登録・重複",IF(J12="未確認","要確認：未確認を含む","確認済"))))
L13: =IF(A13="","",IF(OR(COUNTIF(Companies[会社名],A13)<>1,NOT(ISNUMBER(C13)),NOT(ISNUMBER(D13)),D13<C13,F13="",I13="",J13=""),"要確認：会社・期間・所在・根拠",IF(AND(B13<>"",COUNTIF(Tugs[曳船名],B13)<>1),"要確認：曳船未登録・重複",IF(J13="未確認","要確認：未確認を含む","確認済"))))
L14: =IF(A14="","",IF(OR(COUNTIF(Companies[会社名],A14)<>1,NOT(ISNUMBER(C14)),NOT(ISNUMBER(D14)),D14<C14,F14="",I14="",J14=""),"要確認：会社・期間・所在・根拠",IF(AND(B14<>"",COUNTIF(Tugs[曳船名],B14)<>1),"要確認：曳船未登録・重複",IF(J14="未確認","要確認：未確認を含む","確認済"))))
L15: =IF(A15="","",IF(OR(COUNTIF(Companies[会社名],A15)<>1,NOT(ISNUMBER(C15)),NOT(ISNUMBER(D15)),D15<C15,F15="",I15="",J15=""),"要確認：会社・期間・所在・根拠",IF(AND(B15<>"",COUNTIF(Tugs[曳船名],B15)<>1),"要確認：曳船未登録・重複",IF(J15="未確認","要確認：未確認を含む","確認済"))))
L16: =IF(A16="","",IF(OR(COUNTIF(Companies[会社名],A16)<>1,NOT(ISNUMBER(C16)),NOT(ISNUMBER(D16)),D16<C16,F16="",I16="",J16=""),"要確認：会社・期間・所在・根拠",IF(AND(B16<>"",COUNTIF(Tugs[曳船名],B16)<>1),"要確認：曳船未登録・重複",IF(J16="未確認","要確認：未確認を含む","確認済"))))
L17: =IF(A17="","",IF(OR(COUNTIF(Companies[会社名],A17)<>1,NOT(ISNUMBER(C17)),NOT(ISNUMBER(D17)),D17<C17,F17="",I17="",J17=""),"要確認：会社・期間・所在・根拠",IF(AND(B17<>"",COUNTIF(Tugs[曳船名],B17)<>1),"要確認：曳船未登録・重複",IF(J17="未確認","要確認：未確認を含む","確認済"))))
L18: =IF(A18="","",IF(OR(COUNTIF(Companies[会社名],A18)<>1,NOT(ISNUMBER(C18)),NOT(ISNUMBER(D18)),D18<C18,F18="",I18="",J18=""),"要確認：会社・期間・所在・根拠",IF(AND(B18<>"",COUNTIF(Tugs[曳船名],B18)<>1),"要確認：曳船未登録・重複",IF(J18="未確認","要確認：未確認を含む","確認済"))))
L19: =IF(A19="","",IF(OR(COUNTIF(Companies[会社名],A19)<>1,NOT(ISNUMBER(C19)),NOT(ISNUMBER(D19)),D19<C19,F19="",I19="",J19=""),"要確認：会社・期間・所在・根拠",IF(AND(B19<>"",COUNTIF(Tugs[曳船名],B19)<>1),"要確認：曳船未登録・重複",IF(J19="未確認","要確認：未確認を含む","確認済"))))
... L1007: =IF(A1007="","",IF(OR(COUNTIF(Companies[会社名],A1007)<>1,NOT(ISNUMBER(C1007)),NOT(ISNUMBER(D1007)),D1007<C1007,F1007="",I1007="",J1007=""),"要確認：会社・期間・所在・根拠",IF(AND(B1007<>"",COUNTIF(Tugs[曳船名],B1007)<>1),"要確認：曳船未登録・重複",IF(J1007="未確認","要確認：未確認を含む","確認済"))))

Sheet LNG警戒・交代
A2: LNG警戒・交代
A3: 警戒は1隻・1警戒区間につき1行。交代後の船は次行に実際の担当時間だけ入力。入出港・回頭・エスコートは「予定・実績」に記入し、ここへ重複入力しない。
A7: 船名 | B7: 入港日（同一航海） | C7: 出港日 | D7: 曳船名 | E7: 警戒開始日時 | F7: 警戒終了日時 | G7: 基地発（実績） | H7: 基地着（実績） | I7: 拘束h（記録の時間） | J7: 交代先の曳船名 | K7: 曳船の交代日時 | L7: 乗組員の交代日時 | M7: 交代人数 | N7: 乗組員の勤務・休息 | O7: 確認元 | P7: 記録区分 | Q7: 補足 | R7: 会社（自動） | S7: 基地港（自動） | T7: 泊数（自動） | U7: 警戒h（自動） | V7: 基地発着拘束h（自動） | W7: 時間根拠（自動） | X7: 年度（自動） | Y7: 入力確認（自動）
R8: =IF(D8="","",IF(COUNTIF(Tugs[曳船名],D8)<>1,"未登録・重複",IF(INDEX(Tugs[会社名],MATCH(D8,Tugs[曳船名],0))="","未確認",INDEX(Tugs[会社名],MATCH(D8,Tugs[曳船名],0))))) | S8: =IF(D8="","",IF(COUNTIF(Tugs[曳船名],D8)<>1,"未登録・重複",IF(INDEX(Tugs[基地港],MATCH(D8,Tugs[曳船名],0))="","未確認",INDEX(Tugs[基地港],MATCH(D8,Tugs[曳船名],0))))) | T8: =IF(A8="","",IF(AND(ISNUMBER(B8),ISNUMBER(C8),C8>=B8),INT(C8)-INT(B8),"")) | U8: =IF(A8="","",IF(AND(ISNUMBER(E8),ISNUMBER(F8),F8>=E8),ROUND((F8-E8)*24,4),"")) | V8: =IF(A8="","",IF(AND(ISNUMBER(G8),ISNUMBER(H8),H8>=G8),ROUND((H8-G8)*24,4),IF(OR(G8<>"",H8<>""),"",IF(AND(ISNUMBER(I8),I8>=0),I8,"")))) | W8: =IF(A8="","",IF(AND(ISNUMBER(G8),ISNUMBER(H8),H8>=G8),"実績：基地発～基地着",IF(OR(G8<>"",H8<>""),"要確認：時刻不足・逆転",IF(AND(ISNUMBER(I8),I8>=0),"実績：記録の時間","未確認")))) | X8: =IF(A8="","",IF(ISNUMBER(B8),YEAR(B8)-IF(MONTH(B8)<4,1,0),"")) | Y8: =IF(A8="","",IF(OR(D8="",NOT(ISNUMBER(B8)),NOT(ISNUMBER(C8)),C8<B8,NOT(ISNUMBER(E8)),NOT(ISNUMBER(F8)),F8<E8,O8="",P8="",R8="未登録・重複"),"要確認：警戒区間・登録・根拠",IF(OR(W8="要確認：時刻不足・逆転",AND(ISNUMBER(G8),G8>E8),AND(ISNUMBER(H8),H8<F8),AND(ISNUMBER(I8),I8<0),AND(ISNUMBER(M8),M8<0)),"要確認：基地発着・交代人数",IF(COUNTIFS(LNGWatch[船名],A8,LNGWatch[入港日（同一航海）],B8,LNGWatch[曳船名],D8,LNGWatch[警戒開始日時],E8)>1,"要確認：同じ警戒が重複",IF(OR(NOT(ISNUMBER(V8)),P8="未確認"),"要確認：拘束時間・根拠未確認","確認済")))))
R9: =IF(D9="","",IF(COUNTIF(Tugs[曳船名],D9)<>1,"未登録・重複",IF(INDEX(Tugs[会社名],MATCH(D9,Tugs[曳船名],0))="","未確認",INDEX(Tugs[会社名],MATCH(D9,Tugs[曳船名],0))))) | S9: =IF(D9="","",IF(COUNTIF(Tugs[曳船名],D9)<>1,"未登録・重複",IF(INDEX(Tugs[基地港],MATCH(D9,Tugs[曳船名],0))="","未確認",INDEX(Tugs[基地港],MATCH(D9,Tugs[曳船名],0))))) | T9: =IF(A9="","",IF(AND(ISNUMBER(B9),ISNUMBER(C9),C9>=B9),INT(C9)-INT(B9),"")) | U9: =IF(A9="","",IF(AND(ISNUMBER(E9),ISNUMBER(F9),F9>=E9),ROUND((F9-E9)*24,4),"")) | V9: =IF(A9="","",IF(AND(ISNUMBER(G9),ISNUMBER(H9),H9>=G9),ROUND((H9-G9)*24,4),IF(OR(G9<>"",H9<>""),"",IF(AND(ISNUMBER(I9),I9>=0),I9,"")))) | W9: =IF(A9="","",IF(AND(ISNUMBER(G9),ISNUMBER(H9),H9>=G9),"実績：基地発～基地着",IF(OR(G9<>"",H9<>""),"要確認：時刻不足・逆転",IF(AND(ISNUMBER(I9),I9>=0),"実績：記録の時間","未確認")))) | X9: =IF(A9="","",IF(ISNUMBER(B9),YEAR(B9)-IF(MONTH(B9)<4,1,0),"")) | Y9: =IF(A9="","",IF(OR(D9="",NOT(ISNUMBER(B9)),NOT(ISNUMBER(C9)),C9<B9,NOT(ISNUMBER(E9)),NOT(ISNUMBER(F9)),F9<E9,O9="",P9="",R9="未登録・重複"),"要確認：警戒区間・登録・根拠",IF(OR(W9="要確認：時刻不足・逆転",AND(ISNUMBER(G9),G9>E9),AND(ISNUMBER(H9),H9<F9),AND(ISNUMBER(I9),I9<0),AND(ISNUMBER(M9),M9<0)),"要確認：基地発着・交代人数",IF(COUNTIFS(LNGWatch[船名],A9,LNGWatch[入港日（同一航海）],B9,LNGWatch[曳船名],D9,LNGWatch[警戒開始日時],E9)>1,"要確認：同じ警戒が重複",IF(OR(NOT(ISNUMBER(V9)),P9="未確認"),"要確認：拘束時間・根拠未確認","確認済")))))
R10: =IF(D10="","",IF(COUNTIF(Tugs[曳船名],D10)<>1,"未登録・重複",IF(INDEX(Tugs[会社名],MATCH(D10,Tugs[曳船名],0))="","未確認",INDEX(Tugs[会社名],MATCH(D10,Tugs[曳船名],0))))) | S10: =IF(D10="","",IF(COUNTIF(Tugs[曳船名],D10)<>1,"未登録・重複",IF(INDEX(Tugs[基地港],MATCH(D10,Tugs[曳船名],0))="","未確認",INDEX(Tugs[基地港],MATCH(D10,Tugs[曳船名],0))))) | T10: =IF(A10="","",IF(AND(ISNUMBER(B10),ISNUMBER(C10),C10>=B10),INT(C10)-INT(B10),"")) | U10: =IF(A10="","",IF(AND(ISNUMBER(E10),ISNUMBER(F10),F10>=E10),ROUND((F10-E10)*24,4),"")) | V10: =IF(A10="","",IF(AND(ISNUMBER(G10),ISNUMBER(H10),H10>=G10),ROUND((H10-G10)*24,4),IF(OR(G10<>"",H10<>""),"",IF(AND(ISNUMBER(I10),I10>=0),I10,"")))) | W10: =IF(A10="","",IF(AND(ISNUMBER(G10),ISNUMBER(H10),H10>=G10),"実績：基地発～基地着",IF(OR(G10<>"",H10<>""),"要確認：時刻不足・逆転",IF(AND(ISNUMBER(I10),I10>=0),"実績：記録の時間","未確認")))) | X10: =IF(A10="","",IF(ISNUMBER(B10),YEAR(B10)-IF(MONTH(B10)<4,1,0),"")) | Y10: =IF(A10="","",IF(OR(D10="",NOT(ISNUMBER(B10)),NOT(ISNUMBER(C10)),C10<B10,NOT(ISNUMBER(E10)),NOT(ISNUMBER(F10)),F10<E10,O10="",P10="",R10="未登録・重複"),"要確認：警戒区間・登録・根拠",IF(OR(W10="要確認：時刻不足・逆転",AND(ISNUMBER(G10),G10>E10),AND(ISNUMBER(H10),H10<F10),AND(ISNUMBER(I10),I10<0),AND(ISNUMBER(M10),M10<0)),"要確認：基地発着・交代人数",IF(COUNTIFS(LNGWatch[船名],A10,LNGWatch[入港日（同一航海）],B10,LNGWatch[曳船名],D10,LNGWatch[警戒開始日時],E10)>1,"要確認：同じ警戒が重複",IF(OR(NOT(ISNUMBER(V10)),P10="未確認"),"要確認：拘束時間・根拠未確認","確認済")))))
R11: =IF(D11="","",IF(COUNTIF(Tugs[曳船名],D11)<>1,"未登録・重複",IF(INDEX(Tugs[会社名],MATCH(D11,Tugs[曳船名],0))="","未確認",INDEX(Tugs[会社名],MATCH(D11,Tugs[曳船名],0))))) | S11: =IF(D11="","",IF(COUNTIF(Tugs[曳船名],D11)<>1,"未登録・重複",IF(INDEX(Tugs[基地港],MATCH(D11,Tugs[曳船名],0))="","未確認",INDEX(Tugs[基地港],MATCH(D11,Tugs[曳船名],0))))) | T11: =IF(A11="","",IF(AND(ISNUMBER(B11),ISNUMBER(C11),C11>=B11),INT(C11)-INT(B11),"")) | U11: =IF(A11="","",IF(AND(ISNUMBER(E11),ISNUMBER(F11),F11>=E11),ROUND((F11-E11)*24,4),"")) | V11: =IF(A11="","",IF(AND(ISNUMBER(G11),ISNUMBER(H11),H11>=G11),ROUND((H11-G11)*24,4),IF(OR(G11<>"",H11<>""),"",IF(AND(ISNUMBER(I11),I11>=0),I11,"")))) | W11: =IF(A11="","",IF(AND(ISNUMBER(G11),ISNUMBER(H11),H11>=G11),"実績：基地発～基地着",IF(OR(G11<>"",H11<>""),"要確認：時刻不足・逆転",IF(AND(ISNUMBER(I11),I11>=0),"実績：記録の時間","未確認")))) | X11: =IF(A11="","",IF(ISNUMBER(B11),YEAR(B11)-IF(MONTH(B11)<4,1,0),"")) | Y11: =IF(A11="","",IF(OR(D11="",NOT(ISNUMBER(B11)),NOT(ISNUMBER(C11)),C11<B11,NOT(ISNUMBER(E11)),NOT(ISNUMBER(F11)),F11<E11,O11="",P11="",R11="未登録・重複"),"要確認：警戒区間・登録・根拠",IF(OR(W11="要確認：時刻不足・逆転",AND(ISNUMBER(G11),G11>E11),AND(ISNUMBER(H11),H11<F11),AND(ISNUMBER(I11),I11<0),AND(ISNUMBER(M11),M11<0)),"要確認：基地発着・交代人数",IF(COUNTIFS(LNGWatch[船名],A11,LNGWatch[入港日（同一航海）],B11,LNGWatch[曳船名],D11,LNGWatch[警戒開始日時],E11)>1,"要確認：同じ警戒が重複",IF(OR(NOT(ISNUMBER(V11)),P11="未確認"),"要確認：拘束時間・根拠未確認","確認済")))))
R12: =IF(D12="","",IF(COUNTIF(Tugs[曳船名],D12)<>1,"未登録・重複",IF(INDEX(Tugs[会社名],MATCH(D12,Tugs[曳船名],0))="","未確認",INDEX(Tugs[会社名],MATCH(D12,Tugs[曳船名],0))))) | S12: =IF(D12="","",IF(COUNTIF(Tugs[曳船名],D12)<>1,"未登録・重複",IF(INDEX(Tugs[基地港],MATCH(D12,Tugs[曳船名],0))="","未確認",INDEX(Tugs[基地港],MATCH(D12,Tugs[曳船名],0))))) | T12: =IF(A12="","",IF(AND(ISNUMBER(B12),ISNUMBER(C12),C12>=B12),INT(C12)-INT(B12),"")) | U12: =IF(A12="","",IF(AND(ISNUMBER(E12),ISNUMBER(F12),F12>=E12),ROUND((F12-E12)*24,4),"")) | V12: =IF(A12="","",IF(AND(ISNUMBER(G12),ISNUMBER(H12),H12>=G12),ROUND((H12-G12)*24,4),IF(OR(G12<>"",H12<>""),"",IF(AND(ISNUMBER(I12),I12>=0),I12,"")))) | W12: =IF(A12="","",IF(AND(ISNUMBER(G12),ISNUMBER(H12),H12>=G12),"実績：基地発～基地着",IF(OR(G12<>"",H12<>""),"要確認：時刻不足・逆転",IF(AND(ISNUMBER(I12),I12>=0),"実績：記録の時間","未確認")))) | X12: =IF(A12="","",IF(ISNUMBER(B12),YEAR(B12)-IF(MONTH(B12)<4,1,0),"")) | Y12: =IF(A12="","",IF(OR(D12="",NOT(ISNUMBER(B12)),NOT(ISNUMBER(C12)),C12<B12,NOT(ISNUMBER(E12)),NOT(ISNUMBER(F12)),F12<E12,O12="",P12="",R12="未登録・重複"),"要確認：警戒区間・登録・根拠",IF(OR(W12="要確認：時刻不足・逆転",AND(ISNUMBER(G12),G12>E12),AND(ISNUMBER(H12),H12<F12),AND(ISNUMBER(I12),I12<0),AND(ISNUMBER(M12),M12<0)),"要確認：基地発着・交代人数",IF(COUNTIFS(LNGWatch[船名],A12,LNGWatch[入港日（同一航海）],B12,LNGWatch[曳船名],D12,LNGWatch[警戒開始日時],E12)>1,"要確認：同じ警戒が重複",IF(OR(NOT(ISNUMBER(V12)),P12="未確認"),"要確認：拘束時間・根拠未確認","確認済")))))
R13: =IF(D13="","",IF(COUNTIF(Tugs[曳船名],D13)<>1,"未登録・重複",IF(INDEX(Tugs[会社名],MATCH(D13,Tugs[曳船名],0))="","未確認",INDEX(Tugs[会社名],MATCH(D13,Tugs[曳船名],0))))) | S13: =IF(D13="","",IF(COUNTIF(Tugs[曳船名],D13)<>1,"未登録・重複",IF(INDEX(Tugs[基地港],MATCH(D13,Tugs[曳船名],0))="","未確認",INDEX(Tugs[基地港],MATCH(D13,Tugs[曳船名],0))))) | T13: =IF(A13="","",IF(AND(ISNUMBER(B13),ISNUMBER(C13),C13>=B13),INT(C13)-INT(B13),"")) | U13: =IF(A13="","",IF(AND(ISNUMBER(E13),ISNUMBER(F13),F13>=E13),ROUND((F13-E13)*24,4),"")) | V13: =IF(A13="","",IF(AND(ISNUMBER(G13),ISNUMBER(H13),H13>=G13),ROUND((H13-G13)*24,4),IF(OR(G13<>"",H13<>""),"",IF(AND(ISNUMBER(I13),I13>=0),I13,"")))) | W13: =IF(A13="","",IF(AND(ISNUMBER(G13),ISNUMBER(H13),H13>=G13),"実績：基地発～基地着",IF(OR(G13<>"",H13<>""),"要確認：時刻不足・逆転",IF(AND(ISNUMBER(I13),I13>=0),"実績：記録の時間","未確認")))) | X13: =IF(A13="","",IF(ISNUMBER(B13),YEAR(B13)-IF(MONTH(B13)<4,1,0),"")) | Y13: =IF(A13="","",IF(OR(D13="",NOT(ISNUMBER(B13)),NOT(ISNUMBER(C13)),C13<B13,NOT(ISNUMBER(E13)),NOT(ISNUMBER(F13)),F13<E13,O13="",P13="",R13="未登録・重複"),"要確認：警戒区間・登録・根拠",IF(OR(W13="要確認：時刻不足・逆転",AND(ISNUMBER(G13),G13>E13),AND(ISNUMBER(H13),H13<F13),AND(ISNUMBER(I13),I13<0),AND(ISNUMBER(M13),M13<0)),"要確認：基地発着・交代人数",IF(COUNTIFS(LNGWatch[船名],A13,LNGWatch[入港日（同一航海）],B13,LNGWatch[曳船名],D13,LNGWatch[警戒開始日時],E13)>1,"要確認：同じ警戒が重複",IF(OR(NOT(ISNUMBER(V13)),P13="未確認"),"要確認：拘束時間・根拠未確認","確認済")))))
R14: =IF(D14="","",IF(COUNTIF(Tugs[曳船名],D14)<>1,"未登録・重複",IF(INDEX(Tugs[会社名],MATCH(D14,Tugs[曳船名],0))="","未確認",INDEX(Tugs[会社名],MATCH(D14,Tugs[曳船名],0))))) | S14: =IF(D14="","",IF(COUNTIF(Tugs[曳船名],D14)<>1,"未登録・重複",IF(INDEX(Tugs[基地港],MATCH(D14,Tugs[曳船名],0))="","未確認",INDEX(Tugs[基地港],MATCH(D14,Tugs[曳船名],0))))) | T14: =IF(A14="","",IF(AND(ISNUMBER(B14),ISNUMBER(C14),C14>=B14),INT(C14)-INT(B14),"")) | U14: =IF(A14="","",IF(AND(ISNUMBER(E14),ISNUMBER(F14),F14>=E14),ROUND((F14-E14)*24,4),"")) | V14: =IF(A14="","",IF(AND(ISNUMBER(G14),ISNUMBER(H14),H14>=G14),ROUND((H14-G14)*24,4),IF(OR(G14<>"",H14<>""),"",IF(AND(ISNUMBER(I14),I14>=0),I14,"")))) | W14: =IF(A14="","",IF(AND(ISNUMBER(G14),ISNUMBER(H14),H14>=G14),"実績：基地発～基地着",IF(OR(G14<>"",H14<>""),"要確認：時刻不足・逆転",IF(AND(ISNUMBER(I14),I14>=0),"実績：記録の時間","未確認")))) | X14: =IF(A14="","",IF(ISNUMBER(B14),YEAR(B14)-IF(MONTH(B14)<4,1,0),"")) | Y14: =IF(A14="","",IF(OR(D14="",NOT(ISNUMBER(B14)),NOT(ISNUMBER(C14)),C14<B14,NOT(ISNUMBER(E14)),NOT(ISNUMBER(F14)),F14<E14,O14="",P14="",R14="未登録・重複"),"要確認：警戒区間・登録・根拠",IF(OR(W14="要確認：時刻不足・逆転",AND(ISNUMBER(G14),G14>E14),AND(ISNUMBER(H14),H14<F14),AND(ISNUMBER(I14),I14<0),AND(ISNUMBER(M14),M14<0)),"要確認：基地発着・交代人数",IF(COUNTIFS(LNGWatch[船名],A14,LNGWatch[入港日（同一航海）],B14,LNGWatch[曳船名],D14,LNGWatch[警戒開始日時],E14)>1,"要確認：同じ警戒が重複",IF(OR(NOT(ISNUMBER(V14)),P14="未確認"),"要確認：拘束時間・根拠未確認","確認済")))))
R15: =IF(D15="","",IF(COUNTIF(Tugs[曳船名],D15)<>1,"未登録・重複",IF(INDEX(Tugs[会社名],MATCH(D15,Tugs[曳船名],0))="","未確認",INDEX(Tugs[会社名],MATCH(D15,Tugs[曳船名],0))))) | S15: =IF(D15="","",IF(COUNTIF(Tugs[曳船名],D15)<>1,"未登録・重複",IF(INDEX(Tugs[基地港],MATCH(D15,Tugs[曳船名],0))="","未確認",INDEX(Tugs[基地港],MATCH(D15,Tugs[曳船名],0))))) | T15: =IF(A15="","",IF(AND(ISNUMBER(B15),ISNUMBER(C15),C15>=B15),INT(C15)-INT(B15),"")) | U15: =IF(A15="","",IF(AND(ISNUMBER(E15),ISNUMBER(F15),F15>=E15),ROUND((F15-E15)*24,4),"")) | V15: =IF(A15="","",IF(AND(ISNUMBER(G15),ISNUMBER(H15),H15>=G15),ROUND((H15-G15)*24,4),IF(OR(G15<>"",H15<>""),"",IF(AND(ISNUMBER(I15),I15>=0),I15,"")))) | W15: =IF(A15="","",IF(AND(ISNUMBER(G15),ISNUMBER(H15),H15>=G15),"実績：基地発～基地着",IF(OR(G15<>"",H15<>""),"要確認：時刻不足・逆転",IF(AND(ISNUMBER(I15),I15>=0),"実績：記録の時間","未確認")))) | X15: =IF(A15="","",IF(ISNUMBER(B15),YEAR(B15)-IF(MONTH(B15)<4,1,0),"")) | Y15: =IF(A15="","",IF(OR(D15="",NOT(ISNUMBER(B15)),NOT(ISNUMBER(C15)),C15<B15,NOT(ISNUMBER(E15)),NOT(ISNUMBER(F15)),F15<E15,O15="",P15="",R15="未登録・重複"),"要確認：警戒区間・登録・根拠",IF(OR(W15="要確認：時刻不足・逆転",AND(ISNUMBER(G15),G15>E15),AND(ISNUMBER(H15),H15<F15),AND(ISNUMBER(I15),I15<0),AND(ISNUMBER(M15),M15<0)),"要確認：基地発着・交代人数",IF(COUNTIFS(LNGWatch[船名],A15,LNGWatch[入港日（同一航海）],B15,LNGWatch[曳船名],D15,LNGWatch[警戒開始日時],E15)>1,"要確認：同じ警戒が重複",IF(OR(NOT(ISNUMBER(V15)),P15="未確認"),"要確認：拘束時間・根拠未確認","確認済")))))
R16: =IF(D16="","",IF(COUNTIF(Tugs[曳船名],D16)<>1,"未登録・重複",IF(INDEX(Tugs[会社名],MATCH(D16,Tugs[曳船名],0))="","未確認",INDEX(Tugs[会社名],MATCH(D16,Tugs[曳船名],0))))) | S16: =IF(D16="","",IF(COUNTIF(Tugs[曳船名],D16)<>1,"未登録・重複",IF(INDEX(Tugs[基地港],MATCH(D16,Tugs[曳船名],0))="","未確認",INDEX(Tugs[基地港],MATCH(D16,Tugs[曳船名],0))))) | T16: =IF(A16="","",IF(AND(ISNUMBER(B16),ISNUMBER(C16),C16>=B16),INT(C16)-INT(B16),"")) | U16: =IF(A16="","",IF(AND(ISNUMBER(E16),ISNUMBER(F16),F16>=E16),ROUND((F16-E16)*24,4),"")) | V16: =IF(A16="","",IF(AND(ISNUMBER(G16),ISNUMBER(H16),H16>=G16),ROUND((H16-G16)*24,4),IF(OR(G16<>"",H16<>""),"",IF(AND(ISNUMBER(I16),I16>=0),I16,"")))) | W16: =IF(A16="","",IF(AND(ISNUMBER(G16),ISNUMBER(H16),H16>=G16),"実績：基地発～基地着",IF(OR(G16<>"",H16<>""),"要確認：時刻不足・逆転",IF(AND(ISNUMBER(I16),I16>=0),"実績：記録の時間","未確認")))) | X16: =IF(A16="","",IF(ISNUMBER(B16),YEAR(B16)-IF(MONTH(B16)<4,1,0),"")) | Y16: =IF(A16="","",IF(OR(D16="",NOT(ISNUMBER(B16)),NOT(ISNUMBER(C16)),C16<B16,NOT(ISNUMBER(E16)),NOT(ISNUMBER(F16)),F16<E16,O16="",P16="",R16="未登録・重複"),"要確認：警戒区間・登録・根拠",IF(OR(W16="要確認：時刻不足・逆転",AND(ISNUMBER(G16),G16>E16),AND(ISNUMBER(H16),H16<F16),AND(ISNUMBER(I16),I16<0),AND(ISNUMBER(M16),M16<0)),"要確認：基地発着・交代人数",IF(COUNTIFS(LNGWatch[船名],A16,LNGWatch[入港日（同一航海）],B16,LNGWatch[曳船名],D16,LNGWatch[警戒開始日時],E16)>1,"要確認：同じ警戒が重複",IF(OR(NOT(ISNUMBER(V16)),P16="未確認"),"要確認：拘束時間・根拠未確認","確認済")))))
R17: =IF(D17="","",IF(COUNTIF(Tugs[曳船名],D17)<>1,"未登録・重複",IF(INDEX(Tugs[会社名],MATCH(D17,Tugs[曳船名],0))="","未確認",INDEX(Tugs[会社名],MATCH(D17,Tugs[曳船名],0))))) | S17: =IF(D17="","",IF(COUNTIF(Tugs[曳船名],D17)<>1,"未登録・重複",IF(INDEX(Tugs[基地港],MATCH(D17,Tugs[曳船名],0))="","未確認",INDEX(Tugs[基地港],MATCH(D17,Tugs[曳船名],0))))) | T17: =IF(A17="","",IF(AND(ISNUMBER(B17),ISNUMBER(C17),C17>=B17),INT(C17)-INT(B17),"")) | U17: =IF(A17="","",IF(AND(ISNUMBER(E17),ISNUMBER(F17),F17>=E17),ROUND((F17-E17)*24,4),"")) | V17: =IF(A17="","",IF(AND(ISNUMBER(G17),ISNUMBER(H17),H17>=G17),ROUND((H17-G17)*24,4),IF(OR(G17<>"",H17<>""),"",IF(AND(ISNUMBER(I17),I17>=0),I17,"")))) | W17: =IF(A17="","",IF(AND(ISNUMBER(G17),ISNUMBER(H17),H17>=G17),"実績：基地発～基地着",IF(OR(G17<>"",H17<>""),"要確認：時刻不足・逆転",IF(AND(ISNUMBER(I17),I17>=0),"実績：記録の時間","未確認")))) | X17: =IF(A17="","",IF(ISNUMBER(B17),YEAR(B17)-IF(MONTH(B17)<4,1,0),"")) | Y17: =IF(A17="","",IF(OR(D17="",NOT(ISNUMBER(B17)),NOT(ISNUMBER(C17)),C17<B17,NOT(ISNUMBER(E17)),NOT(ISNUMBER(F17)),F17<E17,O17="",P17="",R17="未登録・重複"),"要確認：警戒区間・登録・根拠",IF(OR(W17="要確認：時刻不足・逆転",AND(ISNUMBER(G17),G17>E17),AND(ISNUMBER(H17),H17<F17),AND(ISNUMBER(I17),I17<0),AND(ISNUMBER(M17),M17<0)),"要確認：基地発着・交代人数",IF(COUNTIFS(LNGWatch[船名],A17,LNGWatch[入港日（同一航海）],B17,LNGWatch[曳船名],D17,LNGWatch[警戒開始日時],E17)>1,"要確認：同じ警戒が重複",IF(OR(NOT(ISNUMBER(V17)),P17="未確認"),"要確認：拘束時間・根拠未確認","確認済")))))
R18: =IF(D18="","",IF(COUNTIF(Tugs[曳船名],D18)<>1,"未登録・重複",IF(INDEX(Tugs[会社名],MATCH(D18,Tugs[曳船名],0))="","未確認",INDEX(Tugs[会社名],MATCH(D18,Tugs[曳船名],0))))) | S18: =IF(D18="","",IF(COUNTIF(Tugs[曳船名],D18)<>1,"未登録・重複",IF(INDEX(Tugs[基地港],MATCH(D18,Tugs[曳船名],0))="","未確認",INDEX(Tugs[基地港],MATCH(D18,Tugs[曳船名],0))))) | T18: =IF(A18="","",IF(AND(ISNUMBER(B18),ISNUMBER(C18),C18>=B18),INT(C18)-INT(B18),"")) | U18: =IF(A18="","",IF(AND(ISNUMBER(E18),ISNUMBER(F18),F18>=E18),ROUND((F18-E18)*24,4),"")) | V18: =IF(A18="","",IF(AND(ISNUMBER(G18),ISNUMBER(H18),H18>=G18),ROUND((H18-G18)*24,4),IF(OR(G18<>"",H18<>""),"",IF(AND(ISNUMBER(I18),I18>=0),I18,"")))) | W18: =IF(A18="","",IF(AND(ISNUMBER(G18),ISNUMBER(H18),H18>=G18),"実績：基地発～基地着",IF(OR(G18<>"",H18<>""),"要確認：時刻不足・逆転",IF(AND(ISNUMBER(I18),I18>=0),"実績：記録の時間","未確認")))) | X18: =IF(A18="","",IF(ISNUMBER(B18),YEAR(B18)-IF(MONTH(B18)<4,1,0),"")) | Y18: =IF(A18="","",IF(OR(D18="",NOT(ISNUMBER(B18)),NOT(ISNUMBER(C18)),C18<B18,NOT(ISNUMBER(E18)),NOT(ISNUMBER(F18)),F18<E18,O18="",P18="",R18="未登録・重複"),"要確認：警戒区間・登録・根拠",IF(OR(W18="要確認：時刻不足・逆転",AND(ISNUMBER(G18),G18>E18),AND(ISNUMBER(H18),H18<F18),AND(ISNUMBER(I18),I18<0),AND(ISNUMBER(M18),M18<0)),"要確認：基地発着・交代人数",IF(COUNTIFS(LNGWatch[船名],A18,LNGWatch[入港日（同一航海）],B18,LNGWatch[曳船名],D18,LNGWatch[警戒開始日時],E18)>1,"要確認：同じ警戒が重複",IF(OR(NOT(ISNUMBER(V18)),P18="未確認"),"要確認：拘束時間・根拠未確認","確認済")))))
R19: =IF(D19="","",IF(COUNTIF(Tugs[曳船名],D19)<>1,"未登録・重複",IF(INDEX(Tugs[会社名],MATCH(D19,Tugs[曳船名],0))="","未確認",INDEX(Tugs[会社名],MATCH(D19,Tugs[曳船名],0))))) | S19: =IF(D19="","",IF(COUNTIF(Tugs[曳船名],D19)<>1,"未登録・重複",IF(INDEX(Tugs[基地港],MATCH(D19,Tugs[曳船名],0))="","未確認",INDEX(Tugs[基地港],MATCH(D19,Tugs[曳船名],0))))) | T19: =IF(A19="","",IF(AND(ISNUMBER(B19),ISNUMBER(C19),C19>=B19),INT(C19)-INT(B19),"")) | U19: =IF(A19="","",IF(AND(ISNUMBER(E19),ISNUMBER(F19),F19>=E19),ROUND((F19-E19)*24,4),"")) | V19: =IF(A19="","",IF(AND(ISNUMBER(G19),ISNUMBER(H19),H19>=G19),ROUND((H19-G19)*24,4),IF(OR(G19<>"",H19<>""),"",IF(AND(ISNUMBER(I19),I19>=0),I19,"")))) | W19: =IF(A19="","",IF(AND(ISNUMBER(G19),ISNUMBER(H19),H19>=G19),"実績：基地発～基地着",IF(OR(G19<>"",H19<>""),"要確認：時刻不足・逆転",IF(AND(ISNUMBER(I19),I19>=0),"実績：記録の時間","未確認")))) | X19: =IF(A19="","",IF(ISNUMBER(B19),YEAR(B19)-IF(MONTH(B19)<4,1,0),"")) | Y19: =IF(A19="","",IF(OR(D19="",NOT(ISNUMBER(B19)),NOT(ISNUMBER(C19)),C19<B19,NOT(ISNUMBER(E19)),NOT(ISNUMBER(F19)),F19<E19,O19="",P19="",R19="未登録・重複"),"要確認：警戒区間・登録・根拠",IF(OR(W19="要確認：時刻不足・逆転",AND(ISNUMBER(G19),G19>E19),AND(ISNUMBER(H19),H19<F19),AND(ISNUMBER(I19),I19<0),AND(ISNUMBER(M19),M19<0)),"要確認：基地発着・交代人数",IF(COUNTIFS(LNGWatch[船名],A19,LNGWatch[入港日（同一航海）],B19,LNGWatch[曳船名],D19,LNGWatch[警戒開始日時],E19)>1,"要確認：同じ警戒が重複",IF(OR(NOT(ISNUMBER(V19)),P19="未確認"),"要確認：拘束時間・根拠未確認","確認済")))))
... R1007: =IF(D1007="","",IF(COUNTIF(Tugs[曳船名],D1007)<>1,"未登録・重複",IF(INDEX(Tugs[会社名],MATCH(D1007,Tugs[曳船名],0))="","未確認",INDEX(Tugs[会社名],MATCH(D1007,Tugs[曳船名],0))))) | S1007: =IF(D1007="","",IF(COUNTIF(Tugs[曳船名],D1007)<>1,"未登録・重複",IF(INDEX(Tugs[基地港],MATCH(D1007,Tugs[曳船名],0))="","未確認",INDEX(Tugs[基地港],MATCH(D1007,Tugs[曳船名],0))))) | T1007: =IF(A1007="","",IF(AND(ISNUMBER(B1007),ISNUMBER(C1007),C1007>=B1007),INT(C1007)-INT(B1007),"")) | U1007: =IF(A1007="","",IF(AND(ISNUMBER(E1007),ISNUMBER(F1007),F1007>=E1007),ROUND((F1007-E1007)*24,4),"")) | V1007: =IF(A1007="","",IF(AND(ISNUMBER(G1007),ISNUMBER(H1007),H1007>=G1007),ROUND((H1007-G1007)*24,4),IF(OR(G1007<>"",H1007<>""),"",IF(AND(ISNUMBER(I1007),I1007>=0),I1007,"")))) | W1007: =IF(A1007="","",IF(AND(ISNUMBER(G1007),ISNUMBER(H1007),H1007>=G1007),"実績：基地発～基地着",IF(OR(G1007<>"",H1007<>""),"要確認：時刻不足・逆転",IF(AND(ISNUMBER(I1007),I1007>=0),"実績：記録の時間","未確認")))) | X1007: =IF(A1007="","",IF(ISNUMBER(B1007),YEAR(B1007)-IF(MONTH(B1007)<4,1,0),"")) | Y1007: =IF(A1007="","",IF(OR(D1007="",NOT(ISNUMBER(B1007)),NOT(ISNUMBER(C1007)),C1007<B1007,NOT(ISNUMBER(E1007)),NOT(ISNUMBER(F1007)),F1007<E1007,O1007="",P1007="",R1007="未登録・重複"),"要確認：警戒区間・登録・根拠",IF(OR(W1007="要確認：時刻不足・逆転",AND(ISNUMBER(G1007),G1007>E1007),AND(ISNUMBER(H1007),H1007<F1007),AND(ISNUMBER(I1007),I1007<0),AND(ISNUMBER(M1007),M1007<0)),"要確認：基地発着・交代人数",IF(COUNTIFS(LNGWatch[船名],A1007,LNGWatch[入港日（同一航海）],B1007,LNGWatch[曳船名],D1007,LNGWatch[警戒開始日時],E1007)>1,"要確認：同じ警戒が重複",IF(OR(NOT(ISNUMBER(V1007)),P1007="未確認"),"要確認：拘束時間・根拠未確認","確認済")))))

Sheet 集計・確認
A2: 基礎データの集計・確認
A3: ここは自動集計。年度を入力（20社を超える会社はA28で選択）。数値は入力済みの範囲であり、未収集を0件とは判定しない。常駐3隻／4隻の判断は、収集後に予定・拘束・入渠・応援制約を合わせて検証する。
A5: 集計年度 | B5: 2025 | D5: 2025年度＝2025/4/1～2026/3/31。以後も年度を変えて継続。
A7: 会社名 | B7: 登録曳船数 | C7: 前日予定の延べ隻数（記録） | D7: 実際使用の延べ隻数（記録） | E7: 実績拘束h（記録） | F7: 所定見込みh（記録） | G7: 時間未確認の使用隻数（記録） | H7: 取消待機h（記録） | I7: 入渠日数（記録・年度内） | J7: LNG警戒h（記録・入港年度） | K7: 入力要確認行数 | L7: 記憶の使用隻数・注記
A8: =IF(INDEX(Companies[会社名],ROW()-7)="","",INDEX(Companies[会社名],ROW()-7)) -> 製鉄曳船 | B8: =IF(A8="","",COUNTIF(Tugs[会社名],A8)) -> 5 | C8: =IF(A8="","",SUMIFS(Work[前日割当隻数（自動）],Work[会社（自動）],A8,Work[記録区分],"記録",Work[予定年度（自動）],$B$5)) -> 0 | D8: =IF(A8="","",SUMIFS(Work[当日使用隻数（自動）],Work[会社（自動）],A8,Work[記録区分],"記録",Work[実施年度（自動）],$B$5)) -> 0 | E8: =IF(A8="","",SUMIFS(Work[拘束h（自動）],Work[会社（自動）],A8,Work[記録区分],"記録",Work[実施年度（自動）],$B$5,Work[当日使用隻数（自動）],1,Work[時間根拠（自動）],"実績：基地発～基地着")+SUMIFS(Work[拘束h（自動）],Work[会社（自動）],A8,Work[記録区分],"記録",Work[実施年度（自動）],$B$5,Work[当日使用隻数（自動）],1,Work[時間根拠（自動）],"実績：記録の時間")) -> 0 | F8: =IF(A8="","",SUMIFS(Work[拘束h（自動）],Work[会社（自動）],A8,Work[記録区分],"記録",Work[実施年度（自動）],$B$5,Work[当日使用隻数（自動）],1,Work[時間根拠（自動）],"所定時間による見込み")) -> 0 | G8: =IF(A8="","",COUNTIFS(Work[会社（自動）],A8,Work[記録区分],"記録",Work[実施年度（自動）],$B$5,Work[当日使用隻数（自動）],1,Work[時間根拠（自動）],"未確認")+COUNTIFS(Work[会社（自動）],A8,Work[記録区分],"記録",Work[実施年度（自動）],$B$5,Work[当日使用隻数（自動）],1,Work[時間根拠（自動）],"要確認：時刻不足・逆転")) -> 0 | H8: =IF(A8="","",SUMIFS(Work[待機h],Work[会社（自動）],A8,Work[記録区分],"記録",Work[予定年度（自動）],$B$5,Work[本船作業の最終結果],"取消")) -> 0 | I8: =IF(A8="","",SUMIFS(Docks[選択年度の日数（自動）],Docks[会社（自動）],A8,Docks[記録区分],"記録")) -> 0 | J8: =IF(A8="","",SUMIFS(LNGWatch[警戒h（自動）],LNGWatch[会社（自動）],A8,LNGWatch[年度（自動）],$B$5,LNGWatch[記録区分],"記録")) -> 0 | K8: =IF(A8="","",COUNTIFS(Work[会社（自動）],A8,Work[予定年度（自動）],$B$5,Work[入力確認（自動）],"要確認：船名未記入")+COUNTIFS(Work[会社（自動）],A8,Work[予定年度（自動）],$B$5,Work[入力確認（自動）],"要確認：基本項目不足")+COUNTIFS(Work[会社（自動）],A8,Work[予定年度（自動）],$B$5,Work[入力確認（自動）],"要確認：登録表を確認")+COUNTIFS(Work[会社（自動）],A8,Work[予定年度（自動）],$B$5,Work[入力確認（自動）],"要確認：前日の予定時刻不足")+COUNTIFS(Work[会社（自動）],A8,Work[予定年度（自動）],$B$5,Work[入力確認（自動）],"要確認：最終日時不足")+COUNTIFS(Work[会社（自動）],A8,Work[予定年度（自動）],$B$5,Work[入力確認（自動）],"要確認：取消と使用ありが矛盾")+COUNTIFS(Work[会社（自動）],A8,Work[予定年度（自動）],$B$5,Work[入力確認（自動）],"要確認：時間を確認")+COUNTIFS(Work[会社（自動）],A8,Work[予定年度（自動）],$B$5,Work[入力確認（自動）],"要確認：同じ作業・曳船が重複")+COUNTIFS(Work[会社（自動）],A8,Work[予定年度（自動）],$B$5,Work[入力確認（自動）],"要確認：拘束時間未確認")+COUNTIFS(Work[会社（自動）],A8,Work[予定年度（自動）],$B$5,Work[入力確認（自動）],"要確認：未確認を含む")) -> 0 | L8: =IF(A8="","","記憶の使用："&COUNTIFS(Work[会社（自動）],A8,Work[実施年度（自動）],$B$5,Work[当日使用隻数（自動）],1,Work[記録区分],"記憶")&"隻。登録数≠応援可能数") -> 記憶の使用：0隻。登録数≠応援可能数
A9: =IF(INDEX(Companies[会社名],ROW()-7)="","",INDEX(Companies[会社名],ROW()-7)) -> 西日本海運 | B9: =IF(A9="","",COUNTIF(Tugs[会社名],A9)) -> 2 | C9: =IF(A9="","",SUMIFS(Work[前日割当隻数（自動）],Work[会社（自動）],A9,Work[記録区分],"記録",Work[予定年度（自動）],$B$5)) -> 0 | D9: =IF(A9="","",SUMIFS(Work[当日使用隻数（自動）],Work[会社（自動）],A9,Work[記録区分],"記録",Work[実施年度（自動）],$B$5)) -> 0 | E9: =IF(A9="","",SUMIFS(Work[拘束h（自動）],Work[会社（自動）],A9,Work[記録区分],"記録",Work[実施年度（自動）],$B$5,Work[当日使用隻数（自動）],1,Work[時間根拠（自動）],"実績：基地発～基地着")+SUMIFS(Work[拘束h（自動）],Work[会社（自動）],A9,Work[記録区分],"記録",Work[実施年度（自動）],$B$5,Work[当日使用隻数（自動）],1,Work[時間根拠（自動）],"実績：記録の時間")) -> 0 | F9: =IF(A9="","",SUMIFS(Work[拘束h（自動）],Work[会社（自動）],A9,Work[記録区分],"記録",Work[実施年度（自動）],$B$5,Work[当日使用隻数（自動）],1,Work[時間根拠（自動）],"所定時間による見込み")) -> 0 | G9: =IF(A9="","",COUNTIFS(Work[会社（自動）],A9,Work[記録区分],"記録",Work[実施年度（自動）],$B$5,Work[当日使用隻数（自動）],1,Work[時間根拠（自動）],"未確認")+COUNTIFS(Work[会社（自動）],A9,Work[記録区分],"記録",Work[実施年度（自動）],$B$5,Work[当日使用隻数（自動）],1,Work[時間根拠（自動）],"要確認：時刻不足・逆転")) -> 0 | H9: =IF(A9="","",SUMIFS(Work[待機h],Work[会社（自動）],A9,Work[記録区分],"記録",Work[予定年度（自動）],$B$5,Work[本船作業の最終結果],"取消")) -> 0 | I9: =IF(A9="","",SUMIFS(Docks[選択年度の日数（自動）],Docks[会社（自動）],A9,Docks[記録区分],"記録")) -> 0 | J9: =IF(A9="","",SUMIFS(LNGWatch[警戒h（自動）],LNGWatch[会社（自動）],A9,LNGWatch[年度（自動）],$B$5,LNGWatch[記録区分],"記録")) -> 0 | K9: =IF(A9="","",COUNTIFS(Work[会社（自動）],A9,Work[予定年度（自動）],$B$5,Work[入力確認（自動）],"要確認：船名未記入")+COUNTIFS(Work[会社（自動）],A9,Work[予定年度（自動）],$B$5,Work[入力確認（自動）],"要確認：基本項目不足")+COUNTIFS(Work[会社（自動）],A9,Work[予定年度（自動）],$B$5,Work[入力確認（自動）],"要確認：登録表を確認")+COUNTIFS(Work[会社（自動）],A9,Work[予定年度（自動）],$B$5,Work[入力確認（自動）],"要確認：前日の予定時刻不足")+COUNTIFS(Work[会社（自動）],A9,Work[予定年度（自動）],$B$5,Work[入力確認（自動）],"要確認：最終日時不足")+COUNTIFS(Work[会社（自動）],A9,Work[予定年度（自動）],$B$5,Work[入力確認（自動）],"要確認：取消と使用ありが矛盾")+COUNTIFS(Work[会社（自動）],A9,Work[予定年度（自動）],$B$5,Work[入力確認（自動）],"要確認：時間を確認")+COUNTIFS(Work[会社（自動）],A9,Work[予定年度（自動）],$B$5,Work[入力確認（自動）],"要確認：同じ作業・曳船が重複")+COUNTIFS(Work[会社（自動）],A9,Work[予定年度（自動）],$B$5,Work[入力確認（自動）],"要確認：拘束時間未確認")+COUNTIFS(Work[会社（自動）],A9,Work[予定年度（自動）],$B$5,Work[入力確認（自動）],"要確認：未確認を含む")) -> 0 | L9: =IF(A9="","","記憶の使用："&COUNTIFS(Work[会社（自動）],A9,Work[実施年度（自動）],$B$5,Work[当日使用隻数（自動）],1,Work[記録区分],"記憶")&"隻。登録数≠応援可能数") -> 記憶の使用：0隻。登録数≠応援可能数
A10: =IF(INDEX(Companies[会社名],ROW()-7)="","",INDEX(Companies[会社名],ROW()-7)) -> 矢野海運 | B10: =IF(A10="","",COUNTIF(Tugs[会社名],A10)) -> 0 | C10: =IF(A10="","",SUMIFS(Work[前日割当隻数（自動）],Work[会社（自動）],A10,Work[記録区分],"記録",Work[予定年度（自動）],$B$5)) -> 0 | D10: =IF(A10="","",SUMIFS(Work[当日使用隻数（自動）],Work[会社（自動）],A10,Work[記録区分],"記録",Work[実施年度（自動）],$B$5)) -> 0 | E10: =IF(A10="","",SUMIFS(Work[拘束h（自動）],Work[会社（自動）],A10,Work[記録区分],"記録",Work[実施年度（自動）],$B$5,Work[当日使用隻数（自動）],1,Work[時間根拠（自動）],"実績：基地発～基地着")+SUMIFS(Work[拘束h（自動）],Work[会社（自動）],A10,Work[記録区分],"記録",Work[実施年度（自動）],$B$5,Work[当日使用隻数（自動）],1,Work[時間根拠（自動）],"実績：記録の時間")) -> 0 | F10: =IF(A10="","",SUMIFS(Work[拘束h（自動）],Work[会社（自動）],A10,Work[記録区分],"記録",Work[実施年度（自動）],$B$5,Work[当日使用隻数（自動）],1,Work[時間根拠（自動）],"所定時間による見込み")) -> 0 | G10: =IF(A10="","",COUNTIFS(Work[会社（自動）],A10,Work[記録区分],"記録",Work[実施年度（自動）],$B$5,Work[当日使用隻数（自動）],1,Work[時間根拠（自動）],"未確認")+COUNTIFS(Work[会社（自動）],A10,Work[記録区分],"記録",Work[実施年度（自動）],$B$5,Work[当日使用隻数（自動）],1,Work[時間根拠（自動）],"要確認：時刻不足・逆転")) -> 0 | H10: =IF(A10="","",SUMIFS(Work[待機h],Work[会社（自動）],A10,Work[記録区分],"記録",Work[予定年度（自動）],$B$5,Work[本船作業の最終結果],"取消")) -> 0 | I10: =IF(A10="","",SUMIFS(Docks[選択年度の日数（自動）],Docks[会社（自動）],A10,Docks[記録区分],"記録")) -> 0 | J10: =IF(A10="","",SUMIFS(LNGWatch[警戒h（自動）],LNGWatch[会社（自動）],A10,LNGWatch[年度（自動）],$B$5,LNGWatch[記録区分],"記録")) -> 0 | K10: =IF(A10="","",COUNTIFS(Work[会社（自動）],A10,Work[予定年度（自動）],$B$5,Work[入力確認（自動）],"要確認：船名未記入")+COUNTIFS(Work[会社（自動）],A10,Work[予定年度（自動）],$B$5,Work[入力確認（自動）],"要確認：基本項目不足")+COUNTIFS(Work[会社（自動）],A10,Work[予定年度（自動）],$B$5,Work[入力確認（自動）],"要確認：登録表を確認")+COUNTIFS(Work[会社（自動）],A10,Work[予定年度（自動）],$B$5,Work[入力確認（自動）],"要確認：前日の予定時刻不足")+COUNTIFS(Work[会社（自動）],A10,Work[予定年度（自動）],$B$5,Work[入力確認（自動）],"要確認：最終日時不足")+COUNTIFS(Work[会社（自動）],A10,Work[予定年度（自動）],$B$5,Work[入力確認（自動）],"要確認：取消と使用ありが矛盾")+COUNTIFS(Work[会社（自動）],A10,Work[予定年度（自動）],$B$5,Work[入力確認（自動）],"要確認：時間を確認")+COUNTIFS(Work[会社（自動）],A10,Work[予定年度（自動）],$B$5,Work[入力確認（自動）],"要確認：同じ作業・曳船が重複")+COUNTIFS(Work[会社（自動）],A10,Work[予定年度（自動）],$B$5,Work[入力確認（自動）],"要確認：拘束時間未確認")+COUNTIFS(Work[会社（自動）],A10,Work[予定年度（自動）],$B$5,Work[入力確認（自動）],"要確認：未確認を含む")) -> 0 | L10: =IF(A10="","","記憶の使用："&COUNTIFS(Work[会社（自動）],A10,Work[実施年度（自動）],$B$5,Work[当日使用隻数（自動）],1,Work[記録区分],"記憶")&"隻。登録数≠応援可能数") -> 記憶の使用：0隻。登録数≠応援可能数
A11: =IF(INDEX(Companies[会社名],ROW()-7)="","",INDEX(Companies[会社名],ROW()-7)) -> 洞海マリン | B11: =IF(A11="","",COUNTIF(Tugs[会社名],A11)) -> 0 | C11: =IF(A11="","",SUMIFS(Work[前日割当隻数（自動）],Work[会社（自動）],A11,Work[記録区分],"記録",Work[予定年度（自動）],$B$5)) -> 0 | D11: =IF(A11="","",SUMIFS(Work[当日使用隻数（自動）],Work[会社（自動）],A11,Work[記録区分],"記録",Work[実施年度（自動）],$B$5)) -> 0 | E11: =IF(A11="","",SUMIFS(Work[拘束h（自動）],Work[会社（自動）],A11,Work[記録区分],"記録",Work[実施年度（自動）],$B$5,Work[当日使用隻数（自動）],1,Work[時間根拠（自動）],"実績：基地発～基地着")+SUMIFS(Work[拘束h（自動）],Work[会社（自動）],A11,Work[記録区分],"記録",Work[実施年度（自動）],$B$5,Work[当日使用隻数（自動）],1,Work[時間根拠（自動）],"実績：記録の時間")) -> 0 | F11: =IF(A11="","",SUMIFS(Work[拘束h（自動）],Work[会社（自動）],A11,Work[記録区分],"記録",Work[実施年度（自動）],$B$5,Work[当日使用隻数（自動）],1,Work[時間根拠（自動）],"所定時間による見込み")) -> 0 | G11: =IF(A11="","",COUNTIFS(Work[会社（自動）],A11,Work[記録区分],"記録",Work[実施年度（自動）],$B$5,Work[当日使用隻数（自動）],1,Work[時間根拠（自動）],"未確認")+COUNTIFS(Work[会社（自動）],A11,Work[記録区分],"記録",Work[実施年度（自動）],$B$5,Work[当日使用隻数（自動）],1,Work[時間根拠（自動）],"要確認：時刻不足・逆転")) -> 0 | H11: =IF(A11="","",SUMIFS(Work[待機h],Work[会社（自動）],A11,Work[記録区分],"記録",Work[予定年度（自動）],$B$5,Work[本船作業の最終結果],"取消")) -> 0 | I11: =IF(A11="","",SUMIFS(Docks[選択年度の日数（自動）],Docks[会社（自動）],A11,Docks[記録区分],"記録")) -> 0 | J11: =IF(A11="","",SUMIFS(LNGWatch[警戒h（自動）],LNGWatch[会社（自動）],A11,LNGWatch[年度（自動）],$B$5,LNGWatch[記録区分],"記録")) -> 0 | K11: =IF(A11="","",COUNTIFS(Work[会社（自動）],A11,Work[予定年度（自動）],$B$5,Work[入力確認（自動）],"要確認：船名未記入")+COUNTIFS(Work[会社（自動）],A11,Work[予定年度（自動）],$B$5,Work[入力確認（自動）],"要確認：基本項目不足")+COUNTIFS(Work[会社（自動）],A11,Work[予定年度（自動）],$B$5,Work[入力確認（自動）],"要確認：登録表を確認")+COUNTIFS(Work[会社（自動）],A11,Work[予定年度（自動）],$B$5,Work[入力確認（自動）],"要確認：前日の予定時刻不足")+COUNTIFS(Work[会社（自動）],A11,Work[予定年度（自動）],$B$5,Work[入力確認（自動）],"要確認：最終日時不足")+COUNTIFS(Work[会社（自動）],A11,Work[予定年度（自動）],$B$5,Work[入力確認（自動）],"要確認：取消と使用ありが矛盾")+COUNTIFS(Work[会社（自動）],A11,Work[予定年度（自動）],$B$5,Work[入力確認（自動）],"要確認：時間を確認")+COUNTIFS(Work[会社（自動）],A11,Work[予定年度（自動）],$B$5,Work[入力確認（自動）],"要確認：同じ作業・曳船が重複")+COUNTIFS(Work[会社（自動）],A11,Work[予定年度（自動）],$B$5,Work[入力確認（自動）],"要確認：拘束時間未確認")+COUNTIFS(Work[会社（自動）],A11,Work[予定年度（自動）],$B$5,Work[入力確認（自動）],"要確認：未確認を含む")) -> 0 | L11: =IF(A11="","","記憶の使用："&COUNTIFS(Work[会社（自動）],A11,Work[実施年度（自動）],$B$5,Work[当日使用隻数（自動）],1,Work[記録区分],"記憶")&"隻。登録数≠応援可能数") -> 記憶の使用：0隻。登録数≠応援可能数
A12: =IF(INDEX(Companies[会社名],ROW()-7)="","",INDEX(Companies[会社名],ROW()-7)) -> グリーンシッピング | B12: =IF(A12="","",COUNTIF(Tugs[会社名],A12)) -> 2 | C12: =IF(A12="","",SUMIFS(Work[前日割当隻数（自動）],Work[会社（自動）],A12,Work[記録区分],"記録",Work[予定年度（自動）],$B$5)) -> 0 | D12: =IF(A12="","",SUMIFS(Work[当日使用隻数（自動）],Work[会社（自動）],A12,Work[記録区分],"記録",Work[実施年度（自動）],$B$5)) -> 0 | E12: =IF(A12="","",SUMIFS(Work[拘束h（自動）],Work[会社（自動）],A12,Work[記録区分],"記録",Work[実施年度（自動）],$B$5,Work[当日使用隻数（自動）],1,Work[時間根拠（自動）],"実績：基地発～基地着")+SUMIFS(Work[拘束h（自動）],Work[会社（自動）],A12,Work[記録区分],"記録",Work[実施年度（自動）],$B$5,Work[当日使用隻数（自動）],1,Work[時間根拠（自動）],"実績：記録の時間")) -> 0 | F12: =IF(A12="","",SUMIFS(Work[拘束h（自動）],Work[会社（自動）],A12,Work[記録区分],"記録",Work[実施年度（自動）],$B$5,Work[当日使用隻数（自動）],1,Work[時間根拠（自動）],"所定時間による見込み")) -> 0 | G12: =IF(A12="","",COUNTIFS(Work[会社（自動）],A12,Work[記録区分],"記録",Work[実施年度（自動）],$B$5,Work[当日使用隻数（自動）],1,Work[時間根拠（自動）],"未確認")+COUNTIFS(Work[会社（自動）],A12,Work[記録区分],"記録",Work[実施年度（自動）],$B$5,Work[当日使用隻数（自動）],1,Work[時間根拠（自動）],"要確認：時刻不足・逆転")) -> 0 | H12: =IF(A12="","",SUMIFS(Work[待機h],Work[会社（自動）],A12,Work[記録区分],"記録",Work[予定年度（自動）],$B$5,Work[本船作業の最終結果],"取消")) -> 0 | I12: =IF(A12="","",SUMIFS(Docks[選択年度の日数（自動）],Docks[会社（自動）],A12,Docks[記録区分],"記録")) -> 0 | J12: =IF(A12="","",SUMIFS(LNGWatch[警戒h（自動）],LNGWatch[会社（自動）],A12,LNGWatch[年度（自動）],$B$5,LNGWatch[記録区分],"記録")) -> 0 | K12: =IF(A12="","",COUNTIFS(Work[会社（自動）],A12,Work[予定年度（自動）],$B$5,Work[入力確認（自動）],"要確認：船名未記入")+COUNTIFS(Work[会社（自動）],A12,Work[予定年度（自動）],$B$5,Work[入力確認（自動）],"要確認：基本項目不足")+COUNTIFS(Work[会社（自動）],A12,Work[予定年度（自動）],$B$5,Work[入力確認（自動）],"要確認：登録表を確認")+COUNTIFS(Work[会社（自動）],A12,Work[予定年度（自動）],$B$5,Work[入力確認（自動）],"要確認：前日の予定時刻不足")+COUNTIFS(Work[会社（自動）],A12,Work[予定年度（自動）],$B$5,Work[入力確認（自動）],"要確認：最終日時不足")+COUNTIFS(Work[会社（自動）],A12,Work[予定年度（自動）],$B$5,Work[入力確認（自動）],"要確認：取消と使用ありが矛盾")+COUNTIFS(Work[会社（自動）],A12,Work[予定年度（自動）],$B$5,Work[入力確認（自動）],"要確認：時間を確認")+COUNTIFS(Work[会社（自動）],A12,Work[予定年度（自動）],$B$5,Work[入力確認（自動）],"要確認：同じ作業・曳船が重複")+COUNTIFS(Work[会社（自動）],A12,Work[予定年度（自動）],$B$5,Work[入力確認（自動）],"要確認：拘束時間未確認")+COUNTIFS(Work[会社（自動）],A12,Work[予定年度（自動）],$B$5,Work[入力確認（自動）],"要確認：未確認を含む")) -> 0 | L12: =IF(A12="","","記憶の使用："&COUNTIFS(Work[会社（自動）],A12,Work[実施年度（自動）],$B$5,Work[当日使用隻数（自動）],1,Work[記録区分],"記憶")&"隻。登録数≠応援可能数") -> 記憶の使用：0隻。登録数≠応援可能数
A13: =IF(INDEX(Companies[会社名],ROW()-7)="","",INDEX(Companies[会社名],ROW()-7)) -> シーゲートコーポレーション | B13: =IF(A13="","",COUNTIF(Tugs[会社名],A13)) -> 2 | C13: =IF(A13="","",SUMIFS(Work[前日割当隻数（自動）],Work[会社（自動）],A13,Work[記録区分],"記録",Work[予定年度（自動）],$B$5)) -> 0 | D13: =IF(A13="","",SUMIFS(Work[当日使用隻数（自動）],Work[会社（自動）],A13,Work[記録区分],"記録",Work[実施年度（自動）],$B$5)) -> 0 | E13: =IF(A13="","",SUMIFS(Work[拘束h（自動）],Work[会社（自動）],A13,Work[記録区分],"記録",Work[実施年度（自動）],$B$5,Work[当日使用隻数（自動）],1,Work[時間根拠（自動）],"実績：基地発～基地着")+SUMIFS(Work[拘束h（自動）],Work[会社（自動）],A13,Work[記録区分],"記録",Work[実施年度（自動）],$B$5,Work[当日使用隻数（自動）],1,Work[時間根拠（自動）],"実績：記録の時間")) -> 0 | F13: =IF(A13="","",SUMIFS(Work[拘束h（自動）],Work[会社（自動）],A13,Work[記録区分],"記録",Work[実施年度（自動）],$B$5,Work[当日使用隻数（自動）],1,Work[時間根拠（自動）],"所定時間による見込み")) -> 0 | G13: =IF(A13="","",COUNTIFS(Work[会社（自動）],A13,Work[記録区分],"記録",Work[実施年度（自動）],$B$5,Work[当日使用隻数（自動）],1,Work[時間根拠（自動）],"未確認")+COUNTIFS(Work[会社（自動）],A13,Work[記録区分],"記録",Work[実施年度（自動）],$B$5,Work[当日使用隻数（自動）],1,Work[時間根拠（自動）],"要確認：時刻不足・逆転")) -> 0 | H13: =IF(A13="","",SUMIFS(Work[待機h],Work[会社（自動）],A13,Work[記録区分],"記録",Work[予定年度（自動）],$B$5,Work[本船作業の最終結果],"取消")) -> 0 | I13: =IF(A13="","",SUMIFS(Docks[選択年度の日数（自動）],Docks[会社（自動）],A13,Docks[記録区分],"記録")) -> 0 | J13: =IF(A13="","",SUMIFS(LNGWatch[警戒h（自動）],LNGWatch[会社（自動）],A13,LNGWatch[年度（自動）],$B$5,LNGWatch[記録区分],"記録")) -> 0 | K13: =IF(A13="","",COUNTIFS(Work[会社（自動）],A13,Work[予定年度（自動）],$B$5,Work[入力確認（自動）],"要確認：船名未記入")+COUNTIFS(Work[会社（自動）],A13,Work[予定年度（自動）],$B$5,Work[入力確認（自動）],"要確認：基本項目不足")+COUNTIFS(Work[会社（自動）],A13,Work[予定年度（自動）],$B$5,Work[入力確認（自動）],"要確認：登録表を確認")+COUNTIFS(Work[会社（自動）],A13,Work[予定年度（自動）],$B$5,Work[入力確認（自動）],"要確認：前日の予定時刻不足")+COUNTIFS(Work[会社（自動）],A13,Work[予定年度（自動）],$B$5,Work[入力確認（自動）],"要確認：最終日時不足")+COUNTIFS(Work[会社（自動）],A13,Work[予定年度（自動）],$B$5,Work[入力確認（自動）],"要確認：取消と使用ありが矛盾")+COUNTIFS(Work[会社（自動）],A13,Work[予定年度（自動）],$B$5,Work[入力確認（自動）],"要確認：時間を確認")+COUNTIFS(Work[会社（自動）],A13,Work[予定年度（自動）],$B$5,Work[入力確認（自動）],"要確認：同じ作業・曳船が重複")+COUNTIFS(Work[会社（自動）],A13,Work[予定年度（自動）],$B$5,Work[入力確認（自動）],"要確認：拘束時間未確認")+COUNTIFS(Work[会社（自動）],A13,Work[予定年度（自動）],$B$5,Work[入力確認（自動）],"要確認：未確認を含む")) -> 0 | L13: =IF(A13="","","記憶の使用："&COUNTIFS(Work[会社（自動）],A13,Work[実施年度（自動）],$B$5,Work[当日使用隻数（自動）],1,Work[記録区分],"記憶")&"隻。登録数≠応援可能数") -> 記憶の使用：0隻。登録数≠応援可能数
A14: =IF(INDEX(Companies[会社名],ROW()-7)="","",INDEX(Companies[会社名],ROW()-7)) -> 日鉄物流 | B14: =IF(A14="","",COUNTIF(Tugs[会社名],A14)) -> 1 | C14: =IF(A14="","",SUMIFS(Work[前日割当隻数（自動）],Work[会社（自動）],A14,Work[記録区分],"記録",Work[予定年度（自動）],$B$5)) -> 0 | D14: =IF(A14="","",SUMIFS(Work[当日使用隻数（自動）],Work[会社（自動）],A14,Work[記録区分],"記録",Work[実施年度（自動）],$B$5)) -> 0 | E14: =IF(A14="","",SUMIFS(Work[拘束h（自動）],Work[会社（自動）],A14,Work[記録区分],"記録",Work[実施年度（自動）],$B$5,Work[当日使用隻数（自動）],1,Work[時間根拠（自動）],"実績：基地発～基地着")+SUMIFS(Work[拘束h（自動）],Work[会社（自動）],A14,Work[記録区分],"記録",Work[実施年度（自動）],$B$5,Work[当日使用隻数（自動）],1,Work[時間根拠（自動）],"実績：記録の時間")) -> 0 | F14: =IF(A14="","",SUMIFS(Work[拘束h（自動）],Work[会社（自動）],A14,Work[記録区分],"記録",Work[実施年度（自動）],$B$5,Work[当日使用隻数（自動）],1,Work[時間根拠（自動）],"所定時間による見込み")) -> 0 | G14: =IF(A14="","",COUNTIFS(Work[会社（自動）],A14,Work[記録区分],"記録",Work[実施年度（自動）],$B$5,Work[当日使用隻数（自動）],1,Work[時間根拠（自動）],"未確認")+COUNTIFS(Work[会社（自動）],A14,Work[記録区分],"記録",Work[実施年度（自動）],$B$5,Work[当日使用隻数（自動）],1,Work[時間根拠（自動）],"要確認：時刻不足・逆転")) -> 0 | H14: =IF(A14="","",SUMIFS(Work[待機h],Work[会社（自動）],A14,Work[記録区分],"記録",Work[予定年度（自動）],$B$5,Work[本船作業の最終結果],"取消")) -> 0 | I14: =IF(A14="","",SUMIFS(Docks[選択年度の日数（自動）],Docks[会社（自動）],A14,Docks[記録区分],"記録")) -> 0 | J14: =IF(A14="","",SUMIFS(LNGWatch[警戒h（自動）],LNGWatch[会社（自動）],A14,LNGWatch[年度（自動）],$B$5,LNGWatch[記録区分],"記録")) -> 0 | K14: =IF(A14="","",COUNTIFS(Work[会社（自動）],A14,Work[予定年度（自動）],$B$5,Work[入力確認（自動）],"要確認：船名未記入")+COUNTIFS(Work[会社（自動）],A14,Work[予定年度（自動）],$B$5,Work[入力確認（自動）],"要確認：基本項目不足")+COUNTIFS(Work[会社（自動）],A14,Work[予定年度（自動）],$B$5,Work[入力確認（自動）],"要確認：登録表を確認")+COUNTIFS(Work[会社（自動）],A14,Work[予定年度（自動）],$B$5,Work[入力確認（自動）],"要確認：前日の予定時刻不足")+COUNTIFS(Work[会社（自動）],A14,Work[予定年度（自動）],$B$5,Work[入力確認（自動）],"要確認：最終日時不足")+COUNTIFS(Work[会社（自動）],A14,Work[予定年度（自動）],$B$5,Work[入力確認（自動）],"要確認：取消と使用ありが矛盾")+COUNTIFS(Work[会社（自動）],A14,Work[予定年度（自動）],$B$5,Work[入力確認（自動）],"要確認：時間を確認")+COUNTIFS(Work[会社（自動）],A14,Work[予定年度（自動）],$B$5,Work[入力確認（自動）],"要確認：同じ作業・曳船が重複")+COUNTIFS(Work[会社（自動）],A14,Work[予定年度（自動）],$B$5,Work[入力確認（自動）],"要確認：拘束時間未確認")+COUNTIFS(Work[会社（自動）],A14,Work[予定年度（自動）],$B$5,Work[入力確認（自動）],"要確認：未確認を含む")) -> 0 | L14: =IF(A14="","","記憶の使用："&COUNTIFS(Work[会社（自動）],A14,Work[実施年度（自動）],$B$5,Work[当日使用隻数（自動）],1,Work[記録区分],"記憶")&"隻。登録数≠応援可能数") -> 記憶の使用：0隻。登録数≠応援可能数
A15: =IF(INDEX(Companies[会社名],ROW()-7)="","",INDEX(Companies[会社名],ROW()-7)) -> 春風海運 | B15: =IF(A15="","",COUNTIF(Tugs[会社名],A15)) -> 4 | C15: =IF(A15="","",SUMIFS(Work[前日割当隻数（自動）],Work[会社（自動）],A15,Work[記録区分],"記録",Work[予定年度（自動）],$B$5)) -> 0 | D15: =IF(A15="","",SUMIFS(Work[当日使用隻数（自動）],Work[会社（自動）],A15,Work[記録区分],"記録",Work[実施年度（自動）],$B$5)) -> 0 | E15: =IF(A15="","",SUMIFS(Work[拘束h（自動）],Work[会社（自動）],A15,Work[記録区分],"記録",Work[実施年度（自動）],$B$5,Work[当日使用隻数（自動）],1,Work[時間根拠（自動）],"実績：基地発～基地着")+SUMIFS(Work[拘束h（自動）],Work[会社（自動）],A15,Work[記録区分],"記録",Work[実施年度（自動）],$B$5,Work[当日使用隻数（自動）],1,Work[時間根拠（自動）],"実績：記録の時間")) -> 0 | F15: =IF(A15="","",SUMIFS(Work[拘束h（自動）],Work[会社（自動）],A15,Work[記録区分],"記録",Work[実施年度（自動）],$B$5,Work[当日使用隻数（自動）],1,Work[時間根拠（自動）],"所定時間による見込み")) -> 0 | G15: =IF(A15="","",COUNTIFS(Work[会社（自動）],A15,Work[記録区分],"記録",Work[実施年度（自動）],$B$5,Work[当日使用隻数（自動）],1,Work[時間根拠（自動）],"未確認")+COUNTIFS(Work[会社（自動）],A15,Work[記録区分],"記録",Work[実施年度（自動）],$B$5,Work[当日使用隻数（自動）],1,Work[時間根拠（自動）],"要確認：時刻不足・逆転")) -> 0 | H15: =IF(A15="","",SUMIFS(Work[待機h],Work[会社（自動）],A15,Work[記録区分],"記録",Work[予定年度（自動）],$B$5,Work[本船作業の最終結果],"取消")) -> 0 | I15: =IF(A15="","",SUMIFS(Docks[選択年度の日数（自動）],Docks[会社（自動）],A15,Docks[記録区分],"記録")) -> 0 | J15: =IF(A15="","",SUMIFS(LNGWatch[警戒h（自動）],LNGWatch[会社（自動）],A15,LNGWatch[年度（自動）],$B$5,LNGWatch[記録区分],"記録")) -> 0 | K15: =IF(A15="","",COUNTIFS(Work[会社（自動）],A15,Work[予定年度（自動）],$B$5,Work[入力確認（自動）],"要確認：船名未記入")+COUNTIFS(Work[会社（自動）],A15,Work[予定年度（自動）],$B$5,Work[入力確認（自動）],"要確認：基本項目不足")+COUNTIFS(Work[会社（自動）],A15,Work[予定年度（自動）],$B$5,Work[入力確認（自動）],"要確認：登録表を確認")+COUNTIFS(Work[会社（自動）],A15,Work[予定年度（自動）],$B$5,Work[入力確認（自動）],"要確認：前日の予定時刻不足")+COUNTIFS(Work[会社（自動）],A15,Work[予定年度（自動）],$B$5,Work[入力確認（自動）],"要確認：最終日時不足")+COUNTIFS(Work[会社（自動）],A15,Work[予定年度（自動）],$B$5,Work[入力確認（自動）],"要確認：取消と使用ありが矛盾")+COUNTIFS(Work[会社（自動）],A15,Work[予定年度（自動）],$B$5,Work[入力確認（自動）],"要確認：時間を確認")+COUNTIFS(Work[会社（自動）],A15,Work[予定年度（自動）],$B$5,Work[入力確認（自動）],"要確認：同じ作業・曳船が重複")+COUNTIFS(Work[会社（自動）],A15,Work[予定年度（自動）],$B$5,Work[入力確認（自動）],"要確認：拘束時間未確認")+COUNTIFS(Work[会社（自動）],A15,Work[予定年度（自動）],$B$5,Work[入力確認（自動）],"要確認：未確認を含む")) -> 0 | L15: =IF(A15="","","記憶の使用："&COUNTIFS(Work[会社（自動）],A15,Work[実施年度（自動）],$B$5,Work[当日使用隻数（自動）],1,Work[記録区分],"記憶")&"隻。登録数≠応援可能数") -> 記憶の使用：0隻。登録数≠応援可能数
A16: =IF(INDEX(Companies[会社名],ROW()-7)="","",INDEX(Companies[会社名],ROW()-7)) -> 福島海運 | B16: =IF(A16="","",COUNTIF(Tugs[会社名],A16)) -> 0 | C16: =IF(A16="","",SUMIFS(Work[前日割当隻数（自動）],Work[会社（自動）],A16,Work[記録区分],"記録",Work[予定年度（自動）],$B$5)) -> 0 | D16: =IF(A16="","",SUMIFS(Work[当日使用隻数（自動）],Work[会社（自動）],A16,Work[記録区分],"記録",Work[実施年度（自動）],$B$5)) -> 0 | E16: =IF(A16="","",SUMIFS(Work[拘束h（自動）],Work[会社（自動）],A16,Work[記録区分],"記録",Work[実施年度（自動）],$B$5,Work[当日使用隻数（自動）],1,Work[時間根拠（自動）],"実績：基地発～基地着")+SUMIFS(Work[拘束h（自動）],Work[会社（自動）],A16,Work[記録区分],"記録",Work[実施年度（自動）],$B$5,Work[当日使用隻数（自動）],1,Work[時間根拠（自動）],"実績：記録の時間")) -> 0 | F16: =IF(A16="","",SUMIFS(Work[拘束h（自動）],Work[会社（自動）],A16,Work[記録区分],"記録",Work[実施年度（自動）],$B$5,Work[当日使用隻数（自動）],1,Work[時間根拠（自動）],"所定時間による見込み")) -> 0 | G16: =IF(A16="","",COUNTIFS(Work[会社（自動）],A16,Work[記録区分],"記録",Work[実施年度（自動）],$B$5,Work[当日使用隻数（自動）],1,Work[時間根拠（自動）],"未確認")+COUNTIFS(Work[会社（自動）],A16,Work[記録区分],"記録",Work[実施年度（自動）],$B$5,Work[当日使用隻数（自動）],1,Work[時間根拠（自動）],"要確認：時刻不足・逆転")) -> 0 | H16: =IF(A16="","",SUMIFS(Work[待機h],Work[会社（自動）],A16,Work[記録区分],"記録",Work[予定年度（自動）],$B$5,Work[本船作業の最終結果],"取消")) -> 0 | I16: =IF(A16="","",SUMIFS(Docks[選択年度の日数（自動）],Docks[会社（自動）],A16,Docks[記録区分],"記録")) -> 0 | J16: =IF(A16="","",SUMIFS(LNGWatch[警戒h（自動）],LNGWatch[会社（自動）],A16,LNGWatch[年度（自動）],$B$5,LNGWatch[記録区分],"記録")) -> 0 | K16: =IF(A16="","",COUNTIFS(Work[会社（自動）],A16,Work[予定年度（自動）],$B$5,Work[入力確認（自動）],"要確認：船名未記入")+COUNTIFS(Work[会社（自動）],A16,Work[予定年度（自動）],$B$5,Work[入力確認（自動）],"要確認：基本項目不足")+COUNTIFS(Work[会社（自動）],A16,Work[予定年度（自動）],$B$5,Work[入力確認（自動）],"要確認：登録表を確認")+COUNTIFS(Work[会社（自動）],A16,Work[予定年度（自動）],$B$5,Work[入力確認（自動）],"要確認：前日の予定時刻不足")+COUNTIFS(Work[会社（自動）],A16,Work[予定年度（自動）],$B$5,Work[入力確認（自動）],"要確認：最終日時不足")+COUNTIFS(Work[会社（自動）],A16,Work[予定年度（自動）],$B$5,Work[入力確認（自動）],"要確認：取消と使用ありが矛盾")+COUNTIFS(Work[会社（自動）],A16,Work[予定年度（自動）],$B$5,Work[入力確認（自動）],"要確認：時間を確認")+COUNTIFS(Work[会社（自動）],A16,Work[予定年度（自動）],$B$5,Work[入力確認（自動）],"要確認：同じ作業・曳船が重複")+COUNTIFS(Work[会社（自動）],A16,Work[予定年度（自動）],$B$5,Work[入力確認（自動）],"要確認：拘束時間未確認")+COUNTIFS(Work[会社（自動）],A16,Work[予定年度（自動）],$B$5,Work[入力確認（自動）],"要確認：未確認を含む")) -> 0 | L16: =IF(A16="","","記憶の使用："&COUNTIFS(Work[会社（自動）],A16,Work[実施年度（自動）],$B$5,Work[当日使用隻数（自動）],1,Work[記録区分],"記憶")&"隻。登録数≠応援可能数") -> 記憶の使用：0隻。登録数≠応援可能数
A17: =IF(INDEX(Companies[会社名],ROW()-7)="","",INDEX(Companies[会社名],ROW()-7)) | B17: =IF(A17="","",COUNTIF(Tugs[会社名],A17)) | C17: =IF(A17="","",SUMIFS(Work[前日割当隻数（自動）],Work[会社（自動）],A17,Work[記録区分],"記録",Work[予定年度（自動）],$B$5)) | D17: =IF(A17="","",SUMIFS(Work[当日使用隻数（自動）],Work[会社（自動）],A17,Work[記録区分],"記録",Work[実施年度（自動）],$B$5)) | E17: =IF(A17="","",SUMIFS(Work[拘束h（自動）],Work[会社（自動）],A17,Work[記録区分],"記録",Work[実施年度（自動）],$B$5,Work[当日使用隻数（自動）],1,Work[時間根拠（自動）],"実績：基地発～基地着")+SUMIFS(Work[拘束h（自動）],Work[会社（自動）],A17,Work[記録区分],"記録",Work[実施年度（自動）],$B$5,Work[当日使用隻数（自動）],1,Work[時間根拠（自動）],"実績：記録の時間")) | F17: =IF(A17="","",SUMIFS(Work[拘束h（自動）],Work[会社（自動）],A17,Work[記録区分],"記録",Work[実施年度（自動）],$B$5,Work[当日使用隻数（自動）],1,Work[時間根拠（自動）],"所定時間による見込み")) | G17: =IF(A17="","",COUNTIFS(Work[会社（自動）],A17,Work[記録区分],"記録",Work[実施年度（自動）],$B$5,Work[当日使用隻数（自動）],1,Work[時間根拠（自動）],"未確認")+COUNTIFS(Work[会社（自動）],A17,Work[記録区分],"記録",Work[実施年度（自動）],$B$5,Work[当日使用隻数（自動）],1,Work[時間根拠（自動）],"要確認：時刻不足・逆転")) | H17: =IF(A17="","",SUMIFS(Work[待機h],Work[会社（自動）],A17,Work[記録区分],"記録",Work[予定年度（自動）],$B$5,Work[本船作業の最終結果],"取消")) | I17: =IF(A17="","",SUMIFS(Docks[選択年度の日数（自動）],Docks[会社（自動）],A17,Docks[記録区分],"記録")) | J17: =IF(A17="","",SUMIFS(LNGWatch[警戒h（自動）],LNGWatch[会社（自動）],A17,LNGWatch[年度（自動）],$B$5,LNGWatch[記録区分],"記録")) | K17: =IF(A17="","",COUNTIFS(Work[会社（自動）],A17,Work[予定年度（自動）],$B$5,Work[入力確認（自動）],"要確認：船名未記入")+COUNTIFS(Work[会社（自動）],A17,Work[予定年度（自動）],$B$5,Work[入力確認（自動）],"要確認：基本項目不足")+COUNTIFS(Work[会社（自動）],A17,Work[予定年度（自動）],$B$5,Work[入力確認（自動）],"要確認：登録表を確認")+COUNTIFS(Work[会社（自動）],A17,Work[予定年度（自動）],$B$5,Work[入力確認（自動）],"要確認：前日の予定時刻不足")+COUNTIFS(Work[会社（自動）],A17,Work[予定年度（自動）],$B$5,Work[入力確認（自動）],"要確認：最終日時不足")+COUNTIFS(Work[会社（自動）],A17,Work[予定年度（自動）],$B$5,Work[入力確認（自動）],"要確認：取消と使用ありが矛盾")+COUNTIFS(Work[会社（自動）],A17,Work[予定年度（自動）],$B$5,Work[入力確認（自動）],"要確認：時間を確認")+COUNTIFS(Work[会社（自動）],A17,Work[予定年度（自動）],$B$5,Work[入力確認（自動）],"要確認：同じ作業・曳船が重複")+COUNTIFS(Work[会社（自動）],A17,Work[予定年度（自動）],$B$5,Work[入力確認（自動）],"要確認：拘束時間未確認")+COUNTIFS(Work[会社（自動）],A17,Work[予定年度（自動）],$B$5,Work[入力確認（自動）],"要確認：未確認を含む")) | L17: =IF(A17="","","記憶の使用："&COUNTIFS(Work[会社（自動）],A17,Work[実施年度（自動）],$B$5,Work[当日使用隻数（自動）],1,Work[記録区分],"記憶")&"隻。登録数≠応援可能数")
A18: =IF(INDEX(Companies[会社名],ROW()-7)="","",INDEX(Companies[会社名],ROW()-7)) | B18: =IF(A18="","",COUNTIF(Tugs[会社名],A18)) | C18: =IF(A18="","",SUMIFS(Work[前日割当隻数（自動）],Work[会社（自動）],A18,Work[記録区分],"記録",Work[予定年度（自動）],$B$5)) | D18: =IF(A18="","",SUMIFS(Work[当日使用隻数（自動）],Work[会社（自動）],A18,Work[記録区分],"記録",Work[実施年度（自動）],$B$5)) | E18: =IF(A18="","",SUMIFS(Work[拘束h（自動）],Work[会社（自動）],A18,Work[記録区分],"記録",Work[実施年度（自動）],$B$5,Work[当日使用隻数（自動）],1,Work[時間根拠（自動）],"実績：基地発～基地着")+SUMIFS(Work[拘束h（自動）],Work[会社（自動）],A18,Work[記録区分],"記録",Work[実施年度（自動）],$B$5,Work[当日使用隻数（自動）],1,Work[時間根拠（自動）],"実績：記録の時間")) | F18: =IF(A18="","",SUMIFS(Work[拘束h（自動）],Work[会社（自動）],A18,Work[記録区分],"記録",Work[実施年度（自動）],$B$5,Work[当日使用隻数（自動）],1,Work[時間根拠（自動）],"所定時間による見込み")) | G18: =IF(A18="","",COUNTIFS(Work[会社（自動）],A18,Work[記録区分],"記録",Work[実施年度（自動）],$B$5,Work[当日使用隻数（自動）],1,Work[時間根拠（自動）],"未確認")+COUNTIFS(Work[会社（自動）],A18,Work[記録区分],"記録",Work[実施年度（自動）],$B$5,Work[当日使用隻数（自動）],1,Work[時間根拠（自動）],"要確認：時刻不足・逆転")) | H18: =IF(A18="","",SUMIFS(Work[待機h],Work[会社（自動）],A18,Work[記録区分],"記録",Work[予定年度（自動）],$B$5,Work[本船作業の最終結果],"取消")) | I18: =IF(A18="","",SUMIFS(Docks[選択年度の日数（自動）],Docks[会社（自動）],A18,Docks[記録区分],"記録")) | J18: =IF(A18="","",SUMIFS(LNGWatch[警戒h（自動）],LNGWatch[会社（自動）],A18,LNGWatch[年度（自動）],$B$5,LNGWatch[記録区分],"記録")) | K18: =IF(A18="","",COUNTIFS(Work[会社（自動）],A18,Work[予定年度（自動）],$B$5,Work[入力確認（自動）],"要確認：船名未記入")+COUNTIFS(Work[会社（自動）],A18,Work[予定年度（自動）],$B$5,Work[入力確認（自動）],"要確認：基本項目不足")+COUNTIFS(Work[会社（自動）],A18,Work[予定年度（自動）],$B$5,Work[入力確認（自動）],"要確認：登録表を確認")+COUNTIFS(Work[会社（自動）],A18,Work[予定年度（自動）],$B$5,Work[入力確認（自動）],"要確認：前日の予定時刻不足")+COUNTIFS(Work[会社（自動）],A18,Work[予定年度（自動）],$B$5,Work[入力確認（自動）],"要確認：最終日時不足")+COUNTIFS(Work[会社（自動）],A18,Work[予定年度（自動）],$B$5,Work[入力確認（自動）],"要確認：取消と使用ありが矛盾")+COUNTIFS(Work[会社（自動）],A18,Work[予定年度（自動）],$B$5,Work[入力確認（自動）],"要確認：時間を確認")+COUNTIFS(Work[会社（自動）],A18,Work[予定年度（自動）],$B$5,Work[入力確認（自動）],"要確認：同じ作業・曳船が重複")+COUNTIFS(Work[会社（自動）],A18,Work[予定年度（自動）],$B$5,Work[入力確認（自動）],"要確認：拘束時間未確認")+COUNTIFS(Work[会社（自動）],A18,Work[予定年度（自動）],$B$5,Work[入力確認（自動）],"要確認：未確認を含む")) | L18: =IF(A18="","","記憶の使用："&COUNTIFS(Work[会社（自動）],A18,Work[実施年度（自動）],$B$5,Work[当日使用隻数（自動）],1,Work[記録区分],"記憶")&"隻。登録数≠応援可能数")
A19: =IF(INDEX(Companies[会社名],ROW()-7)="","",INDEX(Companies[会社名],ROW()-7)) | B19: =IF(A19="","",COUNTIF(Tugs[会社名],A19)) | C19: =IF(A19="","",SUMIFS(Work[前日割当隻数（自動）],Work[会社（自動）],A19,Work[記録区分],"記録",Work[予定年度（自動）],$B$5)) | D19: =IF(A19="","",SUMIFS(Work[当日使用隻数（自動）],Work[会社（自動）],A19,Work[記録区分],"記録",Work[実施年度（自動）],$B$5)) | E19: =IF(A19="","",SUMIFS(Work[拘束h（自動）],Work[会社（自動）],A19,Work[記録区分],"記録",Work[実施年度（自動）],$B$5,Work[当日使用隻数（自動）],1,Work[時間根拠（自動）],"実績：基地発～基地着")+SUMIFS(Work[拘束h（自動）],Work[会社（自動）],A19,Work[記録区分],"記録",Work[実施年度（自動）],$B$5,Work[当日使用隻数（自動）],1,Work[時間根拠（自動）],"実績：記録の時間")) | F19: =IF(A19="","",SUMIFS(Work[拘束h（自動）],Work[会社（自動）],A19,Work[記録区分],"記録",Work[実施年度（自動）],$B$5,Work[当日使用隻数（自動）],1,Work[時間根拠（自動）],"所定時間による見込み")) | G19: =IF(A19="","",COUNTIFS(Work[会社（自動）],A19,Work[記録区分],"記録",Work[実施年度（自動）],$B$5,Work[当日使用隻数（自動）],1,Work[時間根拠（自動）],"未確認")+COUNTIFS(Work[会社（自動）],A19,Work[記録区分],"記録",Work[実施年度（自動）],$B$5,Work[当日使用隻数（自動）],1,Work[時間根拠（自動）],"要確認：時刻不足・逆転")) | H19: =IF(A19="","",SUMIFS(Work[待機h],Work[会社（自動）],A19,Work[記録区分],"記録",Work[予定年度（自動）],$B$5,Work[本船作業の最終結果],"取消")) | I19: =IF(A19="","",SUMIFS(Docks[選択年度の日数（自動）],Docks[会社（自動）],A19,Docks[記録区分],"記録")) | J19: =IF(A19="","",SUMIFS(LNGWatch[警戒h（自動）],LNGWatch[会社（自動）],A19,LNGWatch[年度（自動）],$B$5,LNGWatch[記録区分],"記録")) | K19: =IF(A19="","",COUNTIFS(Work[会社（自動）],A19,Work[予定年度（自動）],$B$5,Work[入力確認（自動）],"要確認：船名未記入")+COUNTIFS(Work[会社（自動）],A19,Work[予定年度（自動）],$B$5,Work[入力確認（自動）],"要確認：基本項目不足")+COUNTIFS(Work[会社（自動）],A19,Work[予定年度（自動）],$B$5,Work[入力確認（自動）],"要確認：登録表を確認")+COUNTIFS(Work[会社（自動）],A19,Work[予定年度（自動）],$B$5,Work[入力確認（自動）],"要確認：前日の予定時刻不足")+COUNTIFS(Work[会社（自動）],A19,Work[予定年度（自動）],$B$5,Work[入力確認（自動）],"要確認：最終日時不足")+COUNTIFS(Work[会社（自動）],A19,Work[予定年度（自動）],$B$5,Work[入力確認（自動）],"要確認：取消と使用ありが矛盾")+COUNTIFS(Work[会社（自動）],A19,Work[予定年度（自動）],$B$5,Work[入力確認（自動）],"要確認：時間を確認")+COUNTIFS(Work[会社（自動）],A19,Work[予定年度（自動）],$B$5,Work[入力確認（自動）],"要確認：同じ作業・曳船が重複")+COUNTIFS(Work[会社（自動）],A19,Work[予定年度（自動）],$B$5,Work[入力確認（自動）],"要確認：拘束時間未確認")+COUNTIFS(Work[会社（自動）],A19,Work[予定年度（自動）],$B$5,Work[入力確認（自動）],"要確認：未確認を含む")) | L19: =IF(A19="","","記憶の使用："&COUNTIFS(Work[会社（自動）],A19,Work[実施年度（自動）],$B$5,Work[当日使用隻数（自動）],1,Work[記録区分],"記憶")&"隻。登録数≠応援可能数")
... A27: =IF(INDEX(Companies[会社名],ROW()-7)="","",INDEX(Companies[会社名],ROW()-7)) | B27: =IF(A27="","",COUNTIF(Tugs[会社名],A27)) | C27: =IF(A27="","",SUMIFS(Work[前日割当隻数（自動）],Work[会社（自動）],A27,Work[記録区分],"記録",Work[予定年度（自動）],$B$5)) | D27: =IF(A27="","",SUMIFS(Work[当日使用隻数（自動）],Work[会社（自動）],A27,Work[記録区分],"記録",Work[実施年度（自動）],$B$5)) | E27: =IF(A27="","",SUMIFS(Work[拘束h（自動）],Work[会社（自動）],A27,Work[記録区分],"記録",Work[実施年度（自動）],$B$5,Work[当日使用隻数（自動）],1,Work[時間根拠（自動）],"実績：基地発～基地着")+SUMIFS(Work[拘束h（自動）],Work[会社（自動）],A27,Work[記録区分],"記録",Work[実施年度（自動）],$B$5,Work[当日使用隻数（自動）],1,Work[時間根拠（自動）],"実績：記録の時間")) | F27: =IF(A27="","",SUMIFS(Work[拘束h（自動）],Work[会社（自動）],A27,Work[記録区分],"記録",Work[実施年度（自動）],$B$5,Work[当日使用隻数（自動）],1,Work[時間根拠（自動）],"所定時間による見込み")) | G27: =IF(A27="","",COUNTIFS(Work[会社（自動）],A27,Work[記録区分],"記録",Work[実施年度（自動）],$B$5,Work[当日使用隻数（自動）],1,Work[時間根拠（自動）],"未確認")+COUNTIFS(Work[会社（自動）],A27,Work[記録区分],"記録",Work[実施年度（自動）],$B$5,Work[当日使用隻数（自動）],1,Work[時間根拠（自動）],"要確認：時刻不足・逆転")) | H27: =IF(A27="","",SUMIFS(Work[待機h],Work[会社（自動）],A27,Work[記録区分],"記録",Work[予定年度（自動）],$B$5,Work[本船作業の最終結果],"取消")) | I27: =IF(A27="","",SUMIFS(Docks[選択年度の日数（自動）],Docks[会社（自動）],A27,Docks[記録区分],"記録")) | J27: =IF(A27="","",SUMIFS(LNGWatch[警戒h（自動）],LNGWatch[会社（自動）],A27,LNGWatch[年度（自動）],$B$5,LNGWatch[記録区分],"記録")) | K27: =IF(A27="","",COUNTIFS(Work[会社（自動）],A27,Work[予定年度（自動）],$B$5,Work[入力確認（自動）],"要確認：船名未記入")+COUNTIFS(Work[会社（自動）],A27,Work[予定年度（自動）],$B$5,Work[入力確認（自動）],"要確認：基本項目不足")+COUNTIFS(Work[会社（自動）],A27,Work[予定年度（自動）],$B$5,Work[入力確認（自動）],"要確認：登録表を確認")+COUNTIFS(Work[会社（自動）],A27,Work[予定年度（自動）],$B$5,Work[入力確認（自動）],"要確認：前日の予定時刻不足")+COUNTIFS(Work[会社（自動）],A27,Work[予定年度（自動）],$B$5,Work[入力確認（自動）],"要確認：最終日時不足")+COUNTIFS(Work[会社（自動）],A27,Work[予定年度（自動）],$B$5,Work[入力確認（自動）],"要確認：取消と使用ありが矛盾")+COUNTIFS(Work[会社（自動）],A27,Work[予定年度（自動）],$B$5,Work[入力確認（自動）],"要確認：時間を確認")+COUNTIFS(Work[会社（自動）],A27,Work[予定年度（自動）],$B$5,Work[入力確認（自動）],"要確認：同じ作業・曳船が重複")+COUNTIFS(Work[会社（自動）],A27,Work[予定年度（自動）],$B$5,Work[入力確認（自動）],"要確認：拘束時間未確認")+COUNTIFS(Work[会社（自動）],A27,Work[予定年度（自動）],$B$5,Work[入力確認（自動）],"要確認：未確認を含む")) | L27: =IF(A27="","","記憶の使用："&COUNTIFS(Work[会社（自動）],A27,Work[実施年度（自動）],$B$5,Work[当日使用隻数（自動）],1,Work[記録区分],"記憶")&"隻。登録数≠応援可能数")
B28: =IF(A28="","",COUNTIF(Tugs[会社名],A28)) | C28: =IF(A28="","",SUMIFS(Work[前日割当隻数（自動）],Work[会社（自動）],A28,Work[記録区分],"記録",Work[予定年度（自動）],$B$5)) | D28: =IF(A28="","",SUMIFS(Work[当日使用隻数（自動）],Work[会社（自動）],A28,Work[記録区分],"記録",Work[実施年度（自動）],$B$5)) | E28: =IF(A28="","",SUMIFS(Work[拘束h（自動）],Work[会社（自動）],A28,Work[記録区分],"記録",Work[実施年度（自動）],$B$5,Work[当日使用隻数（自動）],1,Work[時間根拠（自動）],"実績：基地発～基地着")+SUMIFS(Work[拘束h（自動）],Work[会社（自動）],A28,Work[記録区分],"記録",Work[実施年度（自動）],$B$5,Work[当日使用隻数（自動）],1,Work[時間根拠（自動）],"実績：記録の時間")) | F28: =IF(A28="","",SUMIFS(Work[拘束h（自動）],Work[会社（自動）],A28,Work[記録区分],"記録",Work[実施年度（自動）],$B$5,Work[当日使用隻数（自動）],1,Work[時間根拠（自動）],"所定時間による見込み")) | G28: =IF(A28="","",COUNTIFS(Work[会社（自動）],A28,Work[記録区分],"記録",Work[実施年度（自動）],$B$5,Work[当日使用隻数（自動）],1,Work[時間根拠（自動）],"未確認")+COUNTIFS(Work[会社（自動）],A28,Work[記録区分],"記録",Work[実施年度（自動）],$B$5,Work[当日使用隻数（自動）],1,Work[時間根拠（自動）],"要確認：時刻不足・逆転")) | H28: =IF(A28="","",SUMIFS(Work[待機h],Work[会社（自動）],A28,Work[記録区分],"記録",Work[予定年度（自動）],$B$5,Work[本船作業の最終結果],"取消")) | I28: =IF(A28="","",SUMIFS(Docks[選択年度の日数（自動）],Docks[会社（自動）],A28,Docks[記録区分],"記録")) | J28: =IF(A28="","",SUMIFS(LNGWatch[警戒h（自動）],LNGWatch[会社（自動）],A28,LNGWatch[年度（自動）],$B$5,LNGWatch[記録区分],"記録")) | K28: =IF(A28="","",COUNTIFS(Work[会社（自動）],A28,Work[予定年度（自動）],$B$5,Work[入力確認（自動）],"要確認：船名未記入")+COUNTIFS(Work[会社（自動）],A28,Work[予定年度（自動）],$B$5,Work[入力確認（自動）],"要確認：基本項目不足")+COUNTIFS(Work[会社（自動）],A28,Work[予定年度（自動）],$B$5,Work[入力確認（自動）],"要確認：登録表を確認")+COUNTIFS(Work[会社（自動）],A28,Work[予定年度（自動）],$B$5,Work[入力確認（自動）],"要確認：前日の予定時刻不足")+COUNTIFS(Work[会社（自動）],A28,Work[予定年度（自動）],$B$5,Work[入力確認（自動）],"要確認：最終日時不足")+COUNTIFS(Work[会社（自動）],A28,Work[予定年度（自動）],$B$5,Work[入力確認（自動）],"要確認：取消と使用ありが矛盾")+COUNTIFS(Work[会社（自動）],A28,Work[予定年度（自動）],$B$5,Work[入力確認（自動）],"要確認：時間を確認")+COUNTIFS(Work[会社（自動）],A28,Work[予定年度（自動）],$B$5,Work[入力確認（自動）],"要確認：同じ作業・曳船が重複")+COUNTIFS(Work[会社（自動）],A28,Work[予定年度（自動）],$B$5,Work[入力確認（自動）],"要確認：拘束時間未確認")+COUNTIFS(Work[会社（自動）],A28,Work[予定年度（自動）],$B$5,Work[入力確認（自動）],"要確認：未確認を含む")) | L28: =IF(A28="","","記憶の使用："&COUNTIFS(Work[会社（自動）],A28,Work[実施年度（自動）],$B$5,Work[当日使用隻数（自動）],1,Work[記録区分],"記憶")&"隻。登録数≠応援可能数")
A29: 一覧は登録順の20社。さらに増えた会社は、オレンジのA28欄で選んで同じ集計を確認できます。
A30: 本船の予定・実施と安瀬の内訳 | H30: 欠けている記録を確認
A32: 前日予定の本船作業件数 | F32: =SUMIFS(Work[前日予定本船件数（自動）],Work[予定年度（自動）],$B$5) -> 0 | H32: 予定・実績 | L32: =COUNTIF(Work[入力確認（自動）],"要確認：船名未記入")+COUNTIF(Work[入力確認（自動）],"要確認：基本項目不足")+COUNTIF(Work[入力確認（自動）],"要確認：登録表を確認")+COUNTIF(Work[入力確認（自動）],"要確認：前日の予定時刻不足")+COUNTIF(Work[入力確認（自動）],"要確認：最終日時不足")+COUNTIF(Work[入力確認（自動）],"要確認：取消と使用ありが矛盾")+COUNTIF(Work[入力確認（自動）],"要確認：時間を確認")+COUNTIF(Work[入力確認（自動）],"要確認：同じ作業・曳船が重複")+COUNTIF(Work[入力確認（自動）],"要確認：拘束時間未確認")+COUNTIF(Work[入力確認（自動）],"要確認：未確認を含む") -> 0
A33: 実施した本船作業件数 | F33: =SUMIFS(Work[実施本船件数（自動）],Work[実施年度（自動）],$B$5) -> 0 | H33: 入渠 | L33: =COUNTIF(Docks[入力確認（自動）],"要確認：日付・登録・根拠を確認")+COUNTIF(Docks[入力確認（自動）],"要確認：同じ入渠が重複")+COUNTIF(Docks[入力確認（自動）],"要確認：未確認を含む") -> 0
A34: 前日割当があり本船が取消になった延べ隻数 | F34: =COUNTIFS(Work[予定年度（自動）],$B$5,Work[前日割当],"あり",Work[本船作業の最終結果],"取消") -> 0 | H34: 関豊丸・長豊丸の他港作業 | L34: =COUNTIF(OtherPorts[入力確認（自動）],"要確認：対象船・基本項目")+COUNTIF(OtherPorts[入力確認（自動）],"要確認：時刻・時間・料金")+COUNTIF(OtherPorts[入力確認（自動）],"要確認：同じ他港作業が重複")+COUNTIF(OtherPorts[入力確認（自動）],"要確認：時間・根拠未確認") -> 0
A35: 当日追加・割当替えによる使用の延べ隻数 | F35: =COUNTIFS(Work[実施年度（自動）],$B$5,Work[前日割当],"なし",Work[当日使用隻数（自動）],1) -> 0 | H35: 応援・時間調整 | L35: =COUNTIF(Support[入力確認（自動）],"要確認：基本項目不足")+COUNTIF(Support[入力確認（自動）],"要確認：依頼と回答の矛盾")+COUNTIF(Support[入力確認（自動）],"要確認：必要時間・隻数")+COUNTIF(Support[入力確認（自動）],"要確認：未確認を含む") -> 0
H36: 他社の配備・在港 | L36: =COUNTIF(Presence[入力確認（自動）],"要確認：会社・期間・所在・根拠")+COUNTIF(Presence[入力確認（自動）],"要確認：曳船未登録・重複")+COUNTIF(Presence[入力確認（自動）],"要確認：未確認を含む") -> 0
H37: LNG警戒・交代 | L37: =COUNTIF(LNGWatch[入力確認（自動）],"要確認：警戒区間・登録・根拠")+COUNTIF(LNGWatch[入力確認（自動）],"要確認：基地発着・交代人数")+COUNTIF(LNGWatch[入力確認（自動）],"要確認：同じ警戒が重複")+COUNTIF(LNGWatch[入力確認（自動）],"要確認：拘束時間・根拠未確認") -> 0
A38: 安瀬以外：製鉄曳船の作業 | F38: =SUMIFS(Work[当日使用隻数（自動）],Work[安瀬の作業],"安瀬以外",Work[記録区分],"記録",Work[実施年度（自動）],$B$5,Work[会社（自動）],"製鉄曳船") -> 0 | H38: 会社・曳船の登録 | L38: =COUNTIF(Tugs[入力確認（自動）],"要確認：船名重複")+COUNTIF(Tugs[入力確認（自動）],"要確認：会社未登録・重複")+COUNTIF(Tugs[入力確認（自動）],"要確認：基地港未登録")+COUNTIF(Companies[入力確認（自動）],"要確認：会社名重複")+COUNTIF(Companies[入力確認（自動）],"要確認：地区未登録") -> 5
A39: 安瀬：製鉄曳船の通常分担 | F39: =SUMIFS(Work[当日使用隻数（自動）],Work[安瀬の作業],"通常分担",Work[記録区分],"記録",Work[実施年度（自動）],$B$5,Work[会社（自動）],"製鉄曳船") -> 0 | H39: 所定時間の登録 | L39: =COUNTIF(Standards[入力確認（自動）],"要確認：照合項目不足")+COUNTIF(Standards[入力確認（自動）],"要確認：同じ組合せ重複")+COUNTIF(Standards[入力確認（自動）],"要確認：時間不足・負数")+COUNTIF(Standards[入力確認（自動）],"要確認：設定根拠未記入") -> 0
A40: 安瀬：若松の通常分担 | F40: =SUMIFS(Work[当日使用隻数（自動）],Work[安瀬の作業],"通常分担",Work[記録区分],"記録",Work[実施年度（自動）],$B$5,Work[地区（自動）],"若松") -> 0
A41: 安瀬：若松の不足分を製鉄曳船が補充 | F41: =SUMIFS(Work[当日使用隻数（自動）],Work[安瀬の作業],"不足分の補充",Work[記録区分],"記録",Work[実施年度（自動）],$B$5,Work[会社（自動）],"製鉄曳船") -> 0
A42: 安瀬：他社の応援で不足分を補充 | F42: =SUMIFS(Work[当日使用隻数（自動）],Work[安瀬の作業],"不足分の補充",Work[記録区分],"記録",Work[実施年度（自動）],$B$5,Work[会社（自動）],"<>製鉄曳船",Work[応援の有無],"あり") -> 0
A43: 安瀬以外：応援船を使用 | F43: =SUMIFS(Work[当日使用隻数（自動）],Work[安瀬の作業],"安瀬以外",Work[記録区分],"記録",Work[実施年度（自動）],$B$5,Work[応援の有無],"あり") -> 0
A46: 関豊丸・長豊丸の他港作業（回航込み）
A48: 曳船名 | B48: 件数 | C48: 回航込みh | D48: 時間未確認件数 | E48: 料金が判明した円 | F48: 料金未記入件数
A49: 関豊丸 | B49: =COUNTIFS(OtherPorts[曳船名],A49,OtherPorts[年度（自動）],$B$5) -> 0 | C49: =SUMIFS(OtherPorts[回航込み拘束h（自動）],OtherPorts[曳船名],A49,OtherPorts[年度（自動）],$B$5) -> 0 | D49: =COUNTIFS(OtherPorts[曳船名],A49,OtherPorts[年度（自動）],$B$5,OtherPorts[時間根拠（自動）],"未確認")+COUNTIFS(OtherPorts[曳船名],A49,OtherPorts[年度（自動）],$B$5,OtherPorts[時間根拠（自動）],"要確認：時刻不足・逆転") -> 0 | E49: =SUMIFS(OtherPorts[作業料金円],OtherPorts[曳船名],A49,OtherPorts[年度（自動）],$B$5) -> 0 | F49: =COUNTIFS(OtherPorts[曳船名],A49,OtherPorts[年度（自動）],$B$5,OtherPorts[料金未確認（自動）],1) -> 0
A50: 長豊丸 | B50: =COUNTIFS(OtherPorts[曳船名],A50,OtherPorts[年度（自動）],$B$5) -> 0 | C50: =SUMIFS(OtherPorts[回航込み拘束h（自動）],OtherPorts[曳船名],A50,OtherPorts[年度（自動）],$B$5) -> 0 | D50: =COUNTIFS(OtherPorts[曳船名],A50,OtherPorts[年度（自動）],$B$5,OtherPorts[時間根拠（自動）],"未確認")+COUNTIFS(OtherPorts[曳船名],A50,OtherPorts[年度（自動）],$B$5,OtherPorts[時間根拠（自動）],"要確認：時刻不足・逆転") -> 0 | E50: =SUMIFS(OtherPorts[作業料金円],OtherPorts[曳船名],A50,OtherPorts[年度（自動）],$B$5) -> 0 | F50: =COUNTIFS(OtherPorts[曳船名],A50,OtherPorts[年度（自動）],$B$5,OtherPorts[料金未確認（自動）],1) -> 0
A52: 会社別の実績・見込みは「記録」のみ。記憶の使用隻数は注記へ。予定・実施は各作業日の年度、LNG警戒hは入港年度で集計し、入渠は年度内期間を数える。取消待機と実施拘束は別集計。LNG警戒hと基地発着拘束hを重ねて足さない。

Sheet 7つの記入例
A2: 7つの記入例（全て架空・集計対象外）
A3: 入力の考え方を示す説明用です。実際の作業記録として使わず、下記の架空船名を本番の登録表へ入れないでください。
A6: ① 前日の予定が取消になった
A7: 入力先 | C7: 予定・実績
A8: 2025/4/10・7:00／架空鋼材船A／架空タグA
A9: 前日割当＝あり、当日使用＝なし、最終結果＝取消。前日の時刻は消さない。出勤・待機＝基地で待機、待機h＝1.5。
A11: 関連する前船・後船＝架空前船Bの出港遅延。変更理由＝荷役遅延。前日割当1、実施0、待機1.5hとして別々に確認。
A14: ② 入渠が年度をまたぐ
A15: 入力先 | C15: 入渠
A16: 架空タグA／2025/3/28開始／2025/4/4復帰
A17: 不稼働日数＝7日。2025年度に含むのは4/1・2・3の3日。復帰日4/4は不稼働に含めない。
A19: 開始年度だけで全7日を振り分けない。開始・復帰未確認の場合、0日にせず空欄と要確認を残す。
A22: ③ 関豊丸が他港の仕事に出た
A23: 入力先 | C23: 関豊丸・長豊丸の他港作業
A24: 2025/4/11／関豊丸／架空港／架空船C
A25: 門司発7:00、他港作業9:00～10:00、門司着12:00 → 回航込み拘束5h。料金は判明した額だけ（例250,000円）。
A27: この7:00～12:00は他港拘束として残す。同時間帯の構内応援に使えたと無条件に扱わない。料金不明は空欄。
A30: ④ 同じ会社から応援船が4隻
A31: 入力先 | C31: 曳船登録 → 予定・実績
A32: グリーンシッピング／例GS-A・例GS-B・例GS-C・例GS-D
A33: 登録表に4隻を4行で追加。同一の本船作業に使用した場合も4行。前日割当・当日使用は各船の事実を入力。
A35: 安瀬の不足補充なら「安瀬の作業＝不足分の補充」「応援の有無＝あり」。通常分担と区別します。4隻が常に応援可能とは扱いません。
A38: ⑤ 応援が得られず時間を調整
A39: 入力先 | C39: 応援・時間調整
A40: 2025/4/12／架空船D／不足1隻／架空照会先
A41: 依頼した＝依頼した、回答＝不可、理由＝当該船が他作業。調整内容＝8:00を10:00へ、水先人・代理店回答と最終結果を記入。
A43: 依頼していない場合は「依頼しなかった」「未依頼」。記憶だけの事例は記録区分＝記憶とし、記録ありと混ぜない。
A46: ⑥ 他社船の所在・条件を確認
A47: 入力先 | C47: 他社の配備・在港
A48: 例GS-A／2025/4/1～4/30／実際の所在＝架空出張先
A49: 期間・実際の所在・確認元を記録。条件付きの応援回答があったら、その回答内容と相手・確認日をそのまま記入。
A51: 保有船一覧に載っていても、在港して応援できたとは判定しない。料金が低いから応援不可という推測は実際の回答へ置き換えない。
A54: ⑦ LNGで警戒船を交換する
A55: 入力先 | C55: 予定・実績／LNG警戒・交代
A56: 架空LNG船E／2025/4/13入港～4/15出港（2泊）
A57: 警戒A：4/13 9:00～4/14 9:00、警戒B：4/14 9:00～4/15 9:00。各船1行。警戒hは24＋24＝48h。基地発着は各船の実績。
A59: 入港・出港・回頭・エスコートは予定・実績へ。回頭・送り兼務は1隻。交換したこと自体を新たな同時必要隻数に足さない。乗組員の交代・休息も別に記録。
A63: ④の登録例：同じ会社でも船ごとに増やす
A65: 曳船名 | B65: 会社名 | C65: 基地港 | D65: 確認元 | F65: 本番の登録表は船名を固定していません。4隻目、5隻目も追加でき、会社・地区・基地の照合と会社別集計へつながります。
A66: 例GS-A | B66: グリーンシッピング | C66: 架空基地 | D66: 説明用
A67: 例GS-B | B67: グリーンシッピング | C67: 架空基地 | D67: 説明用
A68: 例GS-C | B68: グリーンシッピング | C68: 架空基地 | D68: 説明用
A69: 例GS-D | B69: グリーンシッピング | C69: 架空基地 | D69: 説明用

Sheet 元資料控え
A2: 元資料控え（任意）
A3: 既存Excel・CSVは原表の列名・順番を変えず、A8以降に貼り付けて保存できます。PDF等はファイル名・日付を入力表の確認元へ記入し、原本を保管。ここは自動集計しません。
A6: 資料ごとに空行で区切り、直前の行に資料名・前日版／変更版・作成日を記載。複数資料の列を無理に統一しません。

Sheet 曳船登録
A2: 曳船登録：船名・会社名・基地港
A3: 入力するのは左の3項目です。1隻につき1行。同じ会社の船も船名ごとに追加できます。船名を各作業シートで選ぶと、会社名・基地港が表示されます。
A5: 船名：関門港常駐曳船要目表（2026年8月）・2026/10/3のご指示。関門各社の基地港は門司港。製鉄曳船5隻の基地港、若松・苅田の他社船名は未確認のため空欄です。
A7: 曳船名 | B7: 会社名 | C7: 基地港 | D7: 入力確認（自動）
A8: 八幡丸 | B8: 製鉄曳船 | D8: =IF(A8="","",IF(COUNTIF(Tugs[曳船名],A8)>1,"要確認：船名重複",IF(COUNTIF(Companies[会社名],B8)<>1,"要確認：会社未登録・重複",IF(C8="","要確認：基地港未登録","登録済")))) -> 要確認：基地港未登録
A9: 鐵豊丸 | B9: 製鉄曳船 | D9: =IF(A9="","",IF(COUNTIF(Tugs[曳船名],A9)>1,"要確認：船名重複",IF(COUNTIF(Companies[会社名],B9)<>1,"要確認：会社未登録・重複",IF(C9="","要確認：基地港未登録","登録済")))) -> 要確認：基地港未登録
A10: 新豊丸 | B10: 製鉄曳船 | D10: =IF(A10="","",IF(COUNTIF(Tugs[曳船名],A10)>1,"要確認：船名重複",IF(COUNTIF(Companies[会社名],B10)<>1,"要確認：会社未登録・重複",IF(C10="","要確認：基地港未登録","登録済")))) -> 要確認：基地港未登録
A11: 八豊丸 | B11: 製鉄曳船 | D11: =IF(A11="","",IF(COUNTIF(Tugs[曳船名],A11)>1,"要確認：船名重複",IF(COUNTIF(Companies[会社名],B11)<>1,"要確認：会社未登録・重複",IF(C11="","要確認：基地港未登録","登録済")))) -> 要確認：基地港未登録
A12: 松豊丸 | B12: 製鉄曳船 | D12: =IF(A12="","",IF(COUNTIF(Tugs[曳船名],A12)>1,"要確認：船名重複",IF(COUNTIF(Companies[会社名],B12)<>1,"要確認：会社未登録・重複",IF(C12="","要確認：基地港未登録","登録済")))) -> 要確認：基地港未登録
A13: 関豊丸 | B13: 西日本海運 | C13: 門司港 | D13: =IF(A13="","",IF(COUNTIF(Tugs[曳船名],A13)>1,"要確認：船名重複",IF(COUNTIF(Companies[会社名],B13)<>1,"要確認：会社未登録・重複",IF(C13="","要確認：基地港未登録","登録済")))) -> 登録済
A14: 長豊丸 | B14: 西日本海運 | C14: 門司港 | D14: =IF(A14="","",IF(COUNTIF(Tugs[曳船名],A14)>1,"要確認：船名重複",IF(COUNTIF(Companies[会社名],B14)<>1,"要確認：会社未登録・重複",IF(C14="","要確認：基地港未登録","登録済")))) -> 登録済
A15: かざし丸 | B15: シーゲートコーポレーション | C15: 門司港 | D15: =IF(A15="","",IF(COUNTIF(Tugs[曳船名],A15)>1,"要確認：船名重複",IF(COUNTIF(Companies[会社名],B15)<>1,"要確認：会社未登録・重複",IF(C15="","要確認：基地港未登録","登録済")))) -> 登録済
A16: 鷲羽丸 | B16: シーゲートコーポレーション | C16: 門司港 | D16: =IF(A16="","",IF(COUNTIF(Tugs[曳船名],A16)>1,"要確認：船名重複",IF(COUNTIF(Companies[会社名],B16)<>1,"要確認：会社未登録・重複",IF(C16="","要確認：基地港未登録","登録済")))) -> 登録済
A17: かいせい | B17: 日鉄物流 | C17: 門司港 | D17: =IF(A17="","",IF(COUNTIF(Tugs[曳船名],A17)>1,"要確認：船名重複",IF(COUNTIF(Companies[会社名],B17)<>1,"要確認：会社未登録・重複",IF(C17="","要確認：基地港未登録","登録済")))) -> 登録済
A18: むさし丸2 | B18: グリーンシッピング | C18: 門司港 | D18: =IF(A18="","",IF(COUNTIF(Tugs[曳船名],A18)>1,"要確認：船名重複",IF(COUNTIF(Companies[会社名],B18)<>1,"要確認：会社未登録・重複",IF(C18="","要確認：基地港未登録","登録済")))) -> 登録済
A19: かなで | B19: グリーンシッピング | C19: 門司港 | D19: =IF(A19="","",IF(COUNTIF(Tugs[曳船名],A19)>1,"要確認：船名重複",IF(COUNTIF(Companies[会社名],B19)<>1,"要確認：会社未登録・重複",IF(C19="","要確認：基地港未登録","登録済")))) -> 登録済
A20: 春風 | B20: 春風海運 | C20: 門司港 | D20: =IF(A20="","",IF(COUNTIF(Tugs[曳船名],A20)>1,"要確認：船名重複",IF(COUNTIF(Companies[会社名],B20)<>1,"要確認：会社未登録・重複",IF(C20="","要確認：基地港未登録","登録済")))) -> 登録済
A21: 栄春 | B21: 春風海運 | C21: 門司港 | D21: =IF(A21="","",IF(COUNTIF(Tugs[曳船名],A21)>1,"要確認：船名重複",IF(COUNTIF(Companies[会社名],B21)<>1,"要確認：会社未登録・重複",IF(C21="","要確認：基地港未登録","登録済")))) -> 登録済
A22: 双美 | B22: 春風海運 | C22: 門司港 | D22: =IF(A22="","",IF(COUNTIF(Tugs[曳船名],A22)>1,"要確認：船名重複",IF(COUNTIF(Companies[会社名],B22)<>1,"要確認：会社未登録・重複",IF(C22="","要確認：基地港未登録","登録済")))) -> 登録済
A23: 春幸 | B23: 春風海運 | C23: 門司港 | D23: =IF(A23="","",IF(COUNTIF(Tugs[曳船名],A23)>1,"要確認：船名重複",IF(COUNTIF(Companies[会社名],B23)<>1,"要確認：会社未登録・重複",IF(C23="","要確認：基地港未登録","登録済")))) -> 登録済
D24: =IF(A24="","",IF(COUNTIF(Tugs[曳船名],A24)>1,"要確認：船名重複",IF(COUNTIF(Companies[会社名],B24)<>1,"要確認：会社未登録・重複",IF(C24="","要確認：基地港未登録","登録済"))))
D25: =IF(A25="","",IF(COUNTIF(Tugs[曳船名],A25)>1,"要確認：船名重複",IF(COUNTIF(Companies[会社名],B25)<>1,"要確認：会社未登録・重複",IF(C25="","要確認：基地港未登録","登録済"))))
D26: =IF(A26="","",IF(COUNTIF(Tugs[曳船名],A26)>1,"要確認：船名重複",IF(COUNTIF(Companies[会社名],B26)<>1,"要確認：会社未登録・重複",IF(C26="","要確認：基地港未登録","登録済"))))
D27: =IF(A27="","",IF(COUNTIF(Tugs[曳船名],A27)>1,"要確認：船名重複",IF(COUNTIF(Companies[会社名],B27)<>1,"要確認：会社未登録・重複",IF(C27="","要確認：基地港未登録","登録済"))))
D28: =IF(A28="","",IF(COUNTIF(Tugs[曳船名],A28)>1,"要確認：船名重複",IF(COUNTIF(Companies[会社名],B28)<>1,"要確認：会社未登録・重複",IF(C28="","要確認：基地港未登録","登録済"))))
D29: =IF(A29="","",IF(COUNTIF(Tugs[曳船名],A29)>1,"要確認：船名重複",IF(COUNTIF(Companies[会社名],B29)<>1,"要確認：会社未登録・重複",IF(C29="","要確認：基地港未登録","登録済"))))
D30: =IF(A30="","",IF(COUNTIF(Tugs[曳船名],A30)>1,"要確認：船名重複",IF(COUNTIF(Companies[会社名],B30)<>1,"要確認：会社未登録・重複",IF(C30="","要確認：基地港未登録","登録済"))))
D31: =IF(A31="","",IF(COUNTIF(Tugs[曳船名],A31)>1,"要確認：船名重複",IF(COUNTIF(Companies[会社名],B31)<>1,"要確認：会社未登録・重複",IF(C31="","要確認：基地港未登録","登録済"))))
D32: =IF(A32="","",IF(COUNTIF(Tugs[曳船名],A32)>1,"要確認：船名重複",IF(COUNTIF(Companies[会社名],B32)<>1,"要確認：会社未登録・重複",IF(C32="","要確認：基地港未登録","登録済"))))
D33: =IF(A33="","",IF(COUNTIF(Tugs[曳船名],A33)>1,"要確認：船名重複",IF(COUNTIF(Companies[会社名],B33)<>1,"要確認：会社未登録・重複",IF(C33="","要確認：基地港未登録","登録済"))))
D34: =IF(A34="","",IF(COUNTIF(Tugs[曳船名],A34)>1,"要確認：船名重複",IF(COUNTIF(Companies[会社名],B34)<>1,"要確認：会社未登録・重複",IF(C34="","要確認：基地港未登録","登録済"))))
D35: =IF(A35="","",IF(COUNTIF(Tugs[曳船名],A35)>1,"要確認：船名重複",IF(COUNTIF(Companies[会社名],B35)<>1,"要確認：会社未登録・重複",IF(C35="","要確認：基地港未登録","登録済"))))
... D507: =IF(A507="","",IF(COUNTIF(Tugs[曳船名],A507)>1,"要確認：船名重複",IF(COUNTIF(Companies[会社名],B507)<>1,"要確認：会社未登録・重複",IF(C507="","要確認：基地港未登録","登録済"))))

Sheet 入力の選択肢
A2: 各入力シートの選択肢
A3: 通常のデータ入力では、このシートへの記入は不要です。選択肢を追加するときだけ空行に追加します。安瀬の作業と応援の有無は、「予定・実績」でそれぞれ別の欄に記入します。
A5: 「安瀬の作業」＝安瀬以外／通常分担／不足分の補充。「応援の有無」＝通常分担外の応援で使用したか。相手先・補充の理由は作業行の補足に記入してください。
A7: 入出・転 | B7: 荷種 | C7: 作業内容 | D7: 安瀬の作業 | E7: 応援の有無 | F7: 基地港 | G7: 他港作業の港
A8: 入港 | B8: 鋼材 | C8: 曳船作業 | D8: 安瀬以外 | E8: あり | F8: 戸畑
A9: 出港 | B9: LNG | C9: 回頭 | D9: 通常分担 | E9: なし | F9: 八幡
A10: 転 | B10: 原料 | C10: エスコート | D10: 不足分の補充 | E10: 未確認 | F10: 門司港
B11: スクラップ | C11: パイロット送り | D11: 未確認
C12: 回頭・パイロット送り兼務
C13: その他
